ISO-10303-21;
HEADER;
FILE_DESCRIPTION(('ViewDefinition[DesignTransferView]'),'2;1');
FILE_NAME('Jailani.ifc','2025-11-11T19:21:19+05:30',(''),(''),'IfcOpenShell 0.8.3-post1','Bonsai 0.8.3-post1','Nobody');
FILE_SCHEMA(('IFC4X3_ADD2'));
ENDSEC;
DATA;
#1=IFCPROJECT('1rEyq$MlvDVO9q4X_6O_vh',$,'My Project',$,$,$,$,(#14,#26),#9);
#2=IFCSIUNIT(*,.LENGTHUNIT.,$,.METRE.);
#3=IFCSIUNIT(*,.AREAUNIT.,$,.SQUARE_METRE.);
#4=IFCSIUNIT(*,.VOLUMEUNIT.,$,.CUBIC_METRE.);
#5=IFCDIMENSIONALEXPONENTS(0,0,0,0,0,0,0);
#6=IFCSIUNIT(*,.PLANEANGLEUNIT.,$,.RADIAN.);
#7=IFCMEASUREWITHUNIT(IFCREAL(0.0174532925199433),#6);
#8=IFCCONVERSIONBASEDUNIT(#5,.PLANEANGLEUNIT.,'degree',#7);
#9=IFCUNITASSIGNMENT((#4,#2,#8,#3));
#10=IFCCARTESIANPOINT((0.,0.,0.));
#11=IFCDIRECTION((0.,0.,1.));
#12=IFCDIRECTION((1.,0.,0.));
#13=IFCAXIS2PLACEMENT3D(#10,#11,#12);
#14=IFCGEOMETRICREPRESENTATIONCONTEXT($,'Model',3,1.E-05,#13,$);
#15=IFCGEOMETRICREPRESENTATIONSUBCONTEXT('Body','Model',*,*,*,*,#14,$,.MODEL_VIEW.,$);
#16=IFCGEOMETRICREPRESENTATIONSUBCONTEXT('Axis','Model',*,*,*,*,#14,$,.GRAPH_VIEW.,$);
#17=IFCGEOMETRICREPRESENTATIONSUBCONTEXT('Box','Model',*,*,*,*,#14,$,.MODEL_VIEW.,$);
#18=IFCGEOMETRICREPRESENTATIONSUBCONTEXT('Annotation','Model',*,*,*,*,#14,$,.SECTION_VIEW.,$);
#19=IFCGEOMETRICREPRESENTATIONSUBCONTEXT('Annotation','Model',*,*,*,*,#14,$,.ELEVATION_VIEW.,$);
#20=IFCGEOMETRICREPRESENTATIONSUBCONTEXT('Annotation','Model',*,*,*,*,#14,$,.MODEL_VIEW.,$);
#21=IFCGEOMETRICREPRESENTATIONSUBCONTEXT('Annotation','Model',*,*,*,*,#14,$,.PLAN_VIEW.,$);
#22=IFCGEOMETRICREPRESENTATIONSUBCONTEXT('Profile','Model',*,*,*,*,#14,$,.ELEVATION_VIEW.,$);
#23=IFCCARTESIANPOINT((0.,0.));
#24=IFCDIRECTION((1.,0.));
#25=IFCAXIS2PLACEMENT2D(#23,#24);
#26=IFCGEOMETRICREPRESENTATIONCONTEXT($,'Plan',2,1.E-05,#25,$);
#27=IFCGEOMETRICREPRESENTATIONSUBCONTEXT('Axis','Plan',*,*,*,*,#26,$,.GRAPH_VIEW.,$);
#28=IFCGEOMETRICREPRESENTATIONSUBCONTEXT('Body','Plan',*,*,*,*,#26,$,.PLAN_VIEW.,$);
#29=IFCGEOMETRICREPRESENTATIONSUBCONTEXT('Annotation','Plan',*,*,*,*,#26,$,.PLAN_VIEW.,$);
#30=IFCGEOMETRICREPRESENTATIONSUBCONTEXT('Annotation','Plan',*,*,*,*,#26,$,.REFLECTED_PLAN_VIEW.,$);
#31=IFCSITE('2ymv4STDrDCBgdvlSnG91s',$,'My Site',$,$,#54,$,$,$,$,$,$,$,$);
#37=IFCBUILDING('0WCwdFWaT3fvN6dYFJV0G3',$,'My Building',$,$,#60,$,$,$,$,$,$);
#43=IFCBUILDINGSTOREY('3glIUxBxj019WI9WL2_LBp',$,'Road Level',$,$,#66,$,$,$,$);
#49=IFCRELAGGREGATES('1dlALHp9X9jO6I7cN646gI',$,$,$,#1,(#31));
#50=IFCCARTESIANPOINT((0.,0.,0.));
#51=IFCDIRECTION((0.,0.,1.));
#52=IFCDIRECTION((1.,0.,0.));
#53=IFCAXIS2PLACEMENT3D(#50,#51,#52);
#54=IFCLOCALPLACEMENT($,#53);
#55=IFCRELAGGREGATES('2uQPqas2LBQRnCQfhrMuv0',$,$,$,#31,(#37));
#56=IFCCARTESIANPOINT((0.,0.,0.));
#57=IFCDIRECTION((0.,0.,1.));
#58=IFCDIRECTION((1.,0.,0.));
#59=IFCAXIS2PLACEMENT3D(#56,#57,#58);
#60=IFCLOCALPLACEMENT(#54,#59);
#61=IFCRELAGGREGATES('2embFqkzj5SBw7cqtvcJA4',$,$,$,#37,(#43,#9684,#2091));
#62=IFCCARTESIANPOINT((0.,0.,0.));
#63=IFCDIRECTION((0.,0.,1.));
#64=IFCDIRECTION((1.,0.,0.));
#65=IFCAXIS2PLACEMENT3D(#62,#63,#64);
#66=IFCLOCALPLACEMENT(#60,#65);
#67=IFCPROPERTYSINGLEVALUE('Symbol',$,IFCLABEL('setout-point'),$);
#68=IFCPROPERTYSET('27lmSbeAXC08EWkEq8XdUG',$,'EPset_Annotation',$,(#67));
#69=IFCTYPEPRODUCT('0UrP0fLdD5OwzwD41aRKao',$,'SETOUT-POINT',$,'IfcAnnotation/SYMBOL',(#68),$,$);
#70=IFCPROPERTYSINGLEVALUE('Symbol',$,IFCLABEL('control-point'),$);
#71=IFCPROPERTYSET('23aN9DsdjFcfWq8KGSIVoN',$,'EPset_Annotation',$,(#70));
#72=IFCTYPEPRODUCT('3IQrQOSFP0WfkuLk0ak7_0',$,'CONTROL-POINT',$,'IfcAnnotation/SYMBOL',(#71),$,$);
#73=IFCPROPERTYSINGLEVALUE('Symbol',$,IFCLABEL('traverse-point'),$);
#74=IFCPROPERTYSET('1j7aFM1Rb9BRuKgUEn1U10',$,'EPset_Annotation',$,(#73));
#75=IFCTYPEPRODUCT('3wvbaiaIz8agQgDRzt01vz',$,'TRAVERSE-POINT',$,'IfcAnnotation/SYMBOL',(#74),$,$);
#76=IFCPROPERTYSINGLEVALUE('Classes',$,IFCLABEL('dashed'),$);
#77=IFCPROPERTYSET('27smSHyiv39vhBRSwfDVCD',$,'EPset_Annotation',$,(#76));
#78=IFCTYPEPRODUCT('0p5ZTfTnX9ZOywroa7Ffql',$,'DASHED',$,'IfcAnnotation/LINEWORK',(#77),$,$);
#79=IFCPROPERTYSINGLEVALUE('Classes',$,IFCLABEL('fine'),$);
#80=IFCPROPERTYSET('0gVTuDcZ5ByRdR3sZnEZUR',$,'EPset_Annotation',$,(#79));
#81=IFCTYPEPRODUCT('2EvrG9Vuf6t9etgMeWFuJ2',$,'FINE',$,'IfcAnnotation/LINEWORK',(#80),$,$);
#82=IFCPROPERTYSINGLEVALUE('Classes',$,IFCLABEL('thin'),$);
#83=IFCPROPERTYSET('0t6c$uCeT9092GYkbm8hDS',$,'EPset_Annotation',$,(#82));
#84=IFCTYPEPRODUCT('0IeM1ywXn1qhR_6NhB6N4s',$,'THIN',$,'IfcAnnotation/LINEWORK',(#83),$,$);
#85=IFCPROPERTYSINGLEVALUE('Classes',$,IFCLABEL('medium'),$);
#86=IFCPROPERTYSET('2uTJ11lF98GeN8pPIf340N',$,'EPset_Annotation',$,(#85));
#87=IFCTYPEPRODUCT('1jZVbCwrTCGhZdKbH4uqTP',$,'MEDIUM',$,'IfcAnnotation/LINEWORK',(#86),$,$);
#88=IFCPROPERTYSINGLEVALUE('Classes',$,IFCLABEL('thick'),$);
#89=IFCPROPERTYSET('2XQxgO16v9vxjvuIJpaPpG',$,'EPset_Annotation',$,(#88));
#90=IFCTYPEPRODUCT('38zW9E1uH2ae$zat9KrieS',$,'THICK',$,'IfcAnnotation/LINEWORK',(#89),$,$);
#91=IFCPROPERTYSINGLEVALUE('Classes',$,IFCLABEL('strong'),$);
#92=IFCPROPERTYSET('0TcB8Gal96vebTrLWa5CEw',$,'EPset_Annotation',$,(#91));
#93=IFCTYPEPRODUCT('3G2s7ZLzfDJh5J$2iIzHw9',$,'STRONG',$,'IfcAnnotation/LINEWORK',(#92),$,$);
#94=IFCPROPERTYSINGLEVALUE('Symbol',$,IFCLABEL('setout-tag'),$);
#95=IFCPROPERTYSET('39$oNFI052cBhtpZCVVLfj',$,'EPset_Annotation',$,(#94));
#96=IFCCARTESIANPOINT((0.,0.,0.));
#97=IFCDIRECTION((0.,0.,1.));
#98=IFCDIRECTION((1.,0.,0.));
#99=IFCAXIS2PLACEMENT3D(#96,#97,#98);
#105=IFCCARTESIANPOINT((0.,0.,0.));
#106=IFCDIRECTION((0.,0.,1.));
#107=IFCDIRECTION((1.,0.,0.));
#108=IFCAXIS2PLACEMENT3D(#105,#106,#107);
#109=IFCPLANAREXTENT(1000.,1000.);
#110=IFCTEXTLITERALWITHEXTENT('E ``round({{easting}}, 0.001)``',#108,.RIGHT.,#109,'center');
#111=IFCCARTESIANPOINT((0.,0.,0.));
#112=IFCDIRECTION((0.,0.,1.));
#113=IFCDIRECTION((1.,0.,0.));
#114=IFCAXIS2PLACEMENT3D(#111,#112,#113);
#115=IFCPLANAREXTENT(1000.,1000.);
#116=IFCTEXTLITERALWITHEXTENT('N ``round({{northing}}, 0.001)``',#114,.RIGHT.,#115,'center');
#117=IFCSHAPEREPRESENTATION(#20,'Annotation','Annotation2D',(#110,#116));
#118=IFCREPRESENTATIONMAP(#99,#117);
#119=IFCTYPEPRODUCT('3pq2B$0k52ZOv2bFuRYkxO',$,'SETOUT-TAG',$,'IfcAnnotation/TEXT',(#95),(#118),$);
#120=IFCPROPERTYSINGLEVALUE('Symbol',$,IFCLABEL('door-tag'),$);
#121=IFCPROPERTYSET('3xUNoLKPT9kB4LMdoctm5k',$,'EPset_Annotation',$,(#120));
#122=IFCCARTESIANPOINT((0.,0.,0.));
#123=IFCDIRECTION((0.,0.,1.));
#124=IFCDIRECTION((1.,0.,0.));
#125=IFCAXIS2PLACEMENT3D(#122,#123,#124);
#131=IFCCARTESIANPOINT((0.,0.,0.));
#132=IFCDIRECTION((0.,0.,1.));
#133=IFCDIRECTION((1.,0.,0.));
#134=IFCAXIS2PLACEMENT3D(#131,#132,#133);
#135=IFCPLANAREXTENT(1000.,1000.);
#136=IFCTEXTLITERALWITHEXTENT('{{type.Name}}',#134,.RIGHT.,#135,'center');
#137=IFCCARTESIANPOINT((0.,0.,0.));
#138=IFCDIRECTION((0.,0.,1.));
#139=IFCDIRECTION((1.,0.,0.));
#140=IFCAXIS2PLACEMENT3D(#137,#138,#139);
#141=IFCPLANAREXTENT(1000.,1000.);
#142=IFCTEXTLITERALWITHEXTENT('{{Name}}',#140,.RIGHT.,#141,'center');
#143=IFCSHAPEREPRESENTATION(#20,'Annotation','Annotation2D',(#136,#142));
#144=IFCREPRESENTATIONMAP(#125,#143);
#145=IFCTYPEPRODUCT('11M3ahhrr9NBdB29YEazzw',$,'DOOR-TAG',$,'IfcAnnotation/TEXT',(#121),(#144),$);
#146=IFCPROPERTYSINGLEVALUE('Symbol',$,IFCLABEL('window-tag'),$);
#147=IFCPROPERTYSET('2MqzSGkXDBcPSolaAQvYO4',$,'EPset_Annotation',$,(#146));
#148=IFCCARTESIANPOINT((0.,0.,0.));
#149=IFCDIRECTION((0.,0.,1.));
#150=IFCDIRECTION((1.,0.,0.));
#151=IFCAXIS2PLACEMENT3D(#148,#149,#150);
#157=IFCCARTESIANPOINT((0.,0.,0.));
#158=IFCDIRECTION((0.,0.,1.));
#159=IFCDIRECTION((1.,0.,0.));
#160=IFCAXIS2PLACEMENT3D(#157,#158,#159);
#161=IFCPLANAREXTENT(1000.,1000.);
#162=IFCTEXTLITERALWITHEXTENT('{{Name}}',#160,.RIGHT.,#161,'center');
#163=IFCSHAPEREPRESENTATION(#20,'Annotation','Annotation2D',(#162));
#164=IFCREPRESENTATIONMAP(#151,#163);
#165=IFCTYPEPRODUCT('1eE8Y$BVDFDgG8Fj6d9wiV',$,'WINDOW-TAG',$,'IfcAnnotation/TEXT',(#147),(#164),$);
#166=IFCPROPERTYSINGLEVALUE('Symbol',$,IFCLABEL('space-tag'),$);
#167=IFCPROPERTYSET('2zKuFdTPj3DhNdQ0U2kd5u',$,'EPset_Annotation',$,(#166));
#168=IFCCARTESIANPOINT((0.,0.,0.));
#169=IFCDIRECTION((0.,0.,1.));
#170=IFCDIRECTION((1.,0.,0.));
#171=IFCAXIS2PLACEMENT3D(#168,#169,#170);
#177=IFCCARTESIANPOINT((0.,0.,0.));
#178=IFCDIRECTION((0.,0.,1.));
#179=IFCDIRECTION((1.,0.,0.));
#180=IFCAXIS2PLACEMENT3D(#177,#178,#179);
#181=IFCPLANAREXTENT(1000.,1000.);
#182=IFCTEXTLITERALWITHEXTENT('{{Name}}',#180,.RIGHT.,#181,'center');
#183=IFCCARTESIANPOINT((0.,0.,0.));
#184=IFCDIRECTION((0.,0.,1.));
#185=IFCDIRECTION((1.,0.,0.));
#186=IFCAXIS2PLACEMENT3D(#183,#184,#185);
#187=IFCPLANAREXTENT(1000.,1000.);
#188=IFCTEXTLITERALWITHEXTENT('{{Description}}',#186,.RIGHT.,#187,'center');
#189=IFCCARTESIANPOINT((0.,0.,0.));
#190=IFCDIRECTION((0.,0.,1.));
#191=IFCDIRECTION((1.,0.,0.));
#192=IFCAXIS2PLACEMENT3D(#189,#190,#191);
#193=IFCPLANAREXTENT(1000.,1000.);
#194=IFCTEXTLITERALWITHEXTENT('``round({{Qto_SpaceBaseQuantities.NetFloorArea}}, 0.01)``',#192,.RIGHT.,#193,'center');
#195=IFCSHAPEREPRESENTATION(#20,'Annotation','Annotation2D',(#182,#188,#194));
#196=IFCREPRESENTATIONMAP(#171,#195);
#197=IFCTYPEPRODUCT('0vvfHSiaPBxewA$32C4LdW',$,'SPACE-TAG',$,'IfcAnnotation/TEXT',(#167),(#196),$);
#198=IFCPROPERTYSINGLEVALUE('Symbol',$,IFCLABEL('rectangle-tag'),$);
#199=IFCPROPERTYSET('1x86VNVk1Drwe5XOj$GZX3',$,'EPset_Annotation',$,(#198));
#200=IFCCARTESIANPOINT((0.,0.,0.));
#201=IFCDIRECTION((0.,0.,1.));
#202=IFCDIRECTION((1.,0.,0.));
#203=IFCAXIS2PLACEMENT3D(#200,#201,#202);
#209=IFCCARTESIANPOINT((0.,0.,0.));
#210=IFCDIRECTION((0.,0.,1.));
#211=IFCDIRECTION((1.,0.,0.));
#212=IFCAXIS2PLACEMENT3D(#209,#210,#211);
#213=IFCPLANAREXTENT(1000.,1000.);
#214=IFCTEXTLITERALWITHEXTENT('{{material.Name}}',#212,.RIGHT.,#213,'center');
#215=IFCSHAPEREPRESENTATION(#20,'Annotation','Annotation2D',(#214));
#216=IFCREPRESENTATIONMAP(#203,#215);
#217=IFCTYPEPRODUCT('36lTcd9yT8UBNDejQUNWrq',$,'MATERIAL-TAG',$,'IfcAnnotation/TEXT',(#199),(#216),$);
#218=IFCPROPERTYSINGLEVALUE('Symbol',$,IFCLABEL('capsule-tag'),$);
#219=IFCPROPERTYSET('3BeqEbDzX0xORamqqSx_kZ',$,'EPset_Annotation',$,(#218));
#220=IFCCARTESIANPOINT((0.,0.,0.));
#221=IFCDIRECTION((0.,0.,1.));
#222=IFCDIRECTION((1.,0.,0.));
#223=IFCAXIS2PLACEMENT3D(#220,#221,#222);
#229=IFCCARTESIANPOINT((0.,0.,0.));
#230=IFCDIRECTION((0.,0.,1.));
#231=IFCDIRECTION((1.,0.,0.));
#232=IFCAXIS2PLACEMENT3D(#229,#230,#231);
#233=IFCPLANAREXTENT(1000.,1000.);
#234=IFCTEXTLITERALWITHEXTENT('{{type.Name}}',#232,.RIGHT.,#233,'center');
#235=IFCSHAPEREPRESENTATION(#20,'Annotation','Annotation2D',(#234));
#236=IFCREPRESENTATIONMAP(#223,#235);
#237=IFCTYPEPRODUCT('1rxhEX6I16oPqglXaGZ7Sw',$,'TYPE-TAG',$,'IfcAnnotation/TEXT',(#219),(#236),$);
#238=IFCPROPERTYSINGLEVALUE('Symbol',$,IFCLABEL('capsule-tag'),$);
#239=IFCPROPERTYSET('11L$PtdnX8LfYigzRZ$g0a',$,'EPset_Annotation',$,(#238));
#240=IFCCARTESIANPOINT((0.,0.,0.));
#241=IFCDIRECTION((0.,0.,1.));
#242=IFCDIRECTION((1.,0.,0.));
#243=IFCAXIS2PLACEMENT3D(#240,#241,#242);
#249=IFCCARTESIANPOINT((0.,0.,0.));
#250=IFCDIRECTION((0.,0.,1.));
#251=IFCDIRECTION((1.,0.,0.));
#252=IFCAXIS2PLACEMENT3D(#249,#250,#251);
#253=IFCPLANAREXTENT(1000.,1000.);
#254=IFCTEXTLITERALWITHEXTENT('{{Name}}',#252,.RIGHT.,#253,'center');
#255=IFCSHAPEREPRESENTATION(#20,'Annotation','Annotation2D',(#254));
#256=IFCREPRESENTATIONMAP(#243,#255);
#257=IFCTYPEPRODUCT('0sws1hxNb2Og1etXqyoEh1',$,'NAME-TAG',$,'IfcAnnotation/TEXT',(#239),(#256),$);
#258=IFCBEAMTYPE('2E$V5l4b54dxuToJ1A6IHp',$,'B1',$,$,$,$,$,$,.NOTDEFINED.);
#259=IFCRELASSOCIATESMATERIAL('3PUNnY7cj8LhyXbHKVqZnf',$,$,$,(#258),#263);
#260=IFCMATERIAL('Unknown',$,$);
#261=IFCISHAPEPROFILEDEF(.AREA.,'DEMO-I',$,0.1,0.2,0.005,0.01,0.005,$,$);
#262=IFCMATERIALPROFILE($,$,#260,#261,$,$);
#263=IFCMATERIALPROFILESET($,$,(#262),$);
#264=IFCBEAMTYPE('3qutoZTvP0lvLWNXyjPhPm',$,'B2',$,$,$,$,$,$,.NOTDEFINED.);
#265=IFCRELASSOCIATESMATERIAL('3dGyQf42H2ahch2bSYPPHP',$,$,$,(#264),#268);
#266=IFCCSHAPEPROFILEDEF(.AREA.,'DEMO-C',$,0.2,0.1,0.0015,0.03,0.005);
#267=IFCMATERIALPROFILE($,$,#260,#266,$,$);
#268=IFCMATERIALPROFILESET($,$,(#267),$);
#269=IFCCOLUMNTYPE('278sjptdDDzgOZseERj390',$,'C1',$,$,$,$,$,$,.NOTDEFINED.);
#270=IFCRELASSOCIATESMATERIAL('1ppYXw39v6kBwi3rrIm4ZE',$,$,$,(#269),#273);
#271=IFCRECTANGLEPROFILEDEF(.AREA.,'500x600',$,0.5,0.6);
#272=IFCMATERIALPROFILE($,$,#260,#271,$,$);
#273=IFCMATERIALPROFILESET($,$,(#272),$);
#274=IFCCOLUMNTYPE('3aSZOvGmr7jggSNwsq5PJE',$,'C2',$,$,$,$,$,$,.NOTDEFINED.);
#275=IFCRELASSOCIATESMATERIAL('1AtNJPaD14DgINbAjXvbU4',$,$,$,(#274),#278);
#276=IFCCIRCLEHOLLOWPROFILEDEF(.AREA.,'500.0x5.0 CHS',$,0.25,0.005);
#277=IFCMATERIALPROFILE($,$,#260,#276,$,$);
#278=IFCMATERIALPROFILESET($,$,(#277),$);
#279=IFCCOLUMNTYPE('28iv3Kru12yQ7R7RRwNjvD',$,'C3',$,$,$,$,$,$,.NOTDEFINED.);
#280=IFCRELASSOCIATESMATERIAL('2M_oL$n3j6rBRnOW5RSk87',$,$,$,(#279),#283);
#281=IFCRECTANGLEHOLLOWPROFILEDEF(.AREA.,'150x75x2.0 RHS',$,0.075,0.15,0.002,0.005,0.005);
#282=IFCMATERIALPROFILE($,$,#260,#281,$,$);
#283=IFCMATERIALPROFILESET($,$,(#282),$);
#284=IFCCOVERINGTYPE('0iLxgfHB9F2hRH2vMcw7Yv',$,'COV10',$,$,$,$,$,$,.NOTDEFINED.);
#285=IFCRELASSOCIATESMATERIAL('0yvFX0zgb9uvJ3ARnf4mfe',$,$,$,(#284),#287);
#286=IFCMATERIALLAYER(#260,0.01,$,$,$,$,$);
#287=IFCMATERIALLAYERSET((#286),$,$);
#288=IFCPROPERTYSINGLEVALUE('LayerSetDirection',$,IFCLABEL('AXIS2'),$);
#289=IFCPROPERTYSET('18ICCZ0fjDG9UXMyzrsFBA',$,'EPset_Parametric',$,(#288));
#290=IFCCOVERINGTYPE('15Riw2WTrAUPwvfLyKXJ2g',$,'COV20',$,$,(#289),$,$,$,.NOTDEFINED.);
#291=IFCRELASSOCIATESMATERIAL('1iAOG6NK9FBxitFtzN9qP5',$,$,$,(#290),#293);
#292=IFCMATERIALLAYER(#260,0.02,$,$,$,$,$);
#293=IFCMATERIALLAYERSET((#292),$,$);
#294=IFCPROPERTYSINGLEVALUE('LayerSetDirection',$,IFCLABEL('AXIS3'),$);
#295=IFCPROPERTYSET('3qCbs1tuDCvuOXam5RrA$a',$,'EPset_Parametric',$,(#294));
#296=IFCCOVERINGTYPE('0gEOtYULD0F9KD9zPoA6cJ',$,'COV30',$,$,(#295),$,$,$,.NOTDEFINED.);
#297=IFCRELASSOCIATESMATERIAL('0xd6dsjf13JA98q9fnAMpQ',$,$,$,(#296),#299);
#298=IFCMATERIALLAYER(#260,0.03,$,$,$,$,$);
#299=IFCMATERIALLAYERSET((#298),$,$);
#300=IFCPILETYPE('25MTkMtaH5QeCf$gFbvSSw',$,'P1',$,$,$,$,$,$,.NOTDEFINED.);
#301=IFCRELASSOCIATESMATERIAL('09FXUZCnrFEffxBrtg16gx',$,$,$,(#300),#304);
#302=IFCCIRCLEPROFILEDEF(.AREA.,$,$,0.3);
#303=IFCMATERIALPROFILE($,$,#260,#302,$,$);
#304=IFCMATERIALPROFILESET($,$,(#303),$);
#305=IFCCARTESIANPOINT((0.,0.,0.));
#306=IFCDIRECTION((0.,0.,1.));
#307=IFCDIRECTION((1.,0.,0.));
#308=IFCAXIS2PLACEMENT3D(#305,#306,#307);
#315=IFCCARTESIANPOINTLIST3D(((0.955000162124634,0.,2.09000015258789),(0.955000162124634,0.0549999885261059,2.09000015258789),(0.970000028610229,0.0549999922513962,2.10500001907349),(0.,0.0999999940395355,0.),(0.970000028610229,0.0999999940395355,2.10500001907349),(0.0399999916553497,0.0999999940395355,2.10500001907349),(0.0399999916553497,0.0549999922513962,2.10500001907349),(0.0550000071525574,0.0549999885261059,2.09000015258789),(0.0550000071525574,0.,2.09000015258789),(0.,0.,2.14500021934509),(0.,0.100000001490116,2.14500021934509),(0.0449999868869781,0.0999999940395355,2.09999990463257),(0.0449999868869781,0.0599999949336052,2.09999990463257),(0.965000033378601,0.0599999949336052,2.09999990463257),(0.965000033378601,0.0999999940395355,2.09999990463257),(0.965000033378601,0.0999999940395355,0.),(0.965000033378601,0.0599999949336052,0.),(0.0449999868869781,0.0599999949336052,0.),(0.0449999868869781,0.0999999940395355,0.),(0.,0.,0.),(0.0550000071525574,0.,0.),(0.0550000071525574,0.0549999922513962,0.),(0.0399999916553497,0.0549999922513962,0.),(0.0399999916553497,0.0999999940395355,0.),(1.01000034809113,0.,2.14500021934509),(1.01000034809113,0.100000001490116,2.14500021934509),(0.955000162124634,0.,0.),(0.955000162124634,0.0549999885261059,0.),(0.970000028610229,0.0549999922513962,0.),(0.970000028610229,0.0999999940395355,0.),(1.01000034809113,0.,0.),(1.01000034809113,0.100000001490116,0.)),$);
#316=IFCINDEXEDPOLYGONALFACE((2,3,29,28));
#317=IFCINDEXEDPOLYGONALFACE((27,28,29,30,32,31));
#318=IFCINDEXEDPOLYGONALFACE((7,6,5,3));
#319=IFCINDEXEDPOLYGONALFACE((8,7,3,2));
#320=IFCINDEXEDPOLYGONALFACE((23,24,6,7));
#321=IFCINDEXEDPOLYGONALFACE((21,20,4,24,23,22));
#322=IFCINDEXEDPOLYGONALFACE((11,10,25,26));
#323=IFCINDEXEDPOLYGONALFACE((25,1,27,31));
#324=IFCINDEXEDPOLYGONALFACE((24,4,11,6));
#325=IFCINDEXEDPOLYGONALFACE((20,21,9,10));
#326=IFCINDEXEDPOLYGONALFACE((9,8,2,1));
#327=IFCINDEXEDPOLYGONALFACE((10,9,1,25));
#328=IFCINDEXEDPOLYGONALFACE((22,23,7,8));
#329=IFCINDEXEDPOLYGONALFACE((4,20,10,11));
#330=IFCINDEXEDPOLYGONALFACE((21,22,8,9));
#331=IFCINDEXEDPOLYGONALFACE((6,11,26,5));
#332=IFCINDEXEDPOLYGONALFACE((5,26,32,30));
#333=IFCINDEXEDPOLYGONALFACE((1,2,28,27));
#334=IFCINDEXEDPOLYGONALFACE((26,25,31,32));
#335=IFCINDEXEDPOLYGONALFACE((3,5,30,29));
#336=IFCPOLYGONALFACESET(#315,.T.,(#316,#317,#318,#319,#320,#321,#322,#323,#324,#325,#326,#327,#328,#329,#330,#331,#332,#333,#334,#335),$);
#337=IFCINDEXEDPOLYGONALFACE((17,16,15,14));
#338=IFCINDEXEDPOLYGONALFACE((12,13,14,15));
#339=IFCINDEXEDPOLYGONALFACE((16,19,12,15));
#340=IFCINDEXEDPOLYGONALFACE((19,16,17,18));
#341=IFCINDEXEDPOLYGONALFACE((19,18,13,12));
#342=IFCINDEXEDPOLYGONALFACE((18,17,14,13));
#343=IFCPOLYGONALFACESET(#315,.T.,(#337,#338,#339,#340,#341,#342),$);
#344=IFCSHAPEREPRESENTATION(#15,'Body','Tessellation',(#336,#343));
#345=IFCREPRESENTATIONMAP(#308,#344);
#346=IFCCARTESIANPOINT((0.,0.,0.));
#347=IFCDIRECTION((0.,0.,1.));
#348=IFCDIRECTION((1.,0.,0.));
#349=IFCAXIS2PLACEMENT3D(#346,#347,#348);
#355=IFCCARTESIANPOINTLIST2D(((0.964999914169312,1.0200001001358),(0.965000033378601,0.0999999940395355),(0.925000011920929,0.0999999940395355),(0.924999952316284,1.0200001001358),(0.964999914169312,1.0200001001358),(0.844915807247162,1.01212930679321),(0.726886332035065,0.988651752471924),(0.612931072711945,0.949969172477722),(0.504999756813049,0.896743297576904),(0.404939234256744,0.829885005950928),(0.314461469650269,0.750538170337677),(0.235114604234695,0.660060405731201),(0.168256282806396,0.559999823570251),(0.115030474960804,0.452068567276001),(0.0763478726148605,0.338113307952881),(0.0528703518211842,0.220083817839622),(0.0449996180832386,0.099999688565731)),$);
#356=IFCINDEXEDPOLYCURVE(#355,$,$);
#357=IFCCARTESIANPOINTLIST2D(((0.970000028610229,0.0549999922513962),(0.955000162124634,0.0549999922513962),(0.955000162124634,0.),(1.01000034809113,0.),(1.01000034809113,0.0999999940395355),(0.970000028610229,0.0999999940395355)),$);
#358=IFCINDEXEDPOLYCURVE(#357,(IFCLINEINDEX((1,2,3,4,5,6,1))),$);
#359=IFCCARTESIANPOINTLIST2D(((0.,0.),(0.,0.0999999940395355),(0.0399999916553497,0.0999999940395355),(0.0399999916553497,0.0549999922513962),(0.0550000071525574,0.0549999922513962),(0.0550000071525574,0.)),$);
#360=IFCINDEXEDPOLYCURVE(#359,(IFCLINEINDEX((1,2,3,4,5,6,1))),$);
#361=IFCGEOMETRICCURVESET((#356,#358,#360));
#362=IFCSHAPEREPRESENTATION(#28,'Body','Annotation2D',(#361));
#363=IFCREPRESENTATIONMAP(#349,#362);
#364=IFCDOORTYPE('2j0vIBgkH0ERnBCP0cpcCz',$,'DT01',$,$,$,(#345,#363),$,$,.NOTDEFINED.,.NOTDEFINED.,$,$);
#365=IFCSTYLEDITEM(#336,(#368),'Frame');
#366=IFCCOLOURRGB($,0.0429765619337559,0.0429765619337559,0.0429765619337559);
#367=IFCSURFACESTYLESHADING(#366,0.);
#368=IFCSURFACESTYLE('Frame',.BOTH.,(#367));
#369=IFCSTYLEDITEM(#343,(#372),'Panel');
#370=IFCCOLOURRGB($,0.184475064277649,0.184475019574165,0.184475019574165);
#371=IFCSURFACESTYLESHADING(#370,0.);
#372=IFCSURFACESTYLE('Panel',.BOTH.,(#371));
#373=IFCRAMPTYPE('2yW1ePlyb8cOR6HdEntpRh',$,'RAM200',$,$,$,$,$,$,.NOTDEFINED.);
#374=IFCRELASSOCIATESMATERIAL('1x9ZyVim19AQtJhfEE06XR',$,$,$,(#373),#376);
#375=IFCMATERIALLAYER(#260,0.2,$,$,$,$,$);
#376=IFCMATERIALLAYERSET((#375),$,$);
#377=IFCSLABTYPE('1Akbal7tP5DAPW0ti$Qp30',$,'FLR200',$,$,$,$,$,$,.NOTDEFINED.);
#378=IFCRELASSOCIATESMATERIAL('0jzkXlkBL4HhmQ_FTWW6Cj',$,$,$,(#377),#380);
#379=IFCMATERIALLAYER(#260,0.2,$,$,$,$,$);
#380=IFCMATERIALLAYERSET((#379),$,$);
#381=IFCSLABTYPE('0$gpYNi3T08BrxaR67CxgI',$,'FLR450',$,$,$,$,$,$,.NOTDEFINED.);
#382=IFCRELASSOCIATESMATERIAL('3a6kjEM29DleYTlSkA8_DK',$,$,$,(#381),#384);
#383=IFCMATERIALLAYER(#260,0.449999988079071,$,$,$,$,$);
#384=IFCMATERIALLAYERSET((#383),$,$);
#385=IFCWALLTYPE('2F1k78lI53fwS0rg3rqrRb',$,'WAL50',$,$,$,$,$,$,.NOTDEFINED.);
#386=IFCRELASSOCIATESMATERIAL('0khP_Smdj12f2JrOTRbRKj',$,$,$,(#385),#388);
#387=IFCMATERIALLAYER(#260,0.05,$,$,$,$,$);
#388=IFCMATERIALLAYERSET((#387),$,$);
#389=IFCWALLTYPE('3R5onkTtX1IxdCMPoThRaw',$,'WAL100',$,$,$,$,$,$,.NOTDEFINED.);
#390=IFCRELASSOCIATESMATERIAL('0$mXRPCT16nP6Q70XFNvZv',$,$,$,(#389),#392);
#391=IFCMATERIALLAYER(#260,0.1,$,$,$,$,$);
#392=IFCMATERIALLAYERSET((#391),$,$);
#393=IFCWALLTYPE('1juanculbDJPqvqT2FCm8m',$,'WAL200',$,$,$,$,$,$,.NOTDEFINED.);
#394=IFCRELASSOCIATESMATERIAL('0FsB2A$frFn9AZW2IG38ny',$,$,$,(#393),#396);
#395=IFCMATERIALLAYER(#260,0.2,$,$,$,$,$);
#396=IFCMATERIALLAYERSET((#395),$,$);
#397=IFCWALLTYPE('05UYduR9r1vRxZZgP64Rdw',$,'WAL300',$,$,$,$,$,$,.NOTDEFINED.);
#398=IFCRELASSOCIATESMATERIAL('2FYhYrvmv4SBoZHVWDTTte',$,$,$,(#397),#400);
#399=IFCMATERIALLAYER(#260,0.3,$,$,$,$,$);
#400=IFCMATERIALLAYERSET((#399),$,$);
#401=IFCCARTESIANPOINT((0.,0.,0.));
#402=IFCDIRECTION((0.,0.,1.));
#403=IFCDIRECTION((1.,0.,0.));
#404=IFCAXIS2PLACEMENT3D(#401,#402,#403);
#411=IFCCARTESIANPOINTLIST3D(((0.899999976158142,0.,1.20000004768372),(0.899999976158142,0.,0.),(0.,0.,1.20000004768372),(0.,0.,0.),(0.0999999940395355,0.,0.0999999940395355),(0.0999999940395355,0.,1.10000002384186),(0.800000011920929,0.,1.10000002384186),(0.800000011920929,0.,0.0999999940395355),(0.0999999940395355,0.0199999995529652,0.0999999940395355),(0.0999999940395355,0.0199999995529652,1.10000002384186),(0.800000011920929,0.0199999995529652,1.10000002384186),(0.800000011920929,0.0199999995529652,0.0999999940395355),(0.0999999940395355,0.0500000007450581,0.0999999940395355),(0.0999999940395355,0.0500000007450581,1.10000002384186),(0.800000011920929,0.0500000007450581,1.10000002384186),(0.800000011920929,0.0500000007450581,0.0999999940395355),(0.,0.0500000007450581,0.),(0.,0.0500000007450581,1.20000004768372),(0.899999976158142,0.0500000007450581,1.20000004768372),(0.899999976158142,0.0500000007450581,0.),(0.0999999940395355,0.0299999993294477,0.0999999940395355),(0.0999999940395355,0.0299999993294477,1.10000002384186),(0.800000011920929,0.0299999993294477,1.10000002384186),(0.800000011920929,0.0299999993294477,0.0999999940395355)),$);
#412=IFCINDEXEDPOLYGONALFACE((13,17,18,14));
#413=IFCINDEXEDPOLYGONALFACE((5,6,3,4));
#414=IFCINDEXEDPOLYGONALFACE((7,8,2,1));
#415=IFCINDEXEDPOLYGONALFACE((6,7,1,3));
#416=IFCINDEXEDPOLYGONALFACE((8,5,4,2));
#417=IFCINDEXEDPOLYGONALFACE((15,19,20,16));
#418=IFCINDEXEDPOLYGONALFACE((14,18,19,15));
#419=IFCINDEXEDPOLYGONALFACE((16,20,17,13));
#420=IFCINDEXEDPOLYGONALFACE((4,17,20,2));
#421=IFCINDEXEDPOLYGONALFACE((2,20,19,1));
#422=IFCINDEXEDPOLYGONALFACE((8,16,13,5));
#423=IFCINDEXEDPOLYGONALFACE((7,15,16,8));
#424=IFCINDEXEDPOLYGONALFACE((1,19,18,3));
#425=IFCINDEXEDPOLYGONALFACE((3,18,17,4));
#426=IFCINDEXEDPOLYGONALFACE((6,14,15,7));
#427=IFCINDEXEDPOLYGONALFACE((5,13,14,6));
#428=IFCPOLYGONALFACESET(#411,.T.,(#412,#413,#414,#415,#416,#417,#418,#419,#420,#421,#422,#423,#424,#425,#426,#427),$);
#429=IFCINDEXEDPOLYGONALFACE((12,11,10,9));
#430=IFCINDEXEDPOLYGONALFACE((24,21,22,23));
#431=IFCINDEXEDPOLYGONALFACE((11,23,22,10));
#432=IFCINDEXEDPOLYGONALFACE((10,22,21,9));
#433=IFCINDEXEDPOLYGONALFACE((9,21,24,12));
#434=IFCINDEXEDPOLYGONALFACE((12,24,23,11));
#435=IFCPOLYGONALFACESET(#411,.T.,(#429,#430,#431,#432,#433,#434),$);
#436=IFCSHAPEREPRESENTATION(#15,'Body','Tessellation',(#428,#435));
#437=IFCREPRESENTATIONMAP(#404,#436);
#438=IFCCARTESIANPOINT((0.,0.,0.));
#439=IFCDIRECTION((0.,0.,1.));
#440=IFCDIRECTION((1.,0.,0.));
#441=IFCAXIS2PLACEMENT3D(#438,#439,#440);
#447=IFCCARTESIANPOINTLIST2D(((0.100000023841858,0.0200000032782555),(0.800000011920929,0.0200000032782555),(0.800000011920929,0.0300000011920929),(0.100000023841858,0.0300000011920929)),$);
#448=IFCINDEXEDPOLYCURVE(#447,(IFCLINEINDEX((1,2,3,4,1))),$);
#449=IFCCARTESIANPOINTLIST2D(((0.899999976158142,0.0500000007450581),(0.800000011920929,0.0500000007450581),(0.800000011920929,0.),(0.899999976158142,0.)),$);
#450=IFCINDEXEDPOLYCURVE(#449,(IFCLINEINDEX((1,2,3,4,1))),$);
#451=IFCCARTESIANPOINTLIST2D(((0.,0.),(0.100000023841858,0.),(0.100000023841858,0.0500000007450581),(0.,0.0500000007450581)),$);
#452=IFCINDEXEDPOLYCURVE(#451,(IFCLINEINDEX((1,2,3,4,1))),$);
#453=IFCCARTESIANPOINTLIST2D(((0.100000023841858,0.0500000007450581),(0.800000011920929,0.0500000007450581)),$);
#454=IFCINDEXEDPOLYCURVE(#453,$,$);
#455=IFCCARTESIANPOINTLIST2D(((0.100000023841858,0.),(0.800000011920929,0.)),$);
#456=IFCINDEXEDPOLYCURVE(#455,$,$);
#457=IFCGEOMETRICCURVESET((#448,#450,#452,#454,#456));
#458=IFCSHAPEREPRESENTATION(#28,'Body','Annotation2D',(#457));
#459=IFCREPRESENTATIONMAP(#441,#458);
#460=IFCWINDOWTYPE('0bK3c4PWL3eOMNwkPN$rlg',$,'WT01',$,$,$,(#437,#459),$,$,.NOTDEFINED.,.NOTDEFINED.,$,$);
#461=IFCSTYLEDITEM(#428,(#368),'Frame');
#462=IFCSTYLEDITEM(#435,(#465),'Glass');
#463=IFCCOLOURRGB($,0.800000011920929,1.,1.);
#464=IFCSURFACESTYLESHADING(#463,0.799999997019768);
#465=IFCSURFACESTYLE('Glass',.BOTH.,(#464));
#466=IFCCARTESIANPOINT((0.,0.,0.));
#467=IFCDIRECTION((0.,0.,1.));
#468=IFCDIRECTION((1.,0.,0.));
#469=IFCAXIS2PLACEMENT3D(#466,#467,#468);
#476=IFCCARTESIANPOINTLIST3D(((-0.0757642686367035,-0.0121694896370173,0.220662087202072),(-0.105255022644997,-0.0141069469973445,0.230906546115875),(-0.164038479328156,-0.0962571799755096,0.263201057910919),(-0.0149683114141226,-0.0434482358396053,0.228664547204971),(-0.0426693223416805,-0.0120228659361601,0.222334340214729),(0.0788992568850517,-0.0767349451780319,0.173714026808739),(0.0953715369105339,-0.0409212671220303,0.16986283659935),(-0.0719772353768349,-0.0949608311057091,0.171763256192207),(0.0735535696148872,-0.0462111458182335,0.199328601360321),(-0.160245850682259,0.0397466160356998,0.298533588647842),(0.106730677187443,-0.0124975387006998,0.138676866889),(0.0139651391655207,-0.0423045344650745,0.229461222887039),(0.0967235639691353,-0.0144418459385633,0.168111309409142),(-0.219927728176117,-0.0414205342531204,0.239053592085838),(-0.198184996843338,-0.0742136090993881,0.172668352723122),(-0.162167191505432,-0.0434498824179173,0.289568781852722),(-0.189809292554855,-0.0716947764158249,0.281713783740997),(0.0152298724278808,-0.0849794447422028,0.205268412828445),(-0.123513199388981,-0.0452961064875126,0.264716774225235),(-0.188629180192947,-0.119135543704033,0.233101561665535),(-0.0130218090489507,-0.0651145428419113,0.222954735159874),(-0.196876853704453,0.0119782146066427,0.138698890805244),(0.0431601963937283,-0.0451620146632195,0.22145189344883),(-0.216075524687767,-0.016599427908659,0.204968154430389),(-0.0582821778953075,0.0224160328507423,0.331800371408463),(-0.190823614597321,-0.102445237338543,0.260164886713028),(-0.0431380830705166,-0.0991964489221573,0.176975786685944),(-0.0522686094045639,0.0494366958737373,0.351232975721359),(-0.0895938724279404,0.0322130136191845,0.318689584732056),(0.013082567602396,-0.0668555349111557,0.223062723875046),(-0.106145963072777,-0.0415130592882633,0.22882467508316),(0.0448657646775246,-0.0776780471205711,0.203667193651199),(-0.10371295362711,-0.00366749544627964,0.314385384321213),(-0.21360756456852,-0.0169711355119944,0.233581200242043),(-0.138989388942719,-0.0749303176999092,0.265050023794174),(0.105769321322441,-0.0415658876299858,0.138697892427444),(0.0992072820663452,-0.0677607133984566,0.138679757714272),(-0.135680645704269,-0.0402409471571445,0.287896603345871),(-0.17496183514595,-0.0425181090831757,0.0743281096220016),(-0.161954745650291,-0.0129314502701163,0.289540559053421),(-0.208628505468369,-0.103418782353401,0.201527774333954),(0.0640031322836876,-0.0677034556865692,0.197900995612144),(0.100172616541386,0.0126537960022688,0.138708665966988),(-0.168615952134132,0.0482185557484627,0.30722576379776),(-0.0140691194683313,-0.0847146064043045,0.205532997846603),(0.0702492073178291,-0.1020467877388,0.138582319021225),(-0.181213811039925,0.0992056727409363,0.328065633773804),(-0.0152021609246731,-0.112156376242638,0.0183885656297207),(0.0162124074995518,-0.111216500401497,0.021827794611454),(-0.133747041225433,-0.0159911345690489,0.290624916553497),(-0.216561943292618,-0.0709330290555954,0.202728658914566),(-0.0427242144942284,-0.0426300838589668,0.222017183899879),(-0.159124106168747,-0.0738818794488907,0.283847242593765),(-0.103956542909145,0.0154779236763716,0.320181280374527),(-0.136982098221779,-0.102321907877922,0.0194435473531485),(-0.183684900403023,0.0396271869540215,0.295159220695496),(-0.107928916811943,-0.010153891518712,0.291135489940643),(-0.103886745870113,-0.101836994290352,0.0180104468017817),(-0.0461161360144615,-0.119219377636909,0.138967230916023),(-0.0461340732872486,-0.061420276761055,0.21500451862812),(-0.211329713463783,-0.0169732719659805,0.138692498207092),(-0.165825873613358,0.0170033983886242,0.294365167617798),(-0.162926822900772,0.0167535953223705,0.259086668491364),(0.044605728238821,-0.0985531806945801,0.171382486820221),(-0.0834082290530205,0.00335463741794229,0.315553486347198),(-0.15971240401268,0.0247225016355515,0.197611734271049),(-0.16489240527153,0.105032727122307,0.322820842266083),(-0.215148985385895,-0.0462404675781727,0.266269713640213),(0.074162483215332,0.0414574705064297,0.138786911964417),(0.0142031144350767,-0.105447888374329,0.170478105545044),(0.0141690038144588,-0.0131895141676068,0.229208543896675),(0.0433205515146255,-0.101634204387665,0.0178499221801758),(-0.194831639528275,0.00855887122452259,0.19867131114006),(-0.190071240067482,0.00837886054068804,0.263859361410141),(0.0146396514028311,0.0503562577068806,0.171330958604813),(-0.0466328002512455,-0.0789417400956154,0.203323245048523),(-0.0142267476767302,-0.0157651714980602,0.22864143550396),(-0.214272990822792,-0.0700500085949898,0.258544147014618),(-0.0187377445399761,0.0234869290143251,0.211539566516876),(-0.169090524315834,0.130419373512268,0.343455374240875),(-0.0730840340256691,-0.0585213899612427,0.211252138018608),(-0.211533859372139,-0.0429056100547314,0.138715773820877),(-0.0739177912473679,0.0154376216232777,0.210008263587952),(-0.07377789914608,-0.0735882744193077,0.200627535581589),(-0.186267927289009,-0.121167339384556,0.205986142158508),(0.0892870724201202,0.0163372419774532,0.167569145560265),(-0.163796290755272,0.0387952998280525,0.138641089200974),(-0.197594255208969,-0.07469642162323,0.138668864965439),(-0.157580107450485,0.132616892457008,0.328512966632843),(-0.0735077708959579,0.0393004417419434,0.326341509819031),(-0.133432641625404,-0.0800390690565109,0.240147277712822),(-0.161642774939537,-0.107512913644314,0.235317841172218),(-0.103187024593353,0.0151489116251469,0.293316811323166),(-0.131257891654968,-0.0962524563074112,0.0883080363273621),(-0.0977480411529541,0.0540151223540306,0.138882651925087),(-0.015323237515986,-0.12871652841568,0.138334348797798),(0.102820813655853,-0.0720862969756126,0.0782168358564377),(0.0691742300987244,0.00961552746593952,0.196848139166832),(-0.0784864947199821,-0.104707300662994,0.0244421008974314),(-0.129387423396111,-0.0837726294994354,0.201711267232895),(0.10028512775898,0.0147631969302893,0.106750056147575),(0.0725274235010147,-0.0733503252267838,0.0162904672324657),(0.0907945036888123,-0.0631996393203735,0.166820541024208),(-0.0685850381851196,0.0688069462776184,0.138255223631859),(-0.0430277064442635,-0.107757613062859,0.022122398018837),(0.102449595928192,-0.0650743395090103,0.0278087817132473),(-0.0123228346928954,-0.128916323184967,0.0516869872808456),(0.0133168455213308,-0.126367673277855,0.0497013293206692),(-0.211436733603477,-0.0425778105854988,0.171008050441742),(-0.135128378868103,-0.0737440511584282,0.028781833127141),(-0.0713493376970291,-0.0974928066134453,0.048680767416954),(-0.0144545361399651,-0.10740352421999,0.169533520936966),(-0.0520200654864311,-0.106458351016045,0.0468626022338867),(-0.0383422300219536,-0.121899470686913,0.0537898242473602),(-0.135303497314453,0.00472360569983721,0.269406676292419),(-0.222012773156166,-0.0435851588845253,0.201951056718826),(-0.150152832269669,0.0706916153430939,0.296226799488068),(-0.205232128500938,-0.0530128739774227,0.172492980957031),(0.0815067514777184,-0.0842671692371368,0.0463023483753204),(0.101917430758476,-0.0744422674179077,0.0511590167880058),(-0.104162633419037,-0.0769466981291771,0.197300210595131),(-0.165175527334213,0.100392691791058,0.295828104019165),(0.0624474883079529,-0.0914158597588539,0.172223627567291),(-0.0696270391345024,0.0371879562735558,0.345104366540909),(-0.129096910357475,-0.0715842396020889,0.0532362163066864),(-0.102229714393616,-0.0918472409248352,0.0500270053744316),(0.0328243598341942,-0.0628630220890045,0.219847500324249),(-0.0929397568106651,-0.0598123446106911,0.212814390659332),(-0.140351414680481,-0.0651696026325226,0.281688511371613),(-0.0299176927655935,0.0646412074565887,0.345614969730377),(-0.210334226489067,-0.019161444157362,0.170468419790268),(-0.189835593104362,-0.0147899463772774,0.284663945436478),(-0.0706062465906143,-0.0353134833276272,0.219783633947372),(-0.196250692009926,-0.0419037826359272,0.286000579595566),(-0.189289301633835,0.015417193993926,0.167268991470337),(-0.165491297841072,0.119253136217594,0.309156060218811),(-0.188711583614349,-0.0422543436288834,0.0857931450009346),(-0.137549817562103,-0.0175594426691532,0.048555850982666),(-0.0439321398735046,0.0188035927712917,0.209587976336479),(-0.166142821311951,0.0438390895724297,0.269286632537842),(-0.100659042596817,0.0212050415575504,0.210695147514343),(-0.165524810552597,0.0681574642658234,0.275103896856308),(-0.131917878985405,-0.0432314537465572,0.0469778589904308),(-0.0393056124448776,-0.127956256270409,0.0805243328213692),(-0.0148295955732465,-0.134464859962463,0.078124076128006),(0.0156515818089247,-0.132012516260147,0.0775675550103188),(0.128680378198624,-0.0638554841279984,0.0486980155110359),(0.011726126074791,-0.12689021229744,0.138521879911423),(-0.104669205844402,-0.0973712056875229,0.0786209478974342),(-0.0722803771495819,-0.0994613841176033,0.0782437026500702),(-0.0900976955890656,0.0289249792695045,0.304527103900909),(-0.131665915250778,-0.0805337652564049,0.0729337483644485),(-0.17888680100441,0.0127522293478251,0.288278430700302),(-0.131906762719154,0.0216084867715836,0.211986422538757),(0.0438910871744156,0.0446652211248875,0.170035198330879),(0.126842275261879,-0.0620891898870468,0.0720244571566582),(-0.181458547711372,0.0720020085573196,0.30515855550766),(-0.105359517037868,0.0106867477297783,0.222205132246017),(-0.0755681917071342,-0.105624243617058,0.10775239020586),(-0.130771055817604,0.0436740666627884,0.171749204397202),(-0.133024662733078,0.049973726272583,0.138679206371307),(-0.11655567586422,-0.016352504491806,0.262825727462769),(-0.192813113331795,0.00962049700319767,0.228011801838875),(-0.0995994955301285,0.0463632792234421,0.169919461011887),(-0.0153328543528914,0.07756557315588,0.138280719518661),(-0.0149811441078782,0.0544508099555969,0.170514196157455),(-0.0777326822280884,0.0189591310918331,0.297642737627029),(-0.0429378487169743,0.0526389256119728,0.171193689107895),(-0.210668057203293,-0.0934961810708046,0.245899826288223),(-0.162400558590889,0.0198477655649185,0.223333954811096),(0.112556174397469,-0.0415905937552452,0.087884321808815),(-0.0984991043806076,0.0341813936829567,0.19681504368782),(-0.125417664647102,0.00907643139362335,0.292186677455902),(0.0127286352217197,0.0715995132923126,0.138794869184494),(-0.184464573860168,-0.063567191362381,0.0917578190565109),(-0.159845903515816,0.0349735803902149,0.277037382125854),(-0.163954228162766,-0.073273241519928,0.079649306833744),(-0.130220845341682,0.0479081235826015,0.111017473042011),(-0.105627626180649,-0.103251308202744,0.104907594621181),(-0.0447412990033627,-0.130966305732727,0.105820834636688),(-0.0145897325128317,-0.137667417526245,0.107010833919048),(0.0177259147167206,-0.133680522441864,0.11051332205534),(-0.20410780608654,-0.015498636290431,0.265768945217133),(-0.163662612438202,-0.0963144749403,0.108248025178909),(-0.133774682879448,-0.102946348488331,0.108776144683361),(-0.152653515338898,-0.093793697655201,0.0112244309857488),(-0.169374197721481,0.0769077241420746,0.31595915555954),(-0.15337011218071,0.0495448186993599,0.289855599403381),(-0.14865180850029,0.0935175195336342,0.306516766548157),(-0.163774311542511,-0.100279614329338,0.138708546757698),(-0.114786863327026,-0.0349755696952343,0.251059830188751),(0.0435214228928089,-0.123003117740154,0.107089169323444),(0.0122568001970649,0.0234032459557056,0.212896287441254),(-0.132915586233139,-0.105148307979107,0.138666361570358),(-0.103796437382698,-0.10418801009655,0.13867013156414),(-0.0721595510840416,-0.1059859842062,0.138681977987289),(0.0412953048944473,-0.0123581402003765,0.221496060490608),(-0.0697300583124161,0.0507166534662247,0.170578330755234),(0.0441036224365234,-0.114852353930473,0.138935402035713),(-0.0128488391637802,0.0388977639377117,0.196252673864365),(-0.124916173517704,-0.00659546442329884,0.306106418371201),(-0.218161851167679,-0.071009561419487,0.230814844369888),(-0.163197606801987,-0.0973011329770088,0.173606932163239),(-0.106259688735008,-0.0960564464330673,0.167294099926949),(-0.134439319372177,-0.0996981337666512,0.164969086647034),(-0.160570159554482,-0.110724151134491,0.202919006347656),(-0.120365753769875,-0.00549432123079896,0.253050655126572),(-0.133883744478226,0.0106024611741304,0.23326064646244),(-0.0365464128553867,0.062771737575531,0.351498425006866),(-0.0698662772774696,0.0357129909098148,0.305281817913055),(-0.135447904467583,-0.0874549821019173,0.184239640831947),(-0.112891294062138,0.00657996907830238,0.271908432245255),(-0.0499069318175316,0.0498133301734924,0.325594484806061),(-0.135738432407379,-0.100006818771362,-7.45058059692383E-09),(0.0123523958027363,-0.101531967520714,-7.45058059692383E-09),(-0.102930329740047,-0.0987276136875153,-7.45058059692383E-09),(-0.158383101224899,0.0353976972401142,0.167762398719788),(0.0585155189037323,-0.0887269079685211,0.0169257298111916),(-0.202236160635948,-0.0440891794860363,0.107780121266842),(0.12652799487114,-0.0424845181405544,0.0317913927137852),(0.0445115864276886,-0.111490845680237,0.0452388003468513),(0.0178857706487179,0.0359265469014645,0.199328750371933),(0.0685334727168083,-0.0978689268231392,0.0533365905284882),(0.138488471508026,-0.0432419404387474,0.0493728704750538),(0.0406565591692924,0.062880277633667,0.138536900281906),(0.0871811881661415,-0.0870387107133865,0.138694822788239),(-0.0505233928561211,0.0300182458013296,0.313426643610001),(0.0435324311256409,-0.119963906705379,0.0792121887207031),(0.0723142325878143,-0.100660108029842,0.0801471099257469),(0.0880676060914993,-0.086207315325737,0.078484445810318),(0.136276960372925,-0.0405644066631794,0.078633114695549),(0.0735301449894905,0.0462804175913334,0.10518267005682),(-0.180783584713936,0.120272636413574,0.33598318696022),(-0.155802026391029,-0.042164009064436,0.0622472763061523),(-0.192451253533363,-0.0732510983943939,0.112686090171337),(0.0313579067587852,0.0240139346569777,0.208784699440002),(0.0728883668780327,-0.103513494133949,0.107350297272205),(0.0885002017021179,-0.0885679498314857,0.105739302933216),(0.100790202617645,-0.0713259652256966,0.10683286935091),(0.109439946711063,-0.0426978133618832,0.107300646603107),(-0.18864569067955,-0.0167884975671768,0.0867345333099365),(-0.0709428116679192,0.0352016389369965,0.19365206360817),(-0.0357190407812595,0.0615072995424271,0.335724234580994),(0.0447911284863949,0.0144118629395962,-7.45058059692383E-09),(0.0369860865175724,0.0369828194379807,-7.45058059692383E-09),(0.0461129434406757,-0.0748821049928665,-7.45058059692383E-09),(0.104031659662724,-0.0135611081495881,0.0148804550990462),(0.0986066535115242,0.0066530667245388,0.0271508432924747),(0.103960558772087,-0.0420542061328888,0.0150693515315652),(0.121874935925007,-0.0147962821647525,0.0282622296363115),(0.0696230307221413,0.0340555869042873,0.168976783752441),(0.0729203075170517,0.015480482019484,0.0226278305053711),(-0.0445376336574554,0.0741409137845039,0.139188349246979),(0.046685803681612,0.0460076108574867,0.0192816369235516),(0.132462680339813,-0.0147683853283525,0.079218864440918),(0.123972199857235,0.00519884005188942,0.0471794344484806),(0.13483801484108,-0.0135693158954382,0.0477543026208878),(0.101557418704033,0.0150842368602753,0.0500984787940979),(-0.151446789503098,0.125798091292381,0.318272113800049),(0.0826703608036041,0.023927254602313,0.0464257299900055),(0.0693408101797104,0.0435765013098717,0.0500893704593182),(-0.0420871675014496,0.0380131863057613,0.193471923470497),(-0.0971032008528709,0.0616641864180565,-7.45058059692383E-09),(-0.0130963791161776,0.064698226749897,0.0197515171021223),(-0.157119512557983,0.00803167372941971,-7.45058059692383E-09),(0.113602519035339,-0.0132037419825792,0.0879008769989014),(-0.069912314414978,0.066078893840313,0.0191369466483593),(0.0389328189194202,0.0351467467844486,0.194373697042465),(0.0768988505005836,0.0420413166284561,0.0788332372903824),(0.10157422721386,0.0134498169645667,0.0773250162601471),(0.123080961406231,0.00395354814827442,0.0694246292114258),(-0.211960434913635,-0.102200835943222,0.224356546998024),(0.110181555151939,-0.0136255938559771,0.109196342527866),(-0.102282598614693,0.0414383597671986,0.019612405449152),(-0.172445297241211,0.11539913713932,0.340771019458771),(-0.181048646569252,0.112369157373905,0.34296378493309),(0.0725264996290207,-0.0152853392064571,0.200319215655327),(-0.183978870511055,0.0709394812583923,0.317676812410355),(-0.153028383851051,-0.0384657420217991,-7.45058059692383E-09),(-0.154637187719345,-0.0691222250461578,-7.45058059692383E-09),(-0.152765303850174,-0.0738510563969612,0.015262059867382),(-0.153248697519302,-0.0919284746050835,-7.45058059692383E-09),(-0.16192090511322,-0.0145302480086684,-7.45058059692383E-09),(-0.161076262593269,-0.0149271814152598,0.0173035766929388),(-0.139386385679245,-0.0480194091796875,0.0201432537287474),(-0.15407682955265,-0.0336258858442307,0.0154564278200269),(-0.141747921705246,-0.0158547051250935,0.0288874395191669),(-0.0563743449747562,-0.108996540307999,0.0737379342317581),(-0.0461691729724407,0.0890766233205795,0.110146202147007),(-0.0146415047347546,0.0512426868081093,-7.45058059692383E-09),(-0.156508177518845,0.00872325897216797,0.0127747664228082),(-0.0932494476437569,0.0622886717319489,0.0157215017825365),(-0.134241998195648,0.0180515833199024,0.0220324043184519),(-0.0754619538784027,0.0455531552433968,0.0509162880480289),(-0.103701874613762,0.0273517612367868,0.0517874732613564),(-0.131066977977753,0.0115249017253518,0.0524038933217525),(-0.062931016087532,0.0692232176661491,0.0536416172981262),(-0.132335588335991,0.0322872921824455,0.19751612842083),(-0.0452888980507851,0.0760203972458839,0.0472172982990742),(-0.163926124572754,0.0142420912161469,0.0823174566030502),(-0.174691706895828,-0.0135900285094976,0.0736509189009666),(-0.0486402213573456,0.0849898308515549,0.0788175389170647),(-0.0689510703086853,0.0702485665678978,0.0784279331564903),(-0.0810153111815453,0.0491584502160549,0.0748984813690186),(-0.0429749675095081,0.0617619827389717,-7.45058059692383E-09),(0.0349937379360199,0.00642204098403454,0.219141826033592),(-0.202323064208031,-0.0122631303966045,0.109208643436432),(-0.188646167516708,0.0148954978212714,0.108683586120605),(-0.0744052901864052,0.0735662579536438,0.106222227215767),(-0.161729156970978,0.0381991006433964,0.108166508376598),(-0.104008600115776,0.0453929454088211,-7.45058059692383E-09),(0.0388389863073826,0.0702219158411026,0.10972835123539),(-0.0412575826048851,0.0688836574554443,0.0204634200781584),(-0.132600158452988,0.0162683837115765,-7.45058059692383E-09),(0.0419384241104126,0.0643723532557487,0.0487342029809952),(-0.0230755694210529,0.0902970731258392,0.106796741485596),(0.0122685618698597,0.0503091886639595,-7.45058059692383E-09),(0.0420029424130917,0.0680971890687943,0.0789963230490685),(-0.0132175851613283,0.00625489093363285,0.222308561205864),(0.0146723045036197,0.00723757036030293,0.223271667957306),(0.0720149055123329,-0.0120490025728941,0.00231547281146049),(0.013688700273633,0.0642379224300385,0.0262222941964865),(0.033619936555624,0.0599825419485569,0.0301631242036819),(0.0156846102327108,0.0726122707128525,0.0497567467391491),(-0.0139973452314734,0.0766579210758209,0.0474896989762783),(-0.0166601836681366,0.0857705846428871,0.0790435597300529),(0.0127416122704744,0.0787845030426979,0.0776184424757957),(-0.137325063347816,0.0222998633980751,0.0709470063447952),(-0.103061355650425,0.0392319709062576,0.082869827747345),(-0.133015736937523,0.0387391112744808,0.0904415026307106),(-0.151931047439575,0.0321191623806953,0.0878717452287674),(0.0125869233161211,0.0806632563471794,0.105742789804935),(-0.0995742082595825,0.049370177090168,0.106232292950153),(-0.0746603757143021,0.0656085163354874,-7.45058059692383E-09),(0.0122953318059444,0.017735980451107,-7.45058059692383E-09),(-0.0146934473887086,0.0262711010873318,-7.45058059692383E-09),(-0.0429374538362026,0.0298651698976755,-7.45058059692383E-09),(-0.103215932846069,0.0137835666537285,-7.45058059692383E-09),(0.0444422401487827,-0.0129836350679398,-7.45058059692383E-09),(-0.0746518895030022,0.0316607765853405,-7.45058059692383E-09),(0.0123018361628056,-0.0127876792103052,-7.45058059692383E-09),(-0.0147215090692043,-0.0133242877200246,-7.45058059692383E-09),(-0.101430043578148,-0.0147481001913548,-7.45058059692383E-09),(-0.0429213680326939,-0.0151002155616879,-7.45058059692383E-09),(-0.132630944252014,-0.0134387537837029,-7.45058059692383E-09),(-0.0746475011110306,-0.0111579261720181,-7.45058059692383E-09),(0.0461949594318867,-0.0483818538486958,-7.45058059692383E-09),(0.0123028568923473,-0.0431565642356873,-7.45058059692383E-09),(0.0676943361759186,-0.0439984127879143,0.00213921279646456),(-0.0147214606404305,-0.0419304519891739,-7.45058059692383E-09),(-0.0429213680326939,-0.0426230616867542,-7.45058059692383E-09),(-0.134391859173775,-0.0420995727181435,-7.45058059692383E-09),(0.0123003236949444,-0.0714240521192551,-7.45058059692383E-09),(-0.0147217661142349,-0.0719940662384033,-7.45058059692383E-09),(-0.0746477097272873,-0.0698381289839745,-7.45058059692383E-09),(-0.0429213680326939,-0.0721928924322128,-7.45058059692383E-09),(-0.101144231855869,-0.0718697011470795,-7.45058059692383E-09),(0.0347950644791126,-0.096686989068985,-7.45058059692383E-09),(-0.132067084312439,-0.0720017328858376,-7.45058059692383E-09),(-0.159548789262772,-0.0125050684437156,0.0618688985705376),(-0.0169071108102798,-0.107485927641392,-7.45058059692383E-09),(-0.0746394321322441,-0.103576719760895,-7.45058059692383E-09),(-0.0428757518529892,-0.105996340513229,-7.45058059692383E-09),(-0.0746474862098694,-0.0418127365410328,-7.45058059692383E-09),(-0.101288944482803,-0.0456511229276657,-7.45058059692383E-09),(0.061871238052845,0.0245271548628807,0.191577181220055),(-0.0470216795802116,0.0414715930819511,0.344332307577133),(-0.0351001992821693,0.0582603961229324,0.352131396532059),(-0.043320570141077,0.0422725304961205,0.325726985931396),(-0.0332878455519676,0.056865319609642,0.334871053695679),(-0.0782285928726196,0.010980136692524,0.334277510643005),(-0.0612197890877724,0.0185103937983513,0.30783212184906),(-0.0876919776201248,0.0268637835979462,0.333815038204193),(-0.0750949084758759,-0.00158989988267422,0.21651217341423),(-0.0432584583759308,0.000724630663171411,0.217384174466133)),$);
#477=IFCINDEXEDPOLYGONALFACE((187,278,44));
#478=IFCINDEXEDPOLYGONALFACE((21,52,60));
#479=IFCINDEXEDPOLYGONALFACE((91,100,31));
#480=IFCINDEXEDPOLYGONALFACE((162,19,191));
#481=IFCINDEXEDPOLYGONALFACE((288,180,159));
#482=IFCINDEXEDPOLYGONALFACE((241,219,307));
#483=IFCINDEXEDPOLYGONALFACE((54,93,173));
#484=IFCINDEXEDPOLYGONALFACE((60,45,21));
#485=IFCINDEXEDPOLYGONALFACE((58,110,55));
#486=IFCINDEXEDPOLYGONALFACE((64,18,70));
#487=IFCINDEXEDPOLYGONALFACE((2,207,162));
#488=IFCINDEXEDPOLYGONALFACE((10,176,188));
#489=IFCINDEXEDPOLYGONALFACE((105,114,113));
#490=IFCINDEXEDPOLYGONALFACE((220,106,249));
#491=IFCINDEXEDPOLYGONALFACE((252,321,244));
#492=IFCINDEXEDPOLYGONALFACE((162,57,19));
#493=IFCINDEXEDPOLYGONALFACE((224,147,220));
#494=IFCINDEXEDPOLYGONALFACE((90,373,124));
#495=IFCINDEXEDPOLYGONALFACE((70,199,64));
#496=IFCINDEXEDPOLYGONALFACE((256,248,258));
#497=IFCINDEXEDPOLYGONALFACE((115,212,207));
#498=IFCINDEXEDPOLYGONALFACE((103,36,7));
#499=IFCINDEXEDPOLYGONALFACE((71,306,320));
#500=IFCINDEXEDPOLYGONALFACE((297,267,294));
#501=IFCINDEXEDPOLYGONALFACE((57,50,19));
#502=IFCINDEXEDPOLYGONALFACE((117,44,188));
#503=IFCINDEXEDPOLYGONALFACE((62,56,153));
#504=IFCINDEXEDPOLYGONALFACE((106,147,120));
#505=IFCINDEXEDPOLYGONALFACE((254,244,245));
#506=IFCINDEXEDPOLYGONALFACE((208,207,2));
#507=IFCINDEXEDPOLYGONALFACE((256,257,250));
#508=IFCINDEXEDPOLYGONALFACE((203,205,211));
#509=IFCINDEXEDPOLYGONALFACE((56,278,157));
#510=IFCINDEXEDPOLYGONALFACE((103,7,9));
#511=IFCINDEXEDPOLYGONALFACE((63,140,176));
#512=IFCINDEXEDPOLYGONALFACE((15,109,118));
#513=IFCINDEXEDPOLYGONALFACE((59,159,180));
#514=IFCINDEXEDPOLYGONALFACE((158,154,208));
#515=IFCINDEXEDPOLYGONALFACE((300,241,308));
#516=IFCINDEXEDPOLYGONALFACE((23,32,42));
#517=IFCINDEXEDPOLYGONALFACE((44,278,56));
#518=IFCINDEXEDPOLYGONALFACE((189,259,67));
#519=IFCINDEXEDPOLYGONALFACE((309,304,333));
#520=IFCINDEXEDPOLYGONALFACE((136,89,259));
#521=IFCINDEXEDPOLYGONALFACE((31,191,19));
#522=IFCINDEXEDPOLYGONALFACE((295,304,294));
#523=IFCINDEXEDPOLYGONALFACE((50,38,19));
#524=IFCINDEXEDPOLYGONALFACE((44,62,10));
#525=IFCINDEXEDPOLYGONALFACE((369,25,227));
#526=IFCINDEXEDPOLYGONALFACE((136,47,233));
#527=IFCINDEXEDPOLYGONALFACE((33,54,201));
#528=IFCINDEXEDPOLYGONALFACE((333,304,329));
#529=IFCINDEXEDPOLYGONALFACE((281,110,285));
#530=IFCINDEXEDPOLYGONALFACE((275,80,276));
#531=IFCINDEXEDPOLYGONALFACE((119,106,120));
#532=IFCINDEXEDPOLYGONALFACE((276,80,233));
#533=IFCINDEXEDPOLYGONALFACE((232,318,312));
#534=IFCINDEXEDPOLYGONALFACE((208,63,115));
#535=IFCINDEXEDPOLYGONALFACE((150,288,159));
#536=IFCINDEXEDPOLYGONALFACE((286,287,284));
#537=IFCINDEXEDPOLYGONALFACE((286,285,287));
#538=IFCINDEXEDPOLYGONALFACE((285,286,279));
#539=IFCINDEXEDPOLYGONALFACE((239,171,240));
#540=IFCINDEXEDPOLYGONALFACE((233,47,276));
#541=IFCINDEXEDPOLYGONALFACE((124,213,90));
#542=IFCINDEXEDPOLYGONALFACE((157,278,47));
#543=IFCINDEXEDPOLYGONALFACE((187,47,157));
#544=IFCINDEXEDPOLYGONALFACE((268,75,222));
#545=IFCINDEXEDPOLYGONALFACE((101,269,232));
#546=IFCINDEXEDPOLYGONALFACE((277,7,13));
#547=IFCINDEXEDPOLYGONALFACE((140,63,74));
#548=IFCINDEXEDPOLYGONALFACE((140,74,56));
#549=IFCINDEXEDPOLYGONALFACE((74,153,56));
#550=IFCINDEXEDPOLYGONALFACE((57,201,50));
#551=IFCINDEXEDPOLYGONALFACE((320,236,193));
#552=IFCINDEXEDPOLYGONALFACE((222,236,268));
#553=IFCINDEXEDPOLYGONALFACE((173,50,201));
#554=IFCINDEXEDPOLYGONALFACE((299,267,297));
#555=IFCINDEXEDPOLYGONALFACE((162,212,57));
#556=IFCINDEXEDPOLYGONALFACE((208,115,207));
#557=IFCINDEXEDPOLYGONALFACE((267,292,274));
#558=IFCINDEXEDPOLYGONALFACE((98,197,277));
#559=IFCINDEXEDPOLYGONALFACE((295,328,329));
#560=IFCINDEXEDPOLYGONALFACE((158,208,2));
#561=IFCINDEXEDPOLYGONALFACE((201,57,33));
#562=IFCINDEXEDPOLYGONALFACE((187,47,278));
#563=IFCINDEXEDPOLYGONALFACE((241,307,308));
#564=IFCINDEXEDPOLYGONALFACE((335,317,245));
#565=IFCINDEXEDPOLYGONALFACE((328,330,329));
#566=IFCINDEXEDPOLYGONALFACE((84,128,121));
#567=IFCINDEXEDPOLYGONALFACE((331,330,328));
#568=IFCINDEXEDPOLYGONALFACE((300,331,328));
#569=IFCINDEXEDPOLYGONALFACE((129,19,38));
#570=IFCINDEXEDPOLYGONALFACE((154,298,66));
#571=IFCINDEXEDPOLYGONALFACE((317,322,323));
#572=IFCINDEXEDPOLYGONALFACE((302,297,303));
#573=IFCINDEXEDPOLYGONALFACE((212,93,167));
#574=IFCINDEXEDPOLYGONALFACE((94,185,184));
#575=IFCINDEXEDPOLYGONALFACE((211,121,100));
#576=IFCINDEXEDPOLYGONALFACE((212,173,93));
#577=IFCINDEXEDPOLYGONALFACE((317,254,245));
#578=IFCINDEXEDPOLYGONALFACE((51,15,41));
#579=IFCINDEXEDPOLYGONALFACE((321,339,244));
#580=IFCINDEXEDPOLYGONALFACE((244,335,245));
#581=IFCINDEXEDPOLYGONALFACE((211,204,121));
#582=IFCINDEXEDPOLYGONALFACE((246,72,358));
#583=IFCINDEXEDPOLYGONALFACE((300,360,301));
#584=IFCINDEXEDPOLYGONALFACE((234,177,39));
#585=IFCINDEXEDPOLYGONALFACE((125,152,177));
#586=IFCINDEXEDPOLYGONALFACE((338,314,311));
#587=IFCINDEXEDPOLYGONALFACE((149,94,152));
#588=IFCINDEXEDPOLYGONALFACE((39,175,137));
#589=IFCINDEXEDPOLYGONALFACE((334,292,267));
#590=IFCINDEXEDPOLYGONALFACE((343,338,340,346));
#591=IFCINDEXEDPOLYGONALFACE((283,286,284));
#592=IFCINDEXEDPOLYGONALFACE((129,16,53));
#593=IFCINDEXEDPOLYGONALFACE((102,249,106));
#594=IFCINDEXEDPOLYGONALFACE((197,12,23));
#595=IFCINDEXEDPOLYGONALFACE((330,310,178));
#596=IFCINDEXEDPOLYGONALFACE((307,61,22,308));
#597=IFCINDEXEDPOLYGONALFACE((300,310,331));
#598=IFCINDEXEDPOLYGONALFACE((205,190,194));
#599=IFCINDEXEDPOLYGONALFACE((133,2,31));
#600=IFCINDEXEDPOLYGONALFACE((85,92,20));
#601=IFCINDEXEDPOLYGONALFACE((360,39,301));
#602=IFCINDEXEDPOLYGONALFACE((122,47,136));
#603=IFCINDEXEDPOLYGONALFACE((281,282,186));
#604=IFCINDEXEDPOLYGONALFACE((2,191,31));
#605=IFCINDEXEDPOLYGONALFACE((250,249,247));
#606=IFCINDEXEDPOLYGONALFACE((58,214,216));
#607=IFCINDEXEDPOLYGONALFACE((234,138,143));
#608=IFCINDEXEDPOLYGONALFACE((141,298,154));
#609=IFCINDEXEDPOLYGONALFACE((27,45,76));
#610=IFCINDEXEDPOLYGONALFACE((146,181,145));
#611=IFCINDEXEDPOLYGONALFACE((144,181,180));
#612=IFCINDEXEDPOLYGONALFACE((195,185,179));
#613=IFCINDEXEDPOLYGONALFACE((228,223,229));
#614=IFCINDEXEDPOLYGONALFACE((49,358,72));
#615=IFCINDEXEDPOLYGONALFACE((74,34,183));
#616=IFCINDEXEDPOLYGONALFACE((221,218,223));
#617=IFCINDEXEDPOLYGONALFACE((146,107,108));
#618=IFCINDEXEDPOLYGONALFACE((194,204,205));
#619=IFCINDEXEDPOLYGONALFACE((352,359,280,279));
#620=IFCINDEXEDPOLYGONALFACE((46,64,199));
#621=IFCINDEXEDPOLYGONALFACE((366,86,251));
#622=IFCINDEXEDPOLYGONALFACE((48,114,105));
#623=IFCINDEXEDPOLYGONALFACE((198,95,164));
#624=IFCINDEXEDPOLYGONALFACE((372,65,167));
#625=IFCINDEXEDPOLYGONALFACE((74,132,153));
#626=IFCINDEXEDPOLYGONALFACE((21,12,4));
#627=IFCINDEXEDPOLYGONALFACE((288,111,113));
#628=IFCINDEXEDPOLYGONALFACE((75,225,174));
#629=IFCINDEXEDPOLYGONALFACE((166,262,200));
#630=IFCINDEXEDPOLYGONALFACE((223,230,229));
#631=IFCINDEXEDPOLYGONALFACE((26,92,3));
#632=IFCINDEXEDPOLYGONALFACE((219,88,82));
#633=IFCINDEXEDPOLYGONALFACE((355,357,365,364));
#634=IFCINDEXEDPOLYGONALFACE((322,325,324));
#635=IFCINDEXEDPOLYGONALFACE((257,220,250));
#636=IFCINDEXEDPOLYGONALFACE((289,104,253));
#637=IFCINDEXEDPOLYGONALFACE((228,108,221));
#638=IFCINDEXEDPOLYGONALFACE((119,218,102));
#639=IFCINDEXEDPOLYGONALFACE((367,124,25));
#640=IFCINDEXEDPOLYGONALFACE((327,325,326));
#641=IFCINDEXEDPOLYGONALFACE((40,115,63));
#642=IFCINDEXEDPOLYGONALFACE((321,248,247));
#643=IFCINDEXEDPOLYGONALFACE((158,83,141));
#644=IFCINDEXEDPOLYGONALFACE((13,98,277));
#645=IFCINDEXEDPOLYGONALFACE((352,345,343,365));
#646=IFCINDEXEDPOLYGONALFACE((5,374,1));
#647=IFCINDEXEDPOLYGONALFACE((339,347,348,341));
#648=IFCINDEXEDPOLYGONALFACE((135,87,22));
#649=IFCINDEXEDPOLYGONALFACE((156,224,231));
#650=IFCINDEXEDPOLYGONALFACE((163,63,170));
#651=IFCINDEXEDPOLYGONALFACE((56,142,140));
#652=IFCINDEXEDPOLYGONALFACE((362,355,356,363));
#653=IFCINDEXEDPOLYGONALFACE((88,203,15));
#654=IFCINDEXEDPOLYGONALFACE((24,163,73));
#655=IFCINDEXEDPOLYGONALFACE((14,78,68));
#656=IFCINDEXEDPOLYGONALFACE((248,260,258));
#657=IFCINDEXEDPOLYGONALFACE((78,26,17));
#658=IFCINDEXEDPOLYGONALFACE((16,17,53));
#659=IFCINDEXEDPOLYGONALFACE((161,164,95));
#660=IFCINDEXEDPOLYGONALFACE((291,287,293));
#661=IFCINDEXEDPOLYGONALFACE((127,18,32));
#662=IFCINDEXEDPOLYGONALFACE((182,199,148));
#663=IFCINDEXEDPOLYGONALFACE((319,71,320));
#664=IFCINDEXEDPOLYGONALFACE((225,232,312));
#665=IFCINDEXEDPOLYGONALFACE((302,309,289));
#666=IFCINDEXEDPOLYGONALFACE((13,36,11));
#667=IFCINDEXEDPOLYGONALFACE((308,87,310));
#668=IFCINDEXEDPOLYGONALFACE((353,348,347,246));
#669=IFCINDEXEDPOLYGONALFACE((262,79,200));
#670=IFCINDEXEDPOLYGONALFACE((131,73,135));
#671=IFCINDEXEDPOLYGONALFACE((370,213,243));
#672=IFCINDEXEDPOLYGONALFACE((92,100,91));
#673=IFCINDEXEDPOLYGONALFACE((89,233,80));
#674=IFCINDEXEDPOLYGONALFACE((332,165,174));
#675=IFCINDEXEDPOLYGONALFACE((1,374,2));
#676=IFCINDEXEDPOLYGONALFACE((28,368,209));
#677=IFCINDEXEDPOLYGONALFACE((189,136,259));
#678=IFCINDEXEDPOLYGONALFACE((326,332,327));
#679=IFCINDEXEDPOLYGONALFACE((117,122,189));
#680=IFCINDEXEDPOLYGONALFACE((132,16,40));
#681=IFCINDEXEDPOLYGONALFACE((263,334,311));
#682=IFCINDEXEDPOLYGONALFACE((134,183,68));
#683=IFCINDEXEDPOLYGONALFACE((157,122,142));
#684=IFCINDEXEDPOLYGONALFACE((239,230,97));
#685=IFCINDEXEDPOLYGONALFACE((180,96,59));
#686=IFCINDEXEDPOLYGONALFACE((99,113,111));
#687=IFCINDEXEDPOLYGONALFACE((22,131,135));
#688=IFCINDEXEDPOLYGONALFACE((321,249,349));
#689=IFCINDEXEDPOLYGONALFACE((156,120,147));
#690=IFCINDEXEDPOLYGONALFACE((148,181,182));
#691=IFCINDEXEDPOLYGONALFACE((152,126,149));
#692=IFCINDEXEDPOLYGONALFACE((346,340,337,344));
#693=IFCINDEXEDPOLYGONALFACE((358,215,353,246));
#694=IFCINDEXEDPOLYGONALFACE((275,89,80));
#695=IFCINDEXEDPOLYGONALFACE((240,37,239));
#696=IFCINDEXEDPOLYGONALFACE((14,183,34));
#697=IFCINDEXEDPOLYGONALFACE((293,295,274));
#698=IFCINDEXEDPOLYGONALFACE((350,351,344,342));
#699=IFCINDEXEDPOLYGONALFACE((148,112,96));
#700=IFCINDEXEDPOLYGONALFACE((313,325,264));
#701=IFCINDEXEDPOLYGONALFACE((154,170,208));
#702=IFCINDEXEDPOLYGONALFACE((226,123,46));
#703=IFCINDEXEDPOLYGONALFACE((351,364,346,344));
#704=IFCINDEXEDPOLYGONALFACE((355,362,216,357));
#705=IFCINDEXEDPOLYGONALFACE((349,339,321));
#706=IFCINDEXEDPOLYGONALFACE((318,324,327));
#707=IFCINDEXEDPOLYGONALFACE((338,311,334,340));
#708=IFCINDEXEDPOLYGONALFACE((326,299,302));
#709=IFCINDEXEDPOLYGONALFACE((112,59,96));
#710=IFCINDEXEDPOLYGONALFACE((262,198,242));
#711=IFCINDEXEDPOLYGONALFACE((272,51,41));
#712=IFCINDEXEDPOLYGONALFACE((318,261,315));
#713=IFCINDEXEDPOLYGONALFACE((167,57,212));
#714=IFCINDEXEDPOLYGONALFACE((271,266,255));
#715=IFCINDEXEDPOLYGONALFACE((218,246,102));
#716=IFCINDEXEDPOLYGONALFACE((94,179,185));
#717=IFCINDEXEDPOLYGONALFACE((343,346,364,365));
#718=IFCINDEXEDPOLYGONALFACE((40,153,132));
#719=IFCINDEXEDPOLYGONALFACE((345,314,338,343));
#720=IFCINDEXEDPOLYGONALFACE((8,121,204));
#721=IFCINDEXEDPOLYGONALFACE((32,64,123));
#722=IFCINDEXEDPOLYGONALFACE((88,109,82));
#723=IFCINDEXEDPOLYGONALFACE((133,128,81));
#724=IFCINDEXEDPOLYGONALFACE((193,319,320));
#725=IFCINDEXEDPOLYGONALFACE((370,367,369));
#726=IFCINDEXEDPOLYGONALFACE((6,9,42));
#727=IFCINDEXEDPOLYGONALFACE((214,186,282));
#728=IFCINDEXEDPOLYGONALFACE((200,75,166));
#729=IFCINDEXEDPOLYGONALFACE((375,79,139));
#730=IFCINDEXEDPOLYGONALFACE((95,309,333));
#731=IFCINDEXEDPOLYGONALFACE((221,49,72));
#732=IFCINDEXEDPOLYGONALFACE((36,273,11));
#733=IFCINDEXEDPOLYGONALFACE((69,155,251));
#734=IFCINDEXEDPOLYGONALFACE((316,302,289));
#735=IFCINDEXEDPOLYGONALFACE((297,304,303));
#736=IFCINDEXEDPOLYGONALFACE((195,159,196));
#737=IFCINDEXEDPOLYGONALFACE((110,186,55));
#738=IFCINDEXEDPOLYGONALFACE((323,324,315));
#739=IFCINDEXEDPOLYGONALFACE((172,83,242));
#740=IFCINDEXEDPOLYGONALFACE((61,219,82));
#741=IFCINDEXEDPOLYGONALFACE((283,291,265));
#742=IFCINDEXEDPOLYGONALFACE((184,175,177));
#743=IFCINDEXEDPOLYGONALFACE((349,246,347));
#744=IFCINDEXEDPOLYGONALFACE((174,166,75));
#745=IFCINDEXEDPOLYGONALFACE((48,363,361));
#746=IFCINDEXEDPOLYGONALFACE((199,237,46));
#747=IFCINDEXEDPOLYGONALFACE((164,242,198));
#748=IFCINDEXEDPOLYGONALFACE((290,317,335,336));
#749=IFCINDEXEDPOLYGONALFACE((217,298,160));
#750=IFCINDEXEDPOLYGONALFACE((193,200,79));
#751=IFCINDEXEDPOLYGONALFACE((253,166,165));
#752=IFCINDEXEDPOLYGONALFACE((202,116,51));
#753=IFCINDEXEDPOLYGONALFACE((236,366,268));
#754=IFCINDEXEDPOLYGONALFACE((170,73,163));
#755=IFCINDEXEDPOLYGONALFACE((360,328,296));
#756=IFCINDEXEDPOLYGONALFACE((354,350,348,353));
#757=IFCINDEXEDPOLYGONALFACE((359,357,216,214));
#758=IFCINDEXEDPOLYGONALFACE((143,110,125));
#759=IFCINDEXEDPOLYGONALFACE((265,314,345,283));
#760=IFCINDEXEDPOLYGONALFACE((252,261,260));
#761=IFCINDEXEDPOLYGONALFACE((305,337,340,334));
#762=IFCINDEXEDPOLYGONALFACE((131,116,24));
#763=IFCINDEXEDPOLYGONALFACE((104,168,253));
#764=IFCINDEXEDPOLYGONALFACE((126,99,111));
#765=IFCINDEXEDPOLYGONALFACE((47,275,276));
#766=IFCINDEXEDPOLYGONALFACE((230,120,97));
#767=IFCINDEXEDPOLYGONALFACE((279,283,345,352));
#768=IFCINDEXEDPOLYGONALFACE((67,89,275));
#769=IFCINDEXEDPOLYGONALFACE((257,271,255));
#770=IFCINDEXEDPOLYGONALFACE((257,231,224));
#771=IFCINDEXEDPOLYGONALFACE((316,253,165));
#772=IFCINDEXEDPOLYGONALFACE((17,3,53));
#773=IFCINDEXEDPOLYGONALFACE((273,171,266));
#774=IFCINDEXEDPOLYGONALFACE((260,270,258));
#775=IFCINDEXEDPOLYGONALFACE((362,58,216));
#776=IFCINDEXEDPOLYGONALFACE((48,108,107));
#777=IFCINDEXEDPOLYGONALFACE((57,65,33));
#778=IFCINDEXEDPOLYGONALFACE((160,172,164));
#779=IFCINDEXEDPOLYGONALFACE((190,235,184));
#780=IFCINDEXEDPOLYGONALFACE((354,353,215,361));
#781=IFCINDEXEDPOLYGONALFACE((258,271,256));
#782=IFCINDEXEDPOLYGONALFACE((155,366,251));
#783=IFCINDEXEDPOLYGONALFACE((365,357,359,352));
#784=IFCINDEXEDPOLYGONALFACE((169,20,26));
#785=IFCINDEXEDPOLYGONALFACE((312,174,225));
#786=IFCINDEXEDPOLYGONALFACE((273,43,11));
#787=IFCINDEXEDPOLYGONALFACE((264,317,290));
#788=IFCINDEXEDPOLYGONALFACE((287,296,293));
#789=IFCINDEXEDPOLYGONALFACE((159,149,150));
#790=IFCINDEXEDPOLYGONALFACE((267,305,334));
#791=IFCINDEXEDPOLYGONALFACE((206,211,100));
#792=IFCINDEXEDPOLYGONALFACE((126,150,149));
#793=IFCINDEXEDPOLYGONALFACE((288,114,144));
#794=IFCINDEXEDPOLYGONALFACE((266,101,273));
#795=IFCINDEXEDPOLYGONALFACE((123,42,32));
#796=IFCINDEXEDPOLYGONALFACE((255,171,231));
#797=IFCINDEXEDPOLYGONALFACE((34,116,14));
#798=IFCINDEXEDPOLYGONALFACE((91,3,92));
#799=IFCINDEXEDPOLYGONALFACE((287,143,138));
#800=IFCINDEXEDPOLYGONALFACE((77,12,71));
#801=IFCINDEXEDPOLYGONALFACE((95,178,161));
#802=IFCINDEXEDPOLYGONALFACE((285,280,281));
#803=IFCINDEXEDPOLYGONALFACE((242,139,262));
#804=IFCINDEXEDPOLYGONALFACE((332,318,327));
#805=IFCINDEXEDPOLYGONALFACE((226,239,37));
#806=IFCINDEXEDPOLYGONALFACE((175,219,137));
#807=IFCINDEXEDPOLYGONALFACE((177,94,184));
#808=IFCINDEXEDPOLYGONALFACE((103,226,37));
#809=IFCINDEXEDPOLYGONALFACE((372,371,65));
#810=IFCINDEXEDPOLYGONALFACE((341,335,244,339));
#811=IFCINDEXEDPOLYGONALFACE((101,69,43));
#812=IFCINDEXEDPOLYGONALFACE((146,192,182));
#813=IFCINDEXEDPOLYGONALFACE((52,77,5));
#814=IFCINDEXEDPOLYGONALFACE((133,60,52));
#815=IFCINDEXEDPOLYGONALFACE((28,243,213));
#816=IFCINDEXEDPOLYGONALFACE((110,126,125));
#817=IFCINDEXEDPOLYGONALFACE((140,188,176));
#818=IFCINDEXEDPOLYGONALFACE((341,342,336,335));
#819=IFCINDEXEDPOLYGONALFACE((82,131,61));
#820=IFCINDEXEDPOLYGONALFACE((290,336,337,305));
#821=IFCINDEXEDPOLYGONALFACE((109,51,116));
#822=IFCINDEXEDPOLYGONALFACE((210,29,90));
#823=IFCINDEXEDPOLYGONALFACE((45,30,21));
#824=IFCINDEXEDPOLYGONALFACE((204,196,8));
#825=IFCINDEXEDPOLYGONALFACE((229,238,237));
#826=IFCINDEXEDPOLYGONALFACE((161,217,160));
#827=IFCINDEXEDPOLYGONALFACE((305,264,290));
#828=IFCINDEXEDPOLYGONALFACE((84,60,81));
#829=IFCINDEXEDPOLYGONALFACE((185,190,184));
#830=IFCINDEXEDPOLYGONALFACE((5,133,52));
#831=IFCINDEXEDPOLYGONALFACE((189,187,117));
#832=IFCINDEXEDPOLYGONALFACE((226,237,238));
#833=IFCINDEXEDPOLYGONALFACE((23,277,197));
#834=IFCINDEXEDPOLYGONALFACE((76,8,27));
#835=IFCINDEXEDPOLYGONALFACE((294,274,295));
#836=IFCINDEXEDPOLYGONALFACE((145,114,107));
#837=IFCINDEXEDPOLYGONALFACE((188,44,10));
#838=IFCINDEXEDPOLYGONALFACE((41,203,85));
#839=IFCINDEXEDPOLYGONALFACE((13,43,86));
#840=IFCINDEXEDPOLYGONALFACE((355,364,351,356));
#841=IFCINDEXEDPOLYGONALFACE((234,125,177));
#842=IFCINDEXEDPOLYGONALFACE((40,38,50));
#843=IFCINDEXEDPOLYGONALFACE((272,85,20));
#844=IFCINDEXEDPOLYGONALFACE((215,48,361));
#845=IFCINDEXEDPOLYGONALFACE((39,241,301));
#846=IFCINDEXEDPOLYGONALFACE((311,292,263));
#847=IFCINDEXEDPOLYGONALFACE((69,86,43));
#848=IFCINDEXEDPOLYGONALFACE((310,161,178));
#849=IFCINDEXEDPOLYGONALFACE((202,169,78));
#850=IFCINDEXEDPOLYGONALFACE((248,250,247));
#851=IFCINDEXEDPOLYGONALFACE((296,138,360));
#852=IFCINDEXEDPOLYGONALFACE((42,9,23));
#853=IFCINDEXEDPOLYGONALFACE((203,206,85));
#854=IFCINDEXEDPOLYGONALFACE((202,272,169));
#855=IFCINDEXEDPOLYGONALFACE((342,344,337,336));
#856=IFCINDEXEDPOLYGONALFACE((129,35,19));
#857=IFCINDEXEDPOLYGONALFACE((2,162,191));
#858=IFCINDEXEDPOLYGONALFACE((366,306,98));
#859=IFCINDEXEDPOLYGONALFACE((361,363,356,354));
#860=IFCINDEXEDPOLYGONALFACE((68,17,134));
#861=IFCINDEXEDPOLYGONALFACE((54,173,201));
#862=IFCINDEXEDPOLYGONALFACE((210,167,151));
#863=IFCINDEXEDPOLYGONALFACE((156,171,97));
#864=IFCINDEXEDPOLYGONALFACE((54,151,93));
#865=IFCINDEXEDPOLYGONALFACE((59,8,196));
#866=IFCINDEXEDPOLYGONALFACE((213,210,90));
#867=IFCINDEXEDPOLYGONALFACE((54,371,373));
#868=IFCINDEXEDPOLYGONALFACE((130,243,209));
#869=IFCINDEXEDPOLYGONALFACE((359,214,282,280));
#870=IFCINDEXEDPOLYGONALFACE((142,117,188));
#871=IFCINDEXEDPOLYGONALFACE((28,367,368));
#872=IFCINDEXEDPOLYGONALFACE((237,228,229));
#873=IFCINDEXEDPOLYGONALFACE((362,105,99));
#874=IFCINDEXEDPOLYGONALFACE((291,314,265));
#875=IFCINDEXEDPOLYGONALFACE((45,70,18));
#876=IFCINDEXEDPOLYGONALFACE((210,372,167));
#877=IFCINDEXEDPOLYGONALFACE((62,63,176));
#878=IFCINDEXEDPOLYGONALFACE((91,19,35));
#879=IFCINDEXEDPOLYGONALFACE((206,203,211));
#880=IFCINDEXEDPOLYGONALFACE((269,260,261));
#881=IFCINDEXEDPOLYGONALFACE((53,35,129));
#882=IFCINDEXEDPOLYGONALFACE((54,29,151));
#883=IFCINDEXEDPOLYGONALFACE((130,368,370));
#884=IFCINDEXEDPOLYGONALFACE((67,187,189));
#885=IFCINDEXEDPOLYGONALFACE((371,25,124));
#886=IFCINDEXEDPOLYGONALFACE((130,209,368));
#887=IFCINDEXEDPOLYGONALFACE((243,130,370));
#888=IFCINDEXEDPOLYGONALFACE((213,227,210));
#889=IFCINDEXEDPOLYGONALFACE((227,372,210));
#890=IFCINDEXEDPOLYGONALFACE((167,93,151));
#891=IFCINDEXEDPOLYGONALFACE((372,227,25));
#892=IFCINDEXEDPOLYGONALFACE((373,29,54));
#893=IFCINDEXEDPOLYGONALFACE((213,369,227));
#894=IFCINDEXEDPOLYGONALFACE((371,124,373));
#895=IFCINDEXEDPOLYGONALFACE((341,348,350,342));
#896=IFCINDEXEDPOLYGONALFACE((135,66,217));
#897=IFCINDEXEDPOLYGONALFACE((65,371,33));
#898=IFCINDEXEDPOLYGONALFACE((350,354,356,351));
#899=IFCINDEXEDPOLYGONALFACE((333,330,178));
#900=IFCINDEXEDPOLYGONALFACE((315,254,323));
#901=IFCINDEXEDPOLYGONALFACE((127,12,30));
#902=IFCINDEXEDPOLYGONALFACE((100,128,31));
#903=IFCINDEXEDPOLYGONALFACE((319,5,77));
#904=IFCINDEXEDPOLYGONALFACE((374,158,2));
#905=IFCINDEXEDPOLYGONALFACE((375,83,374));
#906=IFCINDEXEDPOLYGONALFACE((314,274,311));
#907=IFCINDEXEDPOLYGONALFACE((21,4,52));
#908=IFCINDEXEDPOLYGONALFACE((288,144,180));
#909=IFCINDEXEDPOLYGONALFACE((241,137,219));
#910=IFCINDEXEDPOLYGONALFACE((60,76,45));
#911=IFCINDEXEDPOLYGONALFACE((10,62,176));
#912=IFCINDEXEDPOLYGONALFACE((220,147,106));
#913=IFCINDEXEDPOLYGONALFACE((90,29,373));
#914=IFCINDEXEDPOLYGONALFACE((70,148,199));
#915=IFCINDEXEDPOLYGONALFACE((103,37,36));
#916=IFCINDEXEDPOLYGONALFACE((71,197,306));
#917=IFCINDEXEDPOLYGONALFACE((117,187,44));
#918=IFCINDEXEDPOLYGONALFACE((62,44,56));
#919=IFCINDEXEDPOLYGONALFACE((254,252,244));
#920=IFCINDEXEDPOLYGONALFACE((59,196,159));
#921=IFCINDEXEDPOLYGONALFACE((158,141,154));
#922=IFCINDEXEDPOLYGONALFACE((300,301,241));
#923=IFCINDEXEDPOLYGONALFACE((23,127,32));
#924=IFCINDEXEDPOLYGONALFACE((309,303,304));
#925=IFCINDEXEDPOLYGONALFACE((295,329,304));
#926=IFCINDEXEDPOLYGONALFACE((369,367,25));
#927=IFCINDEXEDPOLYGONALFACE((119,102,106));
#928=IFCINDEXEDPOLYGONALFACE((232,269,318));
#929=IFCINDEXEDPOLYGONALFACE((208,170,63));
#930=IFCINDEXEDPOLYGONALFACE((239,97,171));
#931=IFCINDEXEDPOLYGONALFACE((124,28,213));
#932=IFCINDEXEDPOLYGONALFACE((268,155,75));
#933=IFCINDEXEDPOLYGONALFACE((101,270,269));
#934=IFCINDEXEDPOLYGONALFACE((277,9,7));
#935=IFCINDEXEDPOLYGONALFACE((320,306,236));
#936=IFCINDEXEDPOLYGONALFACE((222,193,236));
#937=IFCINDEXEDPOLYGONALFACE((173,115,50));
#938=IFCINDEXEDPOLYGONALFACE((299,313,267));
#939=IFCINDEXEDPOLYGONALFACE((162,207,212));
#940=IFCINDEXEDPOLYGONALFACE((98,306,197));
#941=IFCINDEXEDPOLYGONALFACE((295,296,328));
#942=IFCINDEXEDPOLYGONALFACE((84,81,128));
#943=IFCINDEXEDPOLYGONALFACE((302,299,297));
#944=IFCINDEXEDPOLYGONALFACE((212,115,173));
#945=IFCINDEXEDPOLYGONALFACE((317,323,254));
#946=IFCINDEXEDPOLYGONALFACE((211,205,204));
#947=IFCINDEXEDPOLYGONALFACE((39,177,175));
#948=IFCINDEXEDPOLYGONALFACE((334,263,292));
#949=IFCINDEXEDPOLYGONALFACE((283,279,286));
#950=IFCINDEXEDPOLYGONALFACE((129,38,16));
#951=IFCINDEXEDPOLYGONALFACE((102,349,249));
#952=IFCINDEXEDPOLYGONALFACE((197,71,12));
#953=IFCINDEXEDPOLYGONALFACE((330,331,310));
#954=IFCINDEXEDPOLYGONALFACE((300,308,310));
#955=IFCINDEXEDPOLYGONALFACE((205,203,190));
#956=IFCINDEXEDPOLYGONALFACE((133,1,2));
#957=IFCINDEXEDPOLYGONALFACE((85,206,92));
#958=IFCINDEXEDPOLYGONALFACE((360,234,39));
#959=IFCINDEXEDPOLYGONALFACE((122,157,47));
#960=IFCINDEXEDPOLYGONALFACE((281,280,282));
#961=IFCINDEXEDPOLYGONALFACE((250,220,249));
#962=IFCINDEXEDPOLYGONALFACE((58,55,214));
#963=IFCINDEXEDPOLYGONALFACE((234,360,138));
#964=IFCINDEXEDPOLYGONALFACE((141,172,298));
#965=IFCINDEXEDPOLYGONALFACE((27,112,45));
#966=IFCINDEXEDPOLYGONALFACE((146,182,181));
#967=IFCINDEXEDPOLYGONALFACE((144,145,181));
#968=IFCINDEXEDPOLYGONALFACE((195,194,185));
#969=IFCINDEXEDPOLYGONALFACE((228,221,223));
#970=IFCINDEXEDPOLYGONALFACE((49,215,358));
#971=IFCINDEXEDPOLYGONALFACE((74,163,34));
#972=IFCINDEXEDPOLYGONALFACE((221,72,218));
#973=IFCINDEXEDPOLYGONALFACE((146,145,107));
#974=IFCINDEXEDPOLYGONALFACE((194,195,204));
#975=IFCINDEXEDPOLYGONALFACE((46,123,64));
#976=IFCINDEXEDPOLYGONALFACE((366,98,86));
#977=IFCINDEXEDPOLYGONALFACE((48,107,114));
#978=IFCINDEXEDPOLYGONALFACE((198,104,95));
#979=IFCINDEXEDPOLYGONALFACE((74,183,132));
#980=IFCINDEXEDPOLYGONALFACE((21,30,12));
#981=IFCINDEXEDPOLYGONALFACE((288,150,111));
#982=IFCINDEXEDPOLYGONALFACE((75,155,225));
#983=IFCINDEXEDPOLYGONALFACE((166,168,262));
#984=IFCINDEXEDPOLYGONALFACE((223,119,230));
#985=IFCINDEXEDPOLYGONALFACE((26,20,92));
#986=IFCINDEXEDPOLYGONALFACE((219,235,88));
#987=IFCINDEXEDPOLYGONALFACE((322,264,325));
#988=IFCINDEXEDPOLYGONALFACE((257,224,220));
#989=IFCINDEXEDPOLYGONALFACE((289,309,104));
#990=IFCINDEXEDPOLYGONALFACE((228,146,108));
#991=IFCINDEXEDPOLYGONALFACE((119,223,218));
#992=IFCINDEXEDPOLYGONALFACE((367,28,124));
#993=IFCINDEXEDPOLYGONALFACE((327,324,325));
#994=IFCINDEXEDPOLYGONALFACE((40,50,115));
#995=IFCINDEXEDPOLYGONALFACE((321,252,248));
#996=IFCINDEXEDPOLYGONALFACE((13,86,98));
#997=IFCINDEXEDPOLYGONALFACE((5,375,374));
#998=IFCINDEXEDPOLYGONALFACE((135,217,87));
#999=IFCINDEXEDPOLYGONALFACE((156,147,224));
#1000=IFCINDEXEDPOLYGONALFACE((163,74,63));
#1001=IFCINDEXEDPOLYGONALFACE((56,157,142));
#1002=IFCINDEXEDPOLYGONALFACE((88,190,203));
#1003=IFCINDEXEDPOLYGONALFACE((24,34,163));
#1004=IFCINDEXEDPOLYGONALFACE((14,202,78));
#1005=IFCINDEXEDPOLYGONALFACE((248,252,260));
#1006=IFCINDEXEDPOLYGONALFACE((78,169,26));
#1007=IFCINDEXEDPOLYGONALFACE((16,134,17));
#1008=IFCINDEXEDPOLYGONALFACE((161,160,164));
#1009=IFCINDEXEDPOLYGONALFACE((291,284,287));
#1010=IFCINDEXEDPOLYGONALFACE((127,30,18));
#1011=IFCINDEXEDPOLYGONALFACE((182,192,199));
#1012=IFCINDEXEDPOLYGONALFACE((319,77,71));
#1013=IFCINDEXEDPOLYGONALFACE((225,69,232));
#1014=IFCINDEXEDPOLYGONALFACE((302,303,309));
#1015=IFCINDEXEDPOLYGONALFACE((13,7,36));
#1016=IFCINDEXEDPOLYGONALFACE((308,22,87));
#1017=IFCINDEXEDPOLYGONALFACE((262,139,79));
#1018=IFCINDEXEDPOLYGONALFACE((131,24,73));
#1019=IFCINDEXEDPOLYGONALFACE((370,369,213));
#1020=IFCINDEXEDPOLYGONALFACE((92,206,100));
#1021=IFCINDEXEDPOLYGONALFACE((89,136,233));
#1022=IFCINDEXEDPOLYGONALFACE((332,316,165));
#1023=IFCINDEXEDPOLYGONALFACE((189,122,136));
#1024=IFCINDEXEDPOLYGONALFACE((326,316,332));
#1025=IFCINDEXEDPOLYGONALFACE((117,142,122));
#1026=IFCINDEXEDPOLYGONALFACE((132,134,16));
#1027=IFCINDEXEDPOLYGONALFACE((134,132,183));
#1028=IFCINDEXEDPOLYGONALFACE((239,238,230));
#1029=IFCINDEXEDPOLYGONALFACE((180,181,96));
#1030=IFCINDEXEDPOLYGONALFACE((99,105,113));
#1031=IFCINDEXEDPOLYGONALFACE((22,61,131));
#1032=IFCINDEXEDPOLYGONALFACE((321,247,249));
#1033=IFCINDEXEDPOLYGONALFACE((156,97,120));
#1034=IFCINDEXEDPOLYGONALFACE((148,96,181));
#1035=IFCINDEXEDPOLYGONALFACE((152,125,126));
#1036=IFCINDEXEDPOLYGONALFACE((240,36,37));
#1037=IFCINDEXEDPOLYGONALFACE((14,68,183));
#1038=IFCINDEXEDPOLYGONALFACE((293,296,295));
#1039=IFCINDEXEDPOLYGONALFACE((148,70,112));
#1040=IFCINDEXEDPOLYGONALFACE((313,299,325));
#1041=IFCINDEXEDPOLYGONALFACE((154,66,170));
#1042=IFCINDEXEDPOLYGONALFACE((226,6,123));
#1043=IFCINDEXEDPOLYGONALFACE((349,347,339));
#1044=IFCINDEXEDPOLYGONALFACE((318,315,324));
#1045=IFCINDEXEDPOLYGONALFACE((326,325,299));
#1046=IFCINDEXEDPOLYGONALFACE((112,27,59));
#1047=IFCINDEXEDPOLYGONALFACE((262,168,198));
#1048=IFCINDEXEDPOLYGONALFACE((272,202,51));
#1049=IFCINDEXEDPOLYGONALFACE((318,269,261));
#1050=IFCINDEXEDPOLYGONALFACE((167,65,57));
#1051=IFCINDEXEDPOLYGONALFACE((271,270,266));
#1052=IFCINDEXEDPOLYGONALFACE((218,72,246));
#1053=IFCINDEXEDPOLYGONALFACE((94,149,179));
#1054=IFCINDEXEDPOLYGONALFACE((40,62,153));
#1055=IFCINDEXEDPOLYGONALFACE((8,84,121));
#1056=IFCINDEXEDPOLYGONALFACE((32,18,64));
#1057=IFCINDEXEDPOLYGONALFACE((88,15,109));
#1058=IFCINDEXEDPOLYGONALFACE((133,31,128));
#1059=IFCINDEXEDPOLYGONALFACE((193,79,319));
#1060=IFCINDEXEDPOLYGONALFACE((370,368,367));
#1061=IFCINDEXEDPOLYGONALFACE((6,103,9));
#1062=IFCINDEXEDPOLYGONALFACE((214,55,186));
#1063=IFCINDEXEDPOLYGONALFACE((200,222,75));
#1064=IFCINDEXEDPOLYGONALFACE((375,319,79));
#1065=IFCINDEXEDPOLYGONALFACE((95,104,309));
#1066=IFCINDEXEDPOLYGONALFACE((221,108,49));
#1067=IFCINDEXEDPOLYGONALFACE((36,240,273));
#1068=IFCINDEXEDPOLYGONALFACE((69,225,155));
#1069=IFCINDEXEDPOLYGONALFACE((316,326,302));
#1070=IFCINDEXEDPOLYGONALFACE((297,294,304));
#1071=IFCINDEXEDPOLYGONALFACE((195,179,159));
#1072=IFCINDEXEDPOLYGONALFACE((110,281,186));
#1073=IFCINDEXEDPOLYGONALFACE((323,322,324));
#1074=IFCINDEXEDPOLYGONALFACE((172,141,83));
#1075=IFCINDEXEDPOLYGONALFACE((61,307,219));
#1076=IFCINDEXEDPOLYGONALFACE((283,284,291));
#1077=IFCINDEXEDPOLYGONALFACE((184,235,175));
#1078=IFCINDEXEDPOLYGONALFACE((349,102,246));
#1079=IFCINDEXEDPOLYGONALFACE((174,165,166));
#1080=IFCINDEXEDPOLYGONALFACE((48,105,363));
#1081=IFCINDEXEDPOLYGONALFACE((199,192,237));
#1082=IFCINDEXEDPOLYGONALFACE((164,172,242));
#1083=IFCINDEXEDPOLYGONALFACE((217,66,298));
#1084=IFCINDEXEDPOLYGONALFACE((193,222,200));
#1085=IFCINDEXEDPOLYGONALFACE((253,168,166));
#1086=IFCINDEXEDPOLYGONALFACE((202,14,116));
#1087=IFCINDEXEDPOLYGONALFACE((236,306,366));
#1088=IFCINDEXEDPOLYGONALFACE((170,66,73));
#1089=IFCINDEXEDPOLYGONALFACE((360,300,328));
#1090=IFCINDEXEDPOLYGONALFACE((143,285,110));
#1091=IFCINDEXEDPOLYGONALFACE((252,254,261));
#1092=IFCINDEXEDPOLYGONALFACE((131,109,116));
#1093=IFCINDEXEDPOLYGONALFACE((104,198,168));
#1094=IFCINDEXEDPOLYGONALFACE((126,58,99));
#1095=IFCINDEXEDPOLYGONALFACE((47,67,275));
#1096=IFCINDEXEDPOLYGONALFACE((230,119,120));
#1097=IFCINDEXEDPOLYGONALFACE((67,259,89));
#1098=IFCINDEXEDPOLYGONALFACE((257,256,271));
#1099=IFCINDEXEDPOLYGONALFACE((257,255,231));
#1100=IFCINDEXEDPOLYGONALFACE((316,289,253));
#1101=IFCINDEXEDPOLYGONALFACE((17,26,3));
#1102=IFCINDEXEDPOLYGONALFACE((273,240,171));
#1103=IFCINDEXEDPOLYGONALFACE((362,99,58));
#1104=IFCINDEXEDPOLYGONALFACE((48,49,108));
#1105=IFCINDEXEDPOLYGONALFACE((160,298,172));
#1106=IFCINDEXEDPOLYGONALFACE((190,88,235));
#1107=IFCINDEXEDPOLYGONALFACE((258,270,271));
#1108=IFCINDEXEDPOLYGONALFACE((155,268,366));
#1109=IFCINDEXEDPOLYGONALFACE((169,272,20));
#1110=IFCINDEXEDPOLYGONALFACE((312,332,174));
#1111=IFCINDEXEDPOLYGONALFACE((273,101,43));
#1112=IFCINDEXEDPOLYGONALFACE((264,322,317));
#1113=IFCINDEXEDPOLYGONALFACE((287,138,296));
#1114=IFCINDEXEDPOLYGONALFACE((159,179,149));
#1115=IFCINDEXEDPOLYGONALFACE((267,313,305));
#1116=IFCINDEXEDPOLYGONALFACE((126,111,150));
#1117=IFCINDEXEDPOLYGONALFACE((288,113,114));
#1118=IFCINDEXEDPOLYGONALFACE((266,270,101));
#1119=IFCINDEXEDPOLYGONALFACE((123,6,42));
#1120=IFCINDEXEDPOLYGONALFACE((255,266,171));
#1121=IFCINDEXEDPOLYGONALFACE((34,24,116));
#1122=IFCINDEXEDPOLYGONALFACE((91,35,3));
#1123=IFCINDEXEDPOLYGONALFACE((287,285,143));
#1124=IFCINDEXEDPOLYGONALFACE((77,4,12));
#1125=IFCINDEXEDPOLYGONALFACE((95,333,178));
#1126=IFCINDEXEDPOLYGONALFACE((285,279,280));
#1127=IFCINDEXEDPOLYGONALFACE((242,83,139));
#1128=IFCINDEXEDPOLYGONALFACE((332,312,318));
#1129=IFCINDEXEDPOLYGONALFACE((226,238,239));
#1130=IFCINDEXEDPOLYGONALFACE((175,235,219));
#1131=IFCINDEXEDPOLYGONALFACE((177,152,94));
#1132=IFCINDEXEDPOLYGONALFACE((103,6,226));
#1133=IFCINDEXEDPOLYGONALFACE((372,25,371));
#1134=IFCINDEXEDPOLYGONALFACE((101,232,69));
#1135=IFCINDEXEDPOLYGONALFACE((146,228,192));
#1136=IFCINDEXEDPOLYGONALFACE((52,4,77));
#1137=IFCINDEXEDPOLYGONALFACE((133,81,60));
#1138=IFCINDEXEDPOLYGONALFACE((28,209,243));
#1139=IFCINDEXEDPOLYGONALFACE((110,58,126));
#1140=IFCINDEXEDPOLYGONALFACE((140,142,188));
#1141=IFCINDEXEDPOLYGONALFACE((82,109,131));
#1142=IFCINDEXEDPOLYGONALFACE((109,15,51));
#1143=IFCINDEXEDPOLYGONALFACE((210,151,29));
#1144=IFCINDEXEDPOLYGONALFACE((45,18,30));
#1145=IFCINDEXEDPOLYGONALFACE((204,195,196));
#1146=IFCINDEXEDPOLYGONALFACE((229,230,238));
#1147=IFCINDEXEDPOLYGONALFACE((161,87,217));
#1148=IFCINDEXEDPOLYGONALFACE((305,313,264));
#1149=IFCINDEXEDPOLYGONALFACE((84,76,60));
#1150=IFCINDEXEDPOLYGONALFACE((185,194,190));
#1151=IFCINDEXEDPOLYGONALFACE((5,1,133));
#1152=IFCINDEXEDPOLYGONALFACE((226,46,237));
#1153=IFCINDEXEDPOLYGONALFACE((23,9,277));
#1154=IFCINDEXEDPOLYGONALFACE((76,84,8));
#1155=IFCINDEXEDPOLYGONALFACE((294,267,274));
#1156=IFCINDEXEDPOLYGONALFACE((145,144,114));
#1157=IFCINDEXEDPOLYGONALFACE((41,15,203));
#1158=IFCINDEXEDPOLYGONALFACE((13,11,43));
#1159=IFCINDEXEDPOLYGONALFACE((234,143,125));
#1160=IFCINDEXEDPOLYGONALFACE((40,16,38));
#1161=IFCINDEXEDPOLYGONALFACE((272,41,85));
#1162=IFCINDEXEDPOLYGONALFACE((215,49,48));
#1163=IFCINDEXEDPOLYGONALFACE((39,137,241));
#1164=IFCINDEXEDPOLYGONALFACE((311,274,292));
#1165=IFCINDEXEDPOLYGONALFACE((69,251,86));
#1166=IFCINDEXEDPOLYGONALFACE((310,87,161));
#1167=IFCINDEXEDPOLYGONALFACE((248,256,250));
#1168=IFCINDEXEDPOLYGONALFACE((68,78,17));
#1169=IFCINDEXEDPOLYGONALFACE((156,231,171));
#1170=IFCINDEXEDPOLYGONALFACE((59,27,8));
#1171=IFCINDEXEDPOLYGONALFACE((54,33,371));
#1172=IFCINDEXEDPOLYGONALFACE((237,192,228));
#1173=IFCINDEXEDPOLYGONALFACE((362,363,105));
#1174=IFCINDEXEDPOLYGONALFACE((291,293,314));
#1175=IFCINDEXEDPOLYGONALFACE((45,112,70));
#1176=IFCINDEXEDPOLYGONALFACE((62,40,63));
#1177=IFCINDEXEDPOLYGONALFACE((91,31,19));
#1178=IFCINDEXEDPOLYGONALFACE((269,270,260));
#1179=IFCINDEXEDPOLYGONALFACE((53,3,35));
#1180=IFCINDEXEDPOLYGONALFACE((67,47,187));
#1181=IFCINDEXEDPOLYGONALFACE((135,73,66));
#1182=IFCINDEXEDPOLYGONALFACE((333,329,330));
#1183=IFCINDEXEDPOLYGONALFACE((315,261,254));
#1184=IFCINDEXEDPOLYGONALFACE((127,23,12));
#1185=IFCINDEXEDPOLYGONALFACE((100,121,128));
#1186=IFCINDEXEDPOLYGONALFACE((319,375,5));
#1187=IFCINDEXEDPOLYGONALFACE((374,83,158));
#1188=IFCINDEXEDPOLYGONALFACE((375,139,83));
#1189=IFCINDEXEDPOLYGONALFACE((314,293,274));
#1190=IFCPOLYGONALFACESET(#476,.F.,(#477,#478,#479,#480,#481,#482,#483,#484,#485,#486,#487,#488,#489,#490,#491,#492,#493,#494,#495,#496,#497,#498,#499,#500,#501,#502,#503,#504,#505,#506,#507,#508,#509,#510,#511,#512,#513,#514,#515,#516,#517,#518,#519,#520,#521,#522,#523,#524,#525,#526,#527,#528,#529,#530,#531,#532,#533,#534,#535,#536,#537,#538,#539,#540,#541,#542,#543,#544,#545,#546,#547,#548,#549,#550,#551,#552,#553,#554,#555,#556,#557,#558,#559,#560,#561,#562,#563,#564,#565,#566,#567,#568,#569,#570,#571,#572,#573,#574,#575,#576,#577,#578,#579,#580,#581,#582,#583,#584,#585,#586,#587,#588,#589,#590,#591,#592,#593,#594,#595,#596,#597,#598,#599,#600,#601,#602,#603,#604,#605,#606,#607,#608,#609,#610,#611,#612,#613,#614,#615,#616,#617,#618,#619,#620,#621,#622,#623,#624,#625,#626,#627,#628,#629,#630,#631,#632,#633,#634,#635,#636,#637,#638,#639,#640,#641,#642,#643,#644,#645,#646,#647,#648,#649,#650,#651,#652,#653,#654,#655,#656,#657,#658,#659,#660,#661,#662,#663,#664,#665,#666,#667,#668,#669,#670,#671,#672,#673,#674,#675,#676,#677,#678,#679,#680,#681,#682,#683,#684,#685,#686,#687,#688,#689,#690,#691,#692,#693,#694,#695,#696,#697,#698,#699,#700,#701,#702,#703,#704,#705,#706,#707,#708,#709,#710,#711,#712,#713,#714,#715,#716,#717,#718,#719,#720,#721,#722,#723,#724,#725,#726,#727,#728,#729,#730,#731,#732,#733,#734,#735,#736,#737,#738,#739,#740,#741,#742,#743,#744,#745,#746,#747,#748,#749,#750,#751,#752,#753,#754,#755,#756,#757,#758,#759,#760,#761,#762,#763,#764,#765,#766,#767,#768,#769,#770,#771,#772,#773,#774,#775,#776,#777,#778,#779,#780,#781,#782,#783,#784,#785,#786,#787,#788,#789,#790,#791,#792,#793,#794,#795,#796,#797,#798,#799,#800,#801,#802,#803,#804,#805,#806,#807,#808,#809,#810,#811,#812,#813,#814,#815,#816,#817,#818,#819,#820,#821,#822,#823,#824,#825,#826,#827,#828,#829,#830,#831,#832,#833,#834,#835,#836,#837,#838,#839,#840,#841,#842,#843,#844,#845,#846,#847,#848,#849,#850,#851,#852,#853,#854,#855,#856,#857,#858,#859,#860,#861,#862,#863,#864,#865,#866,#867,#868,#869,#870,#871,#872,#873,#874,#875,#876,#877,#878,#879,#880,#881,#882,#883,#884,#885,#886,#887,#888,#889,#890,#891,#892,#893,#894,#895,#896,#897,#898,#899,#900,#901,#902,#903,#904,#905,#906,#907,#908,#909,#910,#911,#912,#913,#914,#915,#916,#917,#918,#919,#920,#921,#922,#923,#924,#925,#926,#927,#928,#929,#930,#931,#932,#933,#934,#935,#936,#937,#938,#939,#940,#941,#942,#943,#944,#945,#946,#947,#948,#949,#950,#951,#952,#953,#954,#955,#956,#957,#958,#959,#960,#961,#962,#963,#964,#965,#966,#967,#968,#969,#970,#971,#972,#973,#974,#975,#976,#977,#978,#979,#980,#981,#982,#983,#984,#985,#986,#987,#988,#989,#990,#991,#992,#993,#994,#995,#996,#997,#998,#999,#1000,#1001,#1002,#1003,#1004,#1005,#1006,#1007,#1008,#1009,#1010,#1011,#1012,#1013,#1014,#1015,#1016,#1017,#1018,#1019,#1020,#1021,#1022,#1023,#1024,#1025,#1026,#1027,#1028,#1029,#1030,#1031,#1032,#1033,#1034,#1035,#1036,#1037,#1038,#1039,#1040,#1041,#1042,#1043,#1044,#1045,#1046,#1047,#1048,#1049,#1050,#1051,#1052,#1053,#1054,#1055,#1056,#1057,#1058,#1059,#1060,#1061,#1062,#1063,#1064,#1065,#1066,#1067,#1068,#1069,#1070,#1071,#1072,#1073,#1074,#1075,#1076,#1077,#1078,#1079,#1080,#1081,#1082,#1083,#1084,#1085,#1086,#1087,#1088,#1089,#1090,#1091,#1092,#1093,#1094,#1095,#1096,#1097,#1098,#1099,#1100,#1101,#1102,#1103,#1104,#1105,#1106,#1107,#1108,#1109,#1110,#1111,#1112,#1113,#1114,#1115,#1116,#1117,#1118,#1119,#1120,#1121,#1122,#1123,#1124,#1125,#1126,#1127,#1128,#1129,#1130,#1131,#1132,#1133,#1134,#1135,#1136,#1137,#1138,#1139,#1140,#1141,#1142,#1143,#1144,#1145,#1146,#1147,#1148,#1149,#1150,#1151,#1152,#1153,#1154,#1155,#1156,#1157,#1158,#1159,#1160,#1161,#1162,#1163,#1164,#1165,#1166,#1167,#1168,#1169,#1170,#1171,#1172,#1173,#1174,#1175,#1176,#1177,#1178,#1179,#1180,#1181,#1182,#1183,#1184,#1185,#1186,#1187,#1188,#1189),$);
#1191=IFCSHAPEREPRESENTATION(#15,'Body','Tessellation',(#1190));
#1192=IFCREPRESENTATIONMAP(#469,#1191);
#1193=IFCCARTESIANPOINT((0.,0.,0.));
#1194=IFCDIRECTION((0.,0.,1.));
#1195=IFCDIRECTION((1.,0.,0.));
#1196=IFCAXIS2PLACEMENT3D(#1193,#1194,#1195);
#1202=IFCCARTESIANPOINTLIST2D(((-0.161386370658875,0.000390071421861649),(-0.16297847032547,0.0306398719549179),(-0.152914509177208,0.0576198659837246),(-0.148716494441032,0.0795774236321449),(-0.149392008781433,0.102066904306412),(-0.15144681930542,0.125798091292381),(-0.157580137252808,0.132616892457008),(-0.169090509414673,0.130419373512268),(-0.180844187736511,0.118465758860111),(-0.182052731513977,0.0906300097703934),(-0.183831930160522,0.0552833341062069),(-0.183684945106506,0.0396271869540215),(-0.192724362015724,-0.00467484071850777)),$);
#1203=IFCINDEXEDPOLYCURVE(#1202,$,$);
#1204=IFCCARTESIANPOINTLIST2D(((-0.173348978161812,0.0203548446297646),(-0.16315957903862,0.0617493018507957),(-0.157428041100502,0.0974122136831284),(-0.165070101618767,0.119064696133137)),$);
#1205=IFCINDEXEDPOLYCURVE(#1204,$,$);
#1206=IFCCARTESIANPOINTLIST2D(((-0.160456106066704,0.03740194439888),(-0.130220890045166,0.0479081235826015),(-0.0977480411529541,0.0540151223540306),(-0.074405312538147,0.0735662579536438),(-0.0373027324676514,0.0895451977849007),(-0.00524431467056274,0.0854801684617996),(0.0449999570846558,0.0689153224229813),(0.0768988728523254,0.0420413166284561),(0.100000023841858,0.0200000032782555),(0.112531423568726,-0.0134119689464569),(0.11093932390213,-0.0415389761328697),(0.101917445659637,-0.0744422599673271),(0.128680348396301,-0.0638554915785789),(0.138488471508026,-0.0432419404387474),(0.134837985038757,-0.0135693177580833),(0.123972177505493,0.00519884377717972),(0.100000023841858,0.0200000032782555)),$);
#1207=IFCINDEXEDPOLYCURVE(#1206,$,$);
#1208=IFCCARTESIANPOINTLIST2D(((-0.0413289070129395,0.0605994611978531),(-0.0554808378219604,0.0468897596001625),(-0.0780355930328369,0.0367180481553078),(-0.0992635488510132,0.0185858532786369),(-0.136412382125854,0.00443390011787415)),$);
#1209=IFCINDEXEDPOLYCURVE(#1208,$,$);
#1210=IFCCARTESIANPOINTLIST2D(((-0.14391028881073,0.00847188383340836),(-0.127020835876465,0.0233357548713684),(-0.0995742082595825,0.049370177090168),(-0.0685850381851196,0.0688069462776184),(-0.0296431183815002,0.0763391554355621),(-0.0267347097396851,0.07121342420578),(-0.0338107347488403,0.0583882182836533),(-0.0585765838623047,0.0190281048417091),(-0.103685975074768,-0.00794906169176102),(-0.130663156509399,-0.0145827829837799)),$);
#1211=IFCINDEXEDPOLYCURVE(#1210,$,$);
#1212=IFCCARTESIANPOINTLIST2D(((0.101917445659637,-0.0744422599673271),(0.0776327848434448,-0.0989715680480003),(0.0435214042663574,-0.123003117740154),(-0.00187504291534424,-0.136098772287369),(-0.0447412729263306,-0.130966305732727),(-0.0755681991577148,-0.105624251067638),(-0.114447318017483,-0.103237792849541),(-0.148344993591309,-0.102713964879513),(-0.129387378692627,-0.0837726220488548),(-0.112089991569519,-0.0523208752274513)),$);
#1213=IFCINDEXEDPOLYCURVE(#1212,$,$);
#1214=IFCCARTESIANPOINTLIST2D(((-0.148344993591309,-0.102713964879513),(-0.16057014465332,-0.11072414368391),(-0.187541648745537,-0.117346309125423),(-0.205768346786499,-0.106695257127285),(-0.214284062385559,-0.0905132815241814),(-0.222012758255005,-0.0435851588845253),(-0.217635273933411,-0.0236888602375984),(-0.189349979162216,0.0118629187345505)),$);
#1215=IFCINDEXEDPOLYCURVE(#1214,$,$);
#1216=IFCGEOMETRICCURVESET((#1203,#1205,#1207,#1209,#1211,#1213,#1215));
#1217=IFCSHAPEREPRESENTATION(#28,'Body','Annotation2D',(#1216));
#1218=IFCREPRESENTATIONMAP(#1196,#1217);
#1219=IFCFURNITURETYPE('02XxQ_3oT0SPrmFPATrt7o',$,'BUN01',$,$,$,(#1192,#1218),$,$,.NOTDEFINED.,.NOTDEFINED.);
#1220=IFCWALL('3KkvfcArz8VeHF4xGoxgBw',$,'Wall',$,$,#29027,#1228,$,$);
#1221=IFCRELCONTAINEDINSPATIALSTRUCTURE('0lxCDhhiXEfwpLf7midZx9',$,$,$,(#2582,#2482,#2507,#2407,#3370,#4250,#4106,#2607,#2532,#2432,#2457,#2632,#1788,#2381,#2294,#4239,#3190,#3433,#2557,#28532),#43);
#1222=IFCRELDEFINESBYTYPE('2vjJv_VL5ER9vlzBqSkhGK',$,$,$,(#25544,#25392,#4569,#10573,#17334,#17206,#16830,#25642,#10051,#7405,#4324,#4808,#9901,#17758,#22532,#22589,#20375,#20507,#7229,#6663,#9751,#17291,#9951,#20104,#1845,#1900,#1220,#25089,#25210,#9801,#9235,#10001,#8326,#11150,#11812,#10243,#9926,#10410,#1875,#24247,#22055,#8484,#20204,#11334,#16944,#9976,#4599,#10460,#25468,#25569,#24823,#10026,#8514,#7662,#8868,#8914,#21083,#7842,#25969,#7327,#10435,#17044,#4261,#9726,#1959,#27121,#28252),#393);
#1223=IFCMATERIALLAYERSETUSAGE(#396,.AXIS2.,.POSITIVE.,0.,$);
#1224=IFCRELASSOCIATESMATERIAL('0jObkbMBv05f0ZR3k157WS',$,$,$,(#1220),#1223);
#1228=IFCPRODUCTDEFINITIONSHAPE($,$,(#25196,#25193));
#1244=IFCPROPERTYSET('3zUHlExYH6KPIWOZTDmAhX',$,'EPset_Parametric',$,(#1246));
#1245=IFCRELDEFINESBYPROPERTIES('0RwOxpfhnFaBAdCgrlSEHr',$,$,$,(#1220),#1244);
#1246=IFCPROPERTYSINGLEVALUE('Engine',$,IFCLABEL('Bonsai.DumbLayer2'),$);
#1260=IFCCARTESIANPOINT((0.,0.,0.));
#1261=IFCDIRECTION((0.,0.,1.));
#1262=IFCDIRECTION((1.,0.,0.));
#1263=IFCAXIS2PLACEMENT3D(#1260,#1261,#1262);
#1270=IFCCARTESIANPOINT((-0.942007720470428,-2.55183839797974,0.));
#1271=IFCBOUNDINGBOX(#1270,1.88401556015015,5.18813323974609,1.77597832679749);
#1272=IFCSHAPEREPRESENTATION(#17,'Box','BoundingBox',(#1271));
#1273=IFCREPRESENTATIONMAP(#1263,#1272);
#1274=IFCCARTESIANPOINT((0.,0.,0.));
#1275=IFCDIRECTION((0.,0.,1.));
#1276=IFCDIRECTION((1.,0.,0.));
#1277=IFCAXIS2PLACEMENT3D(#1274,#1275,#1276);
#1279=IFCCARTESIANPOINTLIST3D(((-0.942007601261139,-1.58715486526489,1.233726978302),(0.942007303237915,-1.58715522289276,1.233726978302),(0.942007303237915,-1.21336829662323,1.22680997848511),(-0.942007601261139,-1.21336793899536,1.22680997848511),(0.942007124423981,-2.30011415481567,1.05157661437988),(0.942007839679718,2.52022123336792,0.381425827741623),(2.67289578914642E-07,2.52022123336792,0.274493664503098),(2.67289578914642E-07,2.52022123336792,0.381425857543945),(0.942007839679718,2.52022123336792,0.274493664503098),(2.73808836936951E-07,2.5940203666687,0.537051677703857),(0.942007839679718,2.11411619186401,0.24661585688591),(2.31899321079254E-07,2.11411619186401,0.24661585688591),(-0.94200736284256,-0.830158710479736,1.48468375205994),(0.942007303237915,-0.830158889293671,1.48468375205994),(-0.942007184028625,1.13283908367157,1.72435641288757),(0.942007720470428,1.1328387260437,1.72435641288757),(0.942007839679718,1.89294767379761,1.43306136131287),(-0.942007184028625,1.89294803142548,1.43306136131287),(-0.94200736284256,-0.129085898399353,1.75754237174988),(0.942007482051849,-0.129086136817932,1.75754237174988),(-0.94200736284256,0.413318246603012,1.77597832679749),(0.942007482051849,0.413318008184433,1.77597832679749),(0.942007839679718,1.92985105514526,1.37037777900696),(-0.942007184028625,1.92985141277313,1.37037777900696),(0.942007124423981,-2.5495343208313,0.33122393488884),(0.942007124423981,-2.54030275344849,0.425758808851242),(-1.76019966602325E-07,-2.5495343208313,0.331223964691162),(-1.7508864402771E-07,-2.54030275344849,0.425758838653564),(-1.68569386005402E-07,-2.46877717971802,0.236690998077393),(-0.942007005214691,2.30621671676636,1.34825348854065),(0.942007839679718,2.30621671676636,1.34825348854065),(0.942007839679718,2.4459490776062,1.34003949165344),(-0.942007005214691,2.4459490776062,1.34003949165344),(0.942007124423981,-2.47108125686646,0.478789776563644),(-1.68569386005402E-07,-2.46877717971802,0.538737773895264),(-1.69035047292709E-07,-2.47108125686646,0.478789776563644),(0.942007124423981,-2.46877717971802,0.538737773895264),(0.942007124423981,-2.54260683059692,0.637882709503174),(-1.7508864402771E-07,-2.54260683059692,0.637882709503174),(0.892007172107697,-2.16925477981567,0.173763737082481),(0.892007350921631,-1.47034132480621,0.215837925672531),(0.942007124423981,-2.16925477981567,0.173763737082481),(2.60304659605026E-07,2.43976926803589,1.23498964309692),(0.942007839679718,2.43976926803589,1.23498964309692),(0.892007768154144,1.30183744430542,0.215837925672531),(0.892007887363434,2.04079008102417,0.243837803602219),(0.942007720470428,1.30183744430542,0.215837925672531),(0.942007839679718,2.04079008102417,0.243837803602219),(0.942007839679718,2.52391386032104,1.06433296203613),(0.942007839679718,2.63629484176636,0.836407542228699),(-0.942007005214691,2.52391386032104,1.06433296203613),(-0.942007005214691,2.63629484176636,0.836407542228699),(-0.942007720470428,-2.55183839797974,0.83156144618988),(0.942007124423981,-2.55183839797974,0.83156144618988),(-0.942007720470428,-2.30011415481567,1.05157661437988),(0.892007350921631,-1.47679102420807,0.204295516014099),(0.618408441543579,-1.47679102420807,0.204295545816422),(0.618408441543579,-1.47034132480621,0.215837955474854),(0.942007839679718,2.5940203666687,0.537051677703857),(0.618408977985382,1.77401161193848,0.0147367119789124),(0.618408977985382,1.72034454345703,0.00376617908477783),(0.892007648944855,1.77401161193848,0.0147367119789124),(0.892007648944855,1.72034454345703,0.00376617908477783),(-1.42492353916168E-07,-2.16925477981567,0.173763766884804),(0.618408262729645,-2.16925477981567,0.173763737082481),(0.892007172107697,-2.15937280654907,0.160432383418083),(0.618408262729645,-2.15937280654907,0.160432383418083),(0.618408262729645,-1.88884842395782,0.00376617908477783),(0.892007231712341,-1.88884854316711,0.00376617908477783),(0.892007231712341,-1.83289766311646,0.),(0.892007529735565,1.66439390182495,0.),(0.618408858776093,1.66439390182495,0.),(0.618408858776093,1.30183744430542,0.215837955474854),(0.618408858776093,1.30828714370728,0.204295545816422),(0.892007768154144,1.30828714370728,0.204295516014099),(0.618408262729645,-1.94251549243927,0.0147367119789124),(0.892007172107697,-1.94251561164856,0.0147367119789124),(0.618408858776093,1.60844278335571,0.00376617908477783),(0.892007529735565,1.60844278335571,0.00376617908477783),(0.618408858776093,1.55477571487427,0.0147367119789124),(0.892007529735565,1.55477571487427,0.0147367119789124),(0.618408262729645,-1.99340689182281,0.0324195623397827),(0.892007172107697,-1.99340677261353,0.0324195623397827),(0.618408858776093,1.50388479232788,0.0324195623397827),(0.892007529735565,1.50388479232788,0.0324195623397827),(0.892007887363434,2.02050065994263,0.204295516014099),(0.618408977985382,2.04079008102417,0.243837803602219),(0.618408262729645,-2.04102993011475,0.0563226342201233),(0.892007172107697,-2.04103016853333,0.0563226342201233),(0.618408858776093,1.4562611579895,0.0563226342201233),(0.892007529735565,1.4562611579895,0.0563226342201233),(0.618408262729645,-2.08489370346069,0.0859538167715073),(0.892007172107697,-2.08489370346069,0.0859538167715073),(0.618408858776093,1.41239786148071,0.0859538167715073),(0.618408858776093,1.37278604507446,0.120821103453636),(0.892007768154144,1.41239786148071,0.0859538167715073),(0.892007768154144,1.37278604507446,0.120821103453636),(0.618408262729645,-2.12450504302979,0.120821103453636),(0.892007172107697,-2.12450551986694,0.120821103453636),(0.892007350921631,-1.50642263889313,0.160432383418083),(0.618408441543579,-1.54128992557526,0.120821103453636),(0.892007350921631,-1.54128992557526,0.120821103453636),(0.892007768154144,1.33791875839233,0.160432383418083),(0.618408858776093,1.33791875839233,0.160432383418083),(0.618408441543579,-1.58090126514435,0.0859538167715073),(0.892007350921631,-1.58090174198151,0.0859538167715073),(0.892007887363434,1.99086904525757,0.160432383418083),(0.618408977985382,2.02050065994263,0.204295545816422),(0.892007887363434,1.95600175857544,0.120821103453636),(0.618408977985382,1.95600175857544,0.120821103453636),(0.618408977985382,1.99086904525757,0.160432383418083),(0.618408977985382,1.91638994216919,0.0859538167715073),(0.892007887363434,1.91638994216919,0.0859538167715073),(0.892007231712341,-1.62476491928101,0.0563226342201233),(0.618408977985382,1.8725266456604,0.0563226342201233),(0.618408977985382,1.82490301132202,0.0324195623397827),(0.892007648944855,1.8725266456604,0.0563226342201233),(0.892007648944855,1.82490301132202,0.0324195623397827),(0.618408381938934,-1.67238819599152,0.0324195623397827),(0.892007231712341,-1.67238831520081,0.0324195623397827),(0.618408262729645,-1.72327959537506,0.0147367119789124),(0.892007231712341,-1.72327971458435,0.0147367119789124),(0.618408262729645,-1.77694666385651,0.00376617908477783),(0.892007231712341,-1.7769467830658,0.00376617908477783),(2.25380063056946E-07,2.04079008102417,0.243837803602219),(1.6065314412117E-07,1.30183744430542,0.215837955474854),(-0.892007529735565,-1.83289766311646,0.),(-0.618408858776093,-1.83289766311646,0.),(-0.618408858776093,-1.7769467830658,0.00376617908477783),(-0.892007529735565,-1.7769467830658,0.00376617908477783),(-0.892007112503052,1.82490301132202,0.0324195623397827),(-0.618408143520355,1.77401173114777,0.0147367119789124),(-0.618408143520355,1.82490313053131,0.0324195623397827),(-0.892007112503052,1.77401161193848,0.0147367119789124),(-0.942007005214691,2.52022123336792,0.381425827741623),(-0.942007005214691,2.52022123336792,0.274493664503098),(-0.942007005214691,2.11411619186401,0.24661585688591),(-0.942007720470428,-2.5495343208313,0.33122393488884),(-0.942007720470428,-2.54030275344849,0.425758808851242),(-0.942007720470428,-2.47108125686646,0.478789776563644),(-0.942007720470428,-2.46877717971802,0.538737773895264),(-0.942007720470428,-2.16925477981567,0.173763737082481),(-0.942007601261139,-1.47034120559692,0.215837925672531),(-0.892007768154144,-2.16925477981567,0.173763737082481),(-0.892007648944855,-1.47034120559692,0.215837925672531),(-0.942007720470428,-2.54260683059692,0.637882709503174),(-0.618408739566803,-1.47679090499878,0.204295545816422),(-0.892007648944855,-1.47679090499878,0.204295516014099),(-0.618408739566803,-1.47034120559692,0.215837955474854),(-0.942007005214691,2.43976926803589,1.23498964309692),(-0.942007184028625,1.30183780193329,0.215837925672531),(-0.942007005214691,2.04079008102417,0.243837803602219),(-0.892007052898407,2.04079008102417,0.243837803602219),(-0.618408143520355,1.72034466266632,0.00376617908477783),(-0.892007112503052,1.72034454345703,0.00376617908477783),(-0.942007005214691,2.5940203666687,0.537051677703857),(-0.618408858776093,-2.16925477981567,0.173763737082481),(-0.618408858776093,-1.88884854316711,0.00376617908477783),(-0.892007529735565,-1.88884854316711,0.00376617908477783),(-0.618408858776093,-2.15937280654907,0.160432383418083),(-0.892007768154144,-2.15937280654907,0.160432383418083),(-0.618408262729645,1.66439402103424,0.),(-0.892007112503052,1.66439390182495,0.),(-0.618408858776093,-1.94251561164856,0.0147367119789124),(-0.892007529735565,-1.94251561164856,0.0147367119789124),(-0.61840832233429,1.30183744430542,0.215837955474854),(-0.61840832233429,1.30828714370728,0.204295545816422),(-0.892007231712341,1.30183756351471,0.215837925672531),(-0.892007231712341,1.30828726291656,0.204295516014099),(-0.618408858776093,-1.99340677261353,0.0324195623397827),(-0.892007529735565,-1.99340677261353,0.0324195623397827),(-0.61840832233429,1.608442902565,0.00376617908477783),(-0.61840832233429,1.55477583408356,0.0147367119789124),(-0.892007112503052,1.60844278335571,0.00376617908477783),(-0.892007112503052,1.55477571487427,0.0147367119789124),(-0.618408858776093,-2.04103016853333,0.0563226342201233),(-0.892007529735565,-2.04103016853333,0.0563226342201233),(-0.618408143520355,2.04079008102417,0.243837803602219),(-0.892007052898407,2.02050065994263,0.204295516014099),(-0.61840832233429,1.50388491153717,0.0324195623397827),(-0.892007112503052,1.50388479232788,0.0324195623397827),(-0.61840832233429,1.45626127719879,0.0563226342201233),(-0.892007112503052,1.4562611579895,0.0563226342201233),(-0.618408858776093,-2.08489370346069,0.0859538167715073),(-0.618408858776093,-2.12450528144836,0.120821103453636),(-0.892007768154144,-2.12450528144836,0.120821103453636),(-0.892007768154144,-2.08489370346069,0.0859538167715073),(-0.892007231712341,1.41239798069,0.0859538167715073),(-0.892007648944855,-1.50642228126526,0.160432383418083),(-0.618408739566803,-1.54128980636597,0.120821103453636),(-0.618408739566803,-1.50642228126526,0.160432383418083),(-0.892007648944855,-1.54128980636597,0.120821103453636),(-0.618408739566803,-1.58090138435364,0.0859538167715073),(-0.892007648944855,-1.58090138435364,0.0859538167715073),(-0.61840832233429,1.37278604507446,0.120821103453636),(-0.61840832233429,1.41239798069,0.0859538167715073),(-0.618408143520355,1.95600187778473,0.120821103453636),(-0.618408143520355,1.99086916446686,0.160432383418083),(-0.892007052898407,1.95600187778473,0.120821103453636),(-0.892007052898407,1.99086916446686,0.160432383418083),(-0.618408143520355,2.02050065994263,0.204295545816422),(-0.61840832233429,1.33791875839233,0.160432383418083),(-0.892007231712341,1.37278616428375,0.120821103453636),(-0.618408143520355,1.91639006137848,0.0859538167715073),(-0.892007052898407,1.91639006137848,0.0859538167715073),(-0.618408739566803,-1.62476491928101,0.0563226342201233),(-0.618408739566803,-1.67238831520081,0.0324195623397827),(-0.892007410526276,-1.67238831520081,0.0324195623397827),(-0.892007410526276,-1.62476491928101,0.0563226342201233),(-0.892007231712341,1.33791887760162,0.160432383418083),(-0.618408858776093,-1.72327971458435,0.0147367119789124),(-0.892007529735565,-1.72327971458435,0.0147367119789124),(-0.892007112503052,1.8725266456604,0.0563226342201233),(-0.618408143520355,1.87252676486969,0.0563226342201233),(0.942007303237915,-1.47034156322479,0.215837925672531),(-2.00700014829636E-07,-1.47034120559692,0.215837955474854),(0.942007124423981,-2.46877717971802,0.23669096827507),(0.618408441543579,-1.50642216205597,0.160432383418083),(-0.942007720470428,-2.46877717971802,0.23669096827507),(0.618408262729645,-1.83289778232574,0.),(0.618408381938934,-1.6247650384903,0.0563226342201233)),$);
#1280=IFCINDEXEDPOLYGONALFACE((3,2,1));
#1281=IFCINDEXEDPOLYGONALFACE((3,1,4));
#1282=IFCINDEXEDPOLYGONALFACE((2,5,1));
#1283=IFCINDEXEDPOLYGONALFACE((8,7,6));
#1284=IFCINDEXEDPOLYGONALFACE((7,9,6));
#1285=IFCINDEXEDPOLYGONALFACE((10,8,6));
#1286=IFCINDEXEDPOLYGONALFACE((11,9,7));
#1287=IFCINDEXEDPOLYGONALFACE((7,12,11));
#1288=IFCINDEXEDPOLYGONALFACE((13,14,3));
#1289=IFCINDEXEDPOLYGONALFACE((17,16,15));
#1290=IFCINDEXEDPOLYGONALFACE((17,15,18));
#1291=IFCINDEXEDPOLYGONALFACE((19,20,14));
#1292=IFCINDEXEDPOLYGONALFACE((21,22,20));
#1293=IFCINDEXEDPOLYGONALFACE((16,22,15));
#1294=IFCINDEXEDPOLYGONALFACE((23,17,18));
#1295=IFCINDEXEDPOLYGONALFACE((23,18,24));
#1296=IFCINDEXEDPOLYGONALFACE((27,26,25));
#1297=IFCINDEXEDPOLYGONALFACE((27,28,26));
#1298=IFCINDEXEDPOLYGONALFACE((29,27,25));
#1299=IFCINDEXEDPOLYGONALFACE((32,31,30));
#1300=IFCINDEXEDPOLYGONALFACE((32,30,33));
#1301=IFCINDEXEDPOLYGONALFACE((30,31,23));
#1302=IFCINDEXEDPOLYGONALFACE((36,35,34));
#1303=IFCINDEXEDPOLYGONALFACE((35,37,34));
#1304=IFCINDEXEDPOLYGONALFACE((34,28,36));
#1305=IFCINDEXEDPOLYGONALFACE((35,38,37));
#1306=IFCINDEXEDPOLYGONALFACE((38,35,39));
#1307=IFCINDEXEDPOLYGONALFACE((42,41,40));
#1308=IFCINDEXEDPOLYGONALFACE((44,32,43));
#1309=IFCINDEXEDPOLYGONALFACE((47,46,45));
#1310=IFCINDEXEDPOLYGONALFACE((48,46,47));
#1311=IFCINDEXEDPOLYGONALFACE((51,50,49));
#1312=IFCINDEXEDPOLYGONALFACE((51,52,50));
#1313=IFCINDEXEDPOLYGONALFACE((49,44,51));
#1314=IFCINDEXEDPOLYGONALFACE((54,38,53));
#1315=IFCINDEXEDPOLYGONALFACE((5,54,53));
#1316=IFCINDEXEDPOLYGONALFACE((53,55,5));
#1317=IFCINDEXEDPOLYGONALFACE((41,56,57));
#1318=IFCINDEXEDPOLYGONALFACE((41,57,58));
#1319=IFCINDEXEDPOLYGONALFACE((10,59,50));
#1320=IFCINDEXEDPOLYGONALFACE((62,61,60));
#1321=IFCINDEXEDPOLYGONALFACE((62,63,61));
#1322=IFCINDEXEDPOLYGONALFACE((58,64,65));
#1323=IFCINDEXEDPOLYGONALFACE((66,40,65));
#1324=IFCINDEXEDPOLYGONALFACE((66,65,67));
#1325=IFCINDEXEDPOLYGONALFACE((70,69,68));
#1326=IFCINDEXEDPOLYGONALFACE((61,63,71));
#1327=IFCINDEXEDPOLYGONALFACE((72,61,71));
#1328=IFCINDEXEDPOLYGONALFACE((45,73,74));
#1329=IFCINDEXEDPOLYGONALFACE((75,45,74));
#1330=IFCINDEXEDPOLYGONALFACE((69,77,76));
#1331=IFCINDEXEDPOLYGONALFACE((71,78,72));
#1332=IFCINDEXEDPOLYGONALFACE((78,71,79));
#1333=IFCINDEXEDPOLYGONALFACE((80,78,79));
#1334=IFCINDEXEDPOLYGONALFACE((80,79,81));
#1335=IFCINDEXEDPOLYGONALFACE((77,83,82));
#1336=IFCINDEXEDPOLYGONALFACE((84,80,81));
#1337=IFCINDEXEDPOLYGONALFACE((84,81,85));
#1338=IFCINDEXEDPOLYGONALFACE((46,86,87));
#1339=IFCINDEXEDPOLYGONALFACE((83,89,88));
#1340=IFCINDEXEDPOLYGONALFACE((90,84,85));
#1341=IFCINDEXEDPOLYGONALFACE((90,85,91));
#1342=IFCINDEXEDPOLYGONALFACE((40,41,65));
#1343=IFCINDEXEDPOLYGONALFACE((89,93,92));
#1344=IFCINDEXEDPOLYGONALFACE((96,95,94));
#1345=IFCINDEXEDPOLYGONALFACE((96,97,95));
#1346=IFCINDEXEDPOLYGONALFACE((45,46,73));
#1347=IFCINDEXEDPOLYGONALFACE((93,99,98));
#1348=IFCINDEXEDPOLYGONALFACE((91,96,94));
#1349=IFCINDEXEDPOLYGONALFACE((56,100,57));
#1350=IFCINDEXEDPOLYGONALFACE((67,99,66));
#1351=IFCINDEXEDPOLYGONALFACE((101,100,102));
#1352=IFCINDEXEDPOLYGONALFACE((97,103,104));
#1353=IFCINDEXEDPOLYGONALFACE((97,104,95));
#1354=IFCINDEXEDPOLYGONALFACE((102,106,105));
#1355=IFCINDEXEDPOLYGONALFACE((86,107,108));
#1356=IFCINDEXEDPOLYGONALFACE((107,109,110));
#1357=IFCINDEXEDPOLYGONALFACE((107,110,111));
#1358=IFCINDEXEDPOLYGONALFACE((112,110,109));
#1359=IFCINDEXEDPOLYGONALFACE((112,109,113));
#1360=IFCINDEXEDPOLYGONALFACE((105,106,114));
#1361=IFCINDEXEDPOLYGONALFACE((117,116,115));
#1362=IFCINDEXEDPOLYGONALFACE((117,118,116));
#1363=IFCINDEXEDPOLYGONALFACE((104,103,75));
#1364=IFCINDEXEDPOLYGONALFACE((114,120,119));
#1365=IFCINDEXEDPOLYGONALFACE((113,117,115));
#1366=IFCINDEXEDPOLYGONALFACE((120,122,121));
#1367=IFCINDEXEDPOLYGONALFACE((122,123,121));
#1368=IFCINDEXEDPOLYGONALFACE((123,122,124));
#1369=IFCINDEXEDPOLYGONALFACE((125,126,73));
#1370=IFCINDEXEDPOLYGONALFACE((125,73,87));
#1371=IFCINDEXEDPOLYGONALFACE((129,128,127));
#1372=IFCINDEXEDPOLYGONALFACE((129,127,130));
#1373=IFCINDEXEDPOLYGONALFACE((133,132,131));
#1374=IFCINDEXEDPOLYGONALFACE((132,134,131));
#1375=IFCINDEXEDPOLYGONALFACE((7,8,135));
#1376=IFCINDEXEDPOLYGONALFACE((7,135,136));
#1377=IFCINDEXEDPOLYGONALFACE((136,137,12));
#1378=IFCINDEXEDPOLYGONALFACE((136,12,7));
#1379=IFCINDEXEDPOLYGONALFACE((135,8,10));
#1380=IFCINDEXEDPOLYGONALFACE((27,138,139));
#1381=IFCINDEXEDPOLYGONALFACE((28,27,139));
#1382=IFCINDEXEDPOLYGONALFACE((36,140,141));
#1383=IFCINDEXEDPOLYGONALFACE((35,36,141));
#1384=IFCINDEXEDPOLYGONALFACE((138,27,29));
#1385=IFCINDEXEDPOLYGONALFACE((144,143,142));
#1386=IFCINDEXEDPOLYGONALFACE((145,143,144));
#1387=IFCINDEXEDPOLYGONALFACE((36,28,140));
#1388=IFCINDEXEDPOLYGONALFACE((39,35,141));
#1389=IFCINDEXEDPOLYGONALFACE((39,141,146));
#1390=IFCINDEXEDPOLYGONALFACE((147,148,145));
#1391=IFCINDEXEDPOLYGONALFACE((145,149,147));
#1392=IFCINDEXEDPOLYGONALFACE((43,33,150));
#1393=IFCINDEXEDPOLYGONALFACE((153,152,151));
#1394=IFCINDEXEDPOLYGONALFACE((134,132,154));
#1395=IFCINDEXEDPOLYGONALFACE((155,134,154));
#1396=IFCINDEXEDPOLYGONALFACE((150,51,43));
#1397=IFCINDEXEDPOLYGONALFACE((146,53,39));
#1398=IFCINDEXEDPOLYGONALFACE((52,156,10));
#1399=IFCINDEXEDPOLYGONALFACE((149,157,64));
#1400=IFCINDEXEDPOLYGONALFACE((159,128,158));
#1401=IFCINDEXEDPOLYGONALFACE((128,159,127));
#1402=IFCINDEXEDPOLYGONALFACE((144,160,157));
#1403=IFCINDEXEDPOLYGONALFACE((160,144,161));
#1404=IFCINDEXEDPOLYGONALFACE((155,154,162));
#1405=IFCINDEXEDPOLYGONALFACE((163,155,162));
#1406=IFCINDEXEDPOLYGONALFACE((165,158,164));
#1407=IFCINDEXEDPOLYGONALFACE((165,159,158));
#1408=IFCINDEXEDPOLYGONALFACE((168,167,166));
#1409=IFCINDEXEDPOLYGONALFACE((168,169,167));
#1410=IFCINDEXEDPOLYGONALFACE((171,164,170));
#1411=IFCINDEXEDPOLYGONALFACE((171,165,164));
#1412=IFCINDEXEDPOLYGONALFACE((163,162,172));
#1413=IFCINDEXEDPOLYGONALFACE((174,172,173));
#1414=IFCINDEXEDPOLYGONALFACE((175,174,173));
#1415=IFCINDEXEDPOLYGONALFACE((177,170,176));
#1416=IFCINDEXEDPOLYGONALFACE((177,171,170));
#1417=IFCINDEXEDPOLYGONALFACE((178,179,153));
#1418=IFCINDEXEDPOLYGONALFACE((175,173,180));
#1419=IFCINDEXEDPOLYGONALFACE((181,175,180));
#1420=IFCINDEXEDPOLYGONALFACE((181,180,182));
#1421=IFCINDEXEDPOLYGONALFACE((183,181,182));
#1422=IFCINDEXEDPOLYGONALFACE((145,144,157));
#1423=IFCINDEXEDPOLYGONALFACE((177,176,184));
#1424=IFCINDEXEDPOLYGONALFACE((186,184,185));
#1425=IFCINDEXEDPOLYGONALFACE((186,187,184));
#1426=IFCINDEXEDPOLYGONALFACE((166,153,168));
#1427=IFCINDEXEDPOLYGONALFACE((185,160,161));
#1428=IFCINDEXEDPOLYGONALFACE((161,186,185));
#1429=IFCINDEXEDPOLYGONALFACE((182,188,183));
#1430=IFCINDEXEDPOLYGONALFACE((189,148,147));
#1431=IFCINDEXEDPOLYGONALFACE((192,191,190));
#1432=IFCINDEXEDPOLYGONALFACE((192,189,191));
#1433=IFCINDEXEDPOLYGONALFACE((194,190,193));
#1434=IFCINDEXEDPOLYGONALFACE((194,192,190));
#1435=IFCINDEXEDPOLYGONALFACE((196,195,188));
#1436=IFCINDEXEDPOLYGONALFACE((199,198,197));
#1437=IFCINDEXEDPOLYGONALFACE((199,200,198));
#1438=IFCINDEXEDPOLYGONALFACE((201,200,179));
#1439=IFCINDEXEDPOLYGONALFACE((195,202,203));
#1440=IFCINDEXEDPOLYGONALFACE((205,197,204));
#1441=IFCINDEXEDPOLYGONALFACE((205,199,197));
#1442=IFCINDEXEDPOLYGONALFACE((194,193,206));
#1443=IFCINDEXEDPOLYGONALFACE((208,206,207));
#1444=IFCINDEXEDPOLYGONALFACE((208,209,206));
#1445=IFCINDEXEDPOLYGONALFACE((169,210,202));
#1446=IFCINDEXEDPOLYGONALFACE((208,207,211));
#1447=IFCINDEXEDPOLYGONALFACE((212,208,211));
#1448=IFCINDEXEDPOLYGONALFACE((204,213,205));
#1449=IFCINDEXEDPOLYGONALFACE((213,214,133));
#1450=IFCINDEXEDPOLYGONALFACE((133,131,213));
#1451=IFCINDEXEDPOLYGONALFACE((130,211,129));
#1452=IFCINDEXEDPOLYGONALFACE((130,212,211));
#1453=IFCINDEXEDPOLYGONALFACE((41,47,45));
#1454=IFCINDEXEDPOLYGONALFACE((47,41,215));
#1455=IFCINDEXEDPOLYGONALFACE((126,125,166));
#1456=IFCINDEXEDPOLYGONALFACE((10,6,59));
#1457=IFCINDEXEDPOLYGONALFACE((126,216,58));
#1458=IFCINDEXEDPOLYGONALFACE((73,126,58));
#1459=IFCINDEXEDPOLYGONALFACE((58,41,73));
#1460=IFCINDEXEDPOLYGONALFACE((117,63,118));
#1461=IFCINDEXEDPOLYGONALFACE((62,118,63));
#1462=IFCINDEXEDPOLYGONALFACE((42,40,217));
#1463=IFCINDEXEDPOLYGONALFACE((217,65,29));
#1464=IFCINDEXEDPOLYGONALFACE((64,29,65));
#1465=IFCINDEXEDPOLYGONALFACE((29,25,217));
#1466=IFCINDEXEDPOLYGONALFACE((34,26,28));
#1467=IFCINDEXEDPOLYGONALFACE((71,96,79));
#1468=IFCINDEXEDPOLYGONALFACE((91,79,96));
#1469=IFCINDEXEDPOLYGONALFACE((79,91,85));
#1470=IFCINDEXEDPOLYGONALFACE((79,85,81));
#1471=IFCINDEXEDPOLYGONALFACE((96,71,97));
#1472=IFCINDEXEDPOLYGONALFACE((113,109,71));
#1473=IFCINDEXEDPOLYGONALFACE((117,113,63));
#1474=IFCINDEXEDPOLYGONALFACE((63,113,71));
#1475=IFCINDEXEDPOLYGONALFACE((71,109,97));
#1476=IFCINDEXEDPOLYGONALFACE((114,124,120));
#1477=IFCINDEXEDPOLYGONALFACE((120,124,122));
#1478=IFCINDEXEDPOLYGONALFACE((52,43,10));
#1479=IFCINDEXEDPOLYGONALFACE((52,51,43));
#1480=IFCINDEXEDPOLYGONALFACE((30,43,33));
#1481=IFCINDEXEDPOLYGONALFACE((24,43,30));
#1482=IFCINDEXEDPOLYGONALFACE((43,24,126));
#1483=IFCINDEXEDPOLYGONALFACE((24,18,15));
#1484=IFCINDEXEDPOLYGONALFACE((24,15,126));
#1485=IFCINDEXEDPOLYGONALFACE((21,126,15));
#1486=IFCINDEXEDPOLYGONALFACE((21,19,126));
#1487=IFCINDEXEDPOLYGONALFACE((126,19,13));
#1488=IFCINDEXEDPOLYGONALFACE((126,13,216));
#1489=IFCINDEXEDPOLYGONALFACE((4,216,13));
#1490=IFCINDEXEDPOLYGONALFACE((4,1,216));
#1491=IFCINDEXEDPOLYGONALFACE((1,55,216));
#1492=IFCINDEXEDPOLYGONALFACE((35,216,55));
#1493=IFCINDEXEDPOLYGONALFACE((39,55,53));
#1494=IFCINDEXEDPOLYGONALFACE((55,39,35));
#1495=IFCINDEXEDPOLYGONALFACE((70,93,69));
#1496=IFCINDEXEDPOLYGONALFACE((166,149,216));
#1497=IFCINDEXEDPOLYGONALFACE((216,126,166));
#1498=IFCINDEXEDPOLYGONALFACE((89,69,93));
#1499=IFCINDEXEDPOLYGONALFACE((93,70,99));
#1500=IFCINDEXEDPOLYGONALFACE((106,102,70));
#1501=IFCINDEXEDPOLYGONALFACE((106,124,114));
#1502=IFCINDEXEDPOLYGONALFACE((106,70,124));
#1503=IFCINDEXEDPOLYGONALFACE((70,102,99));
#1504=IFCINDEXEDPOLYGONALFACE((77,69,83));
#1505=IFCINDEXEDPOLYGONALFACE((58,216,64));
#1506=IFCINDEXEDPOLYGONALFACE((108,87,86));
#1507=IFCINDEXEDPOLYGONALFACE((41,58,65));
#1508=IFCINDEXEDPOLYGONALFACE((46,87,73));
#1509=IFCINDEXEDPOLYGONALFACE((100,218,57));
#1510=IFCINDEXEDPOLYGONALFACE((111,108,107));
#1511=IFCINDEXEDPOLYGONALFACE((75,74,104));
#1512=IFCINDEXEDPOLYGONALFACE((156,135,10));
#1513=IFCINDEXEDPOLYGONALFACE((143,145,168));
#1514=IFCINDEXEDPOLYGONALFACE((143,168,151));
#1515=IFCINDEXEDPOLYGONALFACE((149,166,168));
#1516=IFCINDEXEDPOLYGONALFACE((155,213,131));
#1517=IFCINDEXEDPOLYGONALFACE((155,131,134));
#1518=IFCINDEXEDPOLYGONALFACE((157,144,219));
#1519=IFCINDEXEDPOLYGONALFACE((29,64,157));
#1520=IFCINDEXEDPOLYGONALFACE((183,174,181));
#1521=IFCINDEXEDPOLYGONALFACE((181,174,175));
#1522=IFCINDEXEDPOLYGONALFACE((29,157,219));
#1523=IFCINDEXEDPOLYGONALFACE((219,138,29));
#1524=IFCINDEXEDPOLYGONALFACE((28,139,140));
#1525=IFCINDEXEDPOLYGONALFACE((163,205,155));
#1526=IFCINDEXEDPOLYGONALFACE((130,209,208));
#1527=IFCINDEXEDPOLYGONALFACE((212,130,208));
#1528=IFCINDEXEDPOLYGONALFACE((213,155,205));
#1529=IFCINDEXEDPOLYGONALFACE((199,205,163));
#1530=IFCINDEXEDPOLYGONALFACE((183,188,174));
#1531=IFCINDEXEDPOLYGONALFACE((188,163,174));
#1532=IFCINDEXEDPOLYGONALFACE((203,163,188));
#1533=IFCINDEXEDPOLYGONALFACE((163,203,199));
#1534=IFCINDEXEDPOLYGONALFACE((177,159,171));
#1535=IFCINDEXEDPOLYGONALFACE((171,159,165));
#1536=IFCINDEXEDPOLYGONALFACE((130,127,194));
#1537=IFCINDEXEDPOLYGONALFACE((209,130,194));
#1538=IFCINDEXEDPOLYGONALFACE((192,194,127));
#1539=IFCINDEXEDPOLYGONALFACE((177,187,159));
#1540=IFCINDEXEDPOLYGONALFACE((187,127,159));
#1541=IFCINDEXEDPOLYGONALFACE((187,186,127));
#1542=IFCINDEXEDPOLYGONALFACE((186,192,127));
#1543=IFCINDEXEDPOLYGONALFACE((216,149,64));
#1544=IFCINDEXEDPOLYGONALFACE((178,201,179));
#1545=IFCINDEXEDPOLYGONALFACE((149,145,157));
#1546=IFCINDEXEDPOLYGONALFACE((178,153,166));
#1547=IFCINDEXEDPOLYGONALFACE((189,147,191));
#1548=IFCINDEXEDPOLYGONALFACE((200,201,198));
#1549=IFCINDEXEDPOLYGONALFACE((169,202,167));
#1550=IFCINDEXEDPOLYGONALFACE((220,124,70));
#1551=IFCINDEXEDPOLYGONALFACE((55,1,5));
#1552=IFCINDEXEDPOLYGONALFACE((4,13,3));
#1553=IFCINDEXEDPOLYGONALFACE((13,19,14));
#1554=IFCINDEXEDPOLYGONALFACE((19,21,20));
#1555=IFCINDEXEDPOLYGONALFACE((22,21,15));
#1556=IFCINDEXEDPOLYGONALFACE((24,30,23));
#1557=IFCINDEXEDPOLYGONALFACE((41,42,215));
#1558=IFCINDEXEDPOLYGONALFACE((43,32,33));
#1559=IFCINDEXEDPOLYGONALFACE((51,44,43));
#1560=IFCINDEXEDPOLYGONALFACE((53,38,39));
#1561=IFCINDEXEDPOLYGONALFACE((10,50,52));
#1562=IFCINDEXEDPOLYGONALFACE((68,220,70));
#1563=IFCINDEXEDPOLYGONALFACE((69,76,68));
#1564=IFCINDEXEDPOLYGONALFACE((77,82,76));
#1565=IFCINDEXEDPOLYGONALFACE((83,88,82));
#1566=IFCINDEXEDPOLYGONALFACE((89,92,88));
#1567=IFCINDEXEDPOLYGONALFACE((93,98,92));
#1568=IFCINDEXEDPOLYGONALFACE((91,94,90));
#1569=IFCINDEXEDPOLYGONALFACE((67,98,99));
#1570=IFCINDEXEDPOLYGONALFACE((100,101,218));
#1571=IFCINDEXEDPOLYGONALFACE((102,105,101));
#1572=IFCINDEXEDPOLYGONALFACE((221,105,114));
#1573=IFCINDEXEDPOLYGONALFACE((119,221,114));
#1574=IFCINDEXEDPOLYGONALFACE((113,115,112));
#1575=IFCINDEXEDPOLYGONALFACE((120,121,119));
#1576=IFCINDEXEDPOLYGONALFACE((168,153,151));
#1577=IFCINDEXEDPOLYGONALFACE((174,163,172));
#1578=IFCINDEXEDPOLYGONALFACE((187,177,184));
#1579=IFCINDEXEDPOLYGONALFACE((182,196,188));
#1580=IFCINDEXEDPOLYGONALFACE((203,188,195));
#1581=IFCINDEXEDPOLYGONALFACE((210,203,202));
#1582=IFCINDEXEDPOLYGONALFACE((209,194,206));
#1583=IFCINDEXEDPOLYGONALFACE((204,214,213));
#1584=IFCINDEXEDPOLYGONALFACE((125,178,166));
#1585=IFCINDEXEDPOLYGONALFACE((215,5,2));
#1586=IFCINDEXEDPOLYGONALFACE((215,3,14));
#1587=IFCINDEXEDPOLYGONALFACE((3,215,2));
#1588=IFCINDEXEDPOLYGONALFACE((217,34,42));
#1589=IFCINDEXEDPOLYGONALFACE((217,25,34));
#1590=IFCINDEXEDPOLYGONALFACE((34,25,26));
#1591=IFCINDEXEDPOLYGONALFACE((42,34,37));
#1592=IFCINDEXEDPOLYGONALFACE((42,37,5));
#1593=IFCINDEXEDPOLYGONALFACE((37,38,54));
#1594=IFCINDEXEDPOLYGONALFACE((5,37,54));
#1595=IFCINDEXEDPOLYGONALFACE((215,42,5));
#1596=IFCINDEXEDPOLYGONALFACE((215,14,47));
#1597=IFCINDEXEDPOLYGONALFACE((47,14,20));
#1598=IFCINDEXEDPOLYGONALFACE((22,47,20));
#1599=IFCINDEXEDPOLYGONALFACE((47,22,16));
#1600=IFCINDEXEDPOLYGONALFACE((11,59,6));
#1601=IFCINDEXEDPOLYGONALFACE((6,9,11));
#1602=IFCINDEXEDPOLYGONALFACE((11,48,49));
#1603=IFCINDEXEDPOLYGONALFACE((50,59,49));
#1604=IFCINDEXEDPOLYGONALFACE((59,11,49));
#1605=IFCINDEXEDPOLYGONALFACE((31,32,44));
#1606=IFCINDEXEDPOLYGONALFACE((48,47,23));
#1607=IFCINDEXEDPOLYGONALFACE((23,44,49));
#1608=IFCINDEXEDPOLYGONALFACE((49,48,23));
#1609=IFCINDEXEDPOLYGONALFACE((23,31,44));
#1610=IFCINDEXEDPOLYGONALFACE((16,17,23));
#1611=IFCINDEXEDPOLYGONALFACE((47,16,23));
#1612=IFCINDEXEDPOLYGONALFACE((48,11,46));
#1613=IFCINDEXEDPOLYGONALFACE((46,11,87));
#1614=IFCINDEXEDPOLYGONALFACE((87,11,12));
#1615=IFCINDEXEDPOLYGONALFACE((87,12,125));
#1616=IFCINDEXEDPOLYGONALFACE((41,45,73));
#1617=IFCINDEXEDPOLYGONALFACE((217,40,65));
#1618=IFCINDEXEDPOLYGONALFACE((103,45,75));
#1619=IFCINDEXEDPOLYGONALFACE((103,97,45));
#1620=IFCINDEXEDPOLYGONALFACE((109,46,97));
#1621=IFCINDEXEDPOLYGONALFACE((46,109,107));
#1622=IFCINDEXEDPOLYGONALFACE((46,107,86));
#1623=IFCINDEXEDPOLYGONALFACE((97,46,45));
#1624=IFCINDEXEDPOLYGONALFACE((8,12,7));
#1625=IFCINDEXEDPOLYGONALFACE((10,12,8));
#1626=IFCINDEXEDPOLYGONALFACE((43,126,125));
#1627=IFCINDEXEDPOLYGONALFACE((43,125,12));
#1628=IFCINDEXEDPOLYGONALFACE((43,12,10));
#1629=IFCINDEXEDPOLYGONALFACE((27,29,36));
#1630=IFCINDEXEDPOLYGONALFACE((36,29,64));
#1631=IFCINDEXEDPOLYGONALFACE((27,36,28));
#1632=IFCINDEXEDPOLYGONALFACE((35,36,64));
#1633=IFCINDEXEDPOLYGONALFACE((216,35,64));
#1634=IFCINDEXEDPOLYGONALFACE((41,102,56));
#1635=IFCINDEXEDPOLYGONALFACE((56,102,100));
#1636=IFCINDEXEDPOLYGONALFACE((83,69,89));
#1637=IFCINDEXEDPOLYGONALFACE((102,41,99));
#1638=IFCINDEXEDPOLYGONALFACE((99,41,66));
#1639=IFCINDEXEDPOLYGONALFACE((66,41,40));
#1640=IFCINDEXEDPOLYGONALFACE((57,101,58));
#1641=IFCINDEXEDPOLYGONALFACE((101,57,218));
#1642=IFCINDEXEDPOLYGONALFACE((111,87,108));
#1643=IFCINDEXEDPOLYGONALFACE((111,110,87));
#1644=IFCINDEXEDPOLYGONALFACE((61,115,116));
#1645=IFCINDEXEDPOLYGONALFACE((61,116,60));
#1646=IFCINDEXEDPOLYGONALFACE((115,61,112));
#1647=IFCINDEXEDPOLYGONALFACE((72,110,112));
#1648=IFCINDEXEDPOLYGONALFACE((72,112,61));
#1649=IFCINDEXEDPOLYGONALFACE((84,78,80));
#1650=IFCINDEXEDPOLYGONALFACE((90,78,84));
#1651=IFCINDEXEDPOLYGONALFACE((94,72,78));
#1652=IFCINDEXEDPOLYGONALFACE((94,78,90));
#1653=IFCINDEXEDPOLYGONALFACE((95,87,110));
#1654=IFCINDEXEDPOLYGONALFACE((95,110,72));
#1655=IFCINDEXEDPOLYGONALFACE((95,72,94));
#1656=IFCINDEXEDPOLYGONALFACE((104,73,95));
#1657=IFCINDEXEDPOLYGONALFACE((73,104,74));
#1658=IFCINDEXEDPOLYGONALFACE((95,73,87));
#1659=IFCINDEXEDPOLYGONALFACE((67,65,58));
#1660=IFCINDEXEDPOLYGONALFACE((123,221,119));
#1661=IFCINDEXEDPOLYGONALFACE((123,119,121));
#1662=IFCINDEXEDPOLYGONALFACE((101,98,58));
#1663=IFCINDEXEDPOLYGONALFACE((123,220,105));
#1664=IFCINDEXEDPOLYGONALFACE((221,123,105));
#1665=IFCINDEXEDPOLYGONALFACE((101,105,220));
#1666=IFCINDEXEDPOLYGONALFACE((98,220,92));
#1667=IFCINDEXEDPOLYGONALFACE((92,220,88));
#1668=IFCINDEXEDPOLYGONALFACE((88,220,82));
#1669=IFCINDEXEDPOLYGONALFACE((82,220,76));
#1670=IFCINDEXEDPOLYGONALFACE((76,220,68));
#1671=IFCINDEXEDPOLYGONALFACE((98,101,220));
#1672=IFCINDEXEDPOLYGONALFACE((98,67,58));
#1673=IFCINDEXEDPOLYGONALFACE((15,151,24));
#1674=IFCINDEXEDPOLYGONALFACE((140,139,138));
#1675=IFCINDEXEDPOLYGONALFACE((140,138,219));
#1676=IFCINDEXEDPOLYGONALFACE((140,219,142));
#1677=IFCINDEXEDPOLYGONALFACE((141,140,142));
#1678=IFCINDEXEDPOLYGONALFACE((53,146,141));
#1679=IFCINDEXEDPOLYGONALFACE((142,143,55));
#1680=IFCINDEXEDPOLYGONALFACE((55,141,142));
#1681=IFCINDEXEDPOLYGONALFACE((55,53,141));
#1682=IFCINDEXEDPOLYGONALFACE((143,1,55));
#1683=IFCINDEXEDPOLYGONALFACE((4,1,143));
#1684=IFCINDEXEDPOLYGONALFACE((150,30,24));
#1685=IFCINDEXEDPOLYGONALFACE((150,24,51));
#1686=IFCINDEXEDPOLYGONALFACE((150,33,30));
#1687=IFCINDEXEDPOLYGONALFACE((51,24,152));
#1688=IFCINDEXEDPOLYGONALFACE((151,152,24));
#1689=IFCINDEXEDPOLYGONALFACE((151,15,21));
#1690=IFCINDEXEDPOLYGONALFACE((19,151,21));
#1691=IFCINDEXEDPOLYGONALFACE((151,19,13));
#1692=IFCINDEXEDPOLYGONALFACE((143,151,13));
#1693=IFCINDEXEDPOLYGONALFACE((168,203,169));
#1694=IFCINDEXEDPOLYGONALFACE((210,169,203));
#1695=IFCINDEXEDPOLYGONALFACE((143,13,4));
#1696=IFCINDEXEDPOLYGONALFACE((137,136,135));
#1697=IFCINDEXEDPOLYGONALFACE((135,156,137));
#1698=IFCINDEXEDPOLYGONALFACE((51,156,52));
#1699=IFCINDEXEDPOLYGONALFACE((51,152,137));
#1700=IFCINDEXEDPOLYGONALFACE((156,51,137));
#1701=IFCINDEXEDPOLYGONALFACE((153,137,152));
#1702=IFCINDEXEDPOLYGONALFACE((178,12,137));
#1703=IFCINDEXEDPOLYGONALFACE((178,137,153));
#1704=IFCINDEXEDPOLYGONALFACE((125,12,178));
#1705=IFCINDEXEDPOLYGONALFACE((145,149,168));
#1706=IFCINDEXEDPOLYGONALFACE((144,142,219));
#1707=IFCINDEXEDPOLYGONALFACE((199,153,179));
#1708=IFCINDEXEDPOLYGONALFACE((199,179,200));
#1709=IFCINDEXEDPOLYGONALFACE((199,203,153));
#1710=IFCINDEXEDPOLYGONALFACE((168,153,203));
#1711=IFCINDEXEDPOLYGONALFACE((192,145,189));
#1712=IFCINDEXEDPOLYGONALFACE((189,145,148));
#1713=IFCINDEXEDPOLYGONALFACE((186,145,192));
#1714=IFCINDEXEDPOLYGONALFACE((161,145,186));
#1715=IFCINDEXEDPOLYGONALFACE((161,144,145));
#1716=IFCINDEXEDPOLYGONALFACE((162,195,196));
#1717=IFCINDEXEDPOLYGONALFACE((167,195,166));
#1718=IFCINDEXEDPOLYGONALFACE((195,167,202));
#1719=IFCINDEXEDPOLYGONALFACE((195,178,166));
#1720=IFCINDEXEDPOLYGONALFACE((133,154,132));
#1721=IFCINDEXEDPOLYGONALFACE((133,214,154));
#1722=IFCINDEXEDPOLYGONALFACE((214,204,154));
#1723=IFCINDEXEDPOLYGONALFACE((204,197,162));
#1724=IFCINDEXEDPOLYGONALFACE((154,204,162));
#1725=IFCINDEXEDPOLYGONALFACE((197,178,195));
#1726=IFCINDEXEDPOLYGONALFACE((162,197,195));
#1727=IFCINDEXEDPOLYGONALFACE((172,196,182));
#1728=IFCINDEXEDPOLYGONALFACE((172,182,180));
#1729=IFCINDEXEDPOLYGONALFACE((172,180,173));
#1730=IFCINDEXEDPOLYGONALFACE((172,162,196));
#1731=IFCINDEXEDPOLYGONALFACE((201,178,197));
#1732=IFCINDEXEDPOLYGONALFACE((198,201,197));
#1733=IFCINDEXEDPOLYGONALFACE((158,176,170));
#1734=IFCINDEXEDPOLYGONALFACE((158,170,164));
#1735=IFCINDEXEDPOLYGONALFACE((158,184,176));
#1736=IFCINDEXEDPOLYGONALFACE((128,185,184));
#1737=IFCINDEXEDPOLYGONALFACE((128,184,158));
#1738=IFCINDEXEDPOLYGONALFACE((207,129,211));
#1739=IFCINDEXEDPOLYGONALFACE((206,129,207));
#1740=IFCINDEXEDPOLYGONALFACE((129,193,128));
#1741=IFCINDEXEDPOLYGONALFACE((193,129,206));
#1742=IFCINDEXEDPOLYGONALFACE((128,190,185));
#1743=IFCINDEXEDPOLYGONALFACE((193,190,128));
#1744=IFCINDEXEDPOLYGONALFACE((149,190,191));
#1745=IFCINDEXEDPOLYGONALFACE((149,191,147));
#1746=IFCINDEXEDPOLYGONALFACE((160,149,157));
#1747=IFCINDEXEDPOLYGONALFACE((185,149,160));
#1748=IFCINDEXEDPOLYGONALFACE((190,149,185));
#1749=IFCINDEXEDPOLYGONALFACE((124,220,123));
#1750=IFCINDEXEDPOLYGONALFACE((118,60,116));
#1751=IFCINDEXEDPOLYGONALFACE((118,62,60));
#1752=IFCPOLYGONALFACESET(#1279,.F.,(#1280,#1281,#1282,#1283,#1284,#1285,#1286,#1287,#1288,#1289,#1290,#1291,#1292,#1293,#1294,#1295,#1296,#1297,#1298,#1299,#1300,#1301,#1302,#1303,#1304,#1305,#1306,#1307,#1308,#1309,#1310,#1311,#1312,#1313,#1314,#1315,#1316,#1317,#1318,#1319,#1320,#1321,#1322,#1323,#1324,#1325,#1326,#1327,#1328,#1329,#1330,#1331,#1332,#1333,#1334,#1335,#1336,#1337,#1338,#1339,#1340,#1341,#1342,#1343,#1344,#1345,#1346,#1347,#1348,#1349,#1350,#1351,#1352,#1353,#1354,#1355,#1356,#1357,#1358,#1359,#1360,#1361,#1362,#1363,#1364,#1365,#1366,#1367,#1368,#1369,#1370,#1371,#1372,#1373,#1374,#1375,#1376,#1377,#1378,#1379,#1380,#1381,#1382,#1383,#1384,#1385,#1386,#1387,#1388,#1389,#1390,#1391,#1392,#1393,#1394,#1395,#1396,#1397,#1398,#1399,#1400,#1401,#1402,#1403,#1404,#1405,#1406,#1407,#1408,#1409,#1410,#1411,#1412,#1413,#1414,#1415,#1416,#1417,#1418,#1419,#1420,#1421,#1422,#1423,#1424,#1425,#1426,#1427,#1428,#1429,#1430,#1431,#1432,#1433,#1434,#1435,#1436,#1437,#1438,#1439,#1440,#1441,#1442,#1443,#1444,#1445,#1446,#1447,#1448,#1449,#1450,#1451,#1452,#1453,#1454,#1455,#1456,#1457,#1458,#1459,#1460,#1461,#1462,#1463,#1464,#1465,#1466,#1467,#1468,#1469,#1470,#1471,#1472,#1473,#1474,#1475,#1476,#1477,#1478,#1479,#1480,#1481,#1482,#1483,#1484,#1485,#1486,#1487,#1488,#1489,#1490,#1491,#1492,#1493,#1494,#1495,#1496,#1497,#1498,#1499,#1500,#1501,#1502,#1503,#1504,#1505,#1506,#1507,#1508,#1509,#1510,#1511,#1512,#1513,#1514,#1515,#1516,#1517,#1518,#1519,#1520,#1521,#1522,#1523,#1524,#1525,#1526,#1527,#1528,#1529,#1530,#1531,#1532,#1533,#1534,#1535,#1536,#1537,#1538,#1539,#1540,#1541,#1542,#1543,#1544,#1545,#1546,#1547,#1548,#1549,#1550,#1551,#1552,#1553,#1554,#1555,#1556,#1557,#1558,#1559,#1560,#1561,#1562,#1563,#1564,#1565,#1566,#1567,#1568,#1569,#1570,#1571,#1572,#1573,#1574,#1575,#1576,#1577,#1578,#1579,#1580,#1581,#1582,#1583,#1584,#1585,#1586,#1587,#1588,#1589,#1590,#1591,#1592,#1593,#1594,#1595,#1596,#1597,#1598,#1599,#1600,#1601,#1602,#1603,#1604,#1605,#1606,#1607,#1608,#1609,#1610,#1611,#1612,#1613,#1614,#1615,#1616,#1617,#1618,#1619,#1620,#1621,#1622,#1623,#1624,#1625,#1626,#1627,#1628,#1629,#1630,#1631,#1632,#1633,#1634,#1635,#1636,#1637,#1638,#1639,#1640,#1641,#1642,#1643,#1644,#1645,#1646,#1647,#1648,#1649,#1650,#1651,#1652,#1653,#1654,#1655,#1656,#1657,#1658,#1659,#1660,#1661,#1662,#1663,#1664,#1665,#1666,#1667,#1668,#1669,#1670,#1671,#1672,#1673,#1674,#1675,#1676,#1677,#1678,#1679,#1680,#1681,#1682,#1683,#1684,#1685,#1686,#1687,#1688,#1689,#1690,#1691,#1692,#1693,#1694,#1695,#1696,#1697,#1698,#1699,#1700,#1701,#1702,#1703,#1704,#1705,#1706,#1707,#1708,#1709,#1710,#1711,#1712,#1713,#1714,#1715,#1716,#1717,#1718,#1719,#1720,#1721,#1722,#1723,#1724,#1725,#1726,#1727,#1728,#1729,#1730,#1731,#1732,#1733,#1734,#1735,#1736,#1737,#1738,#1739,#1740,#1741,#1742,#1743,#1744,#1745,#1746,#1747,#1748,#1749,#1750,#1751),$);
#1753=IFCSHAPEREPRESENTATION(#15,'Body','Tessellation',(#1752));
#1754=IFCREPRESENTATIONMAP(#1277,#1753);
#1755=IFCCARTESIANPOINT((0.,0.,0.));
#1756=IFCDIRECTION((0.,0.,1.));
#1757=IFCDIRECTION((1.,0.,0.));
#1758=IFCAXIS2PLACEMENT3D(#1755,#1756,#1757);
#1764=IFCCARTESIANPOINTLIST2D(((0.919609785079956,-0.812705516815186),(1.06704878807068,-0.79073429107666),(1.05195379257202,-0.874495983123779),(0.919609785079956,-0.971203327178955),(0.806696653366089,-0.971203327178955),(0.73478364944458,-0.899290561676025),(0.660739660263062,0.103394985198975),(0.660739660263062,0.888499736785889),(0.808986663818359,1.08031415939331),(0.919609785079956,1.10647058486938)),$);
#1765=IFCINDEXEDPOLYCURVE(#1764,$,$);
#1766=IFCCARTESIANPOINTLIST2D(((-0.909569263458252,0.0489020347595215),(-0.816262245178223,0.0489020347595215),(-0.650698304176331,0.103394985198975),(-0.724743247032166,-0.899290561676025),(-0.796656250953674,-0.971203327178955),(-0.909569263458252,-0.971203327178955),(-1.04191327095032,-0.874495983123779),(-1.05700826644897,-0.79073429107666),(-0.909569263458252,-0.812705516815186)),$);
#1767=IFCINDEXEDPOLYCURVE(#1766,$,$);
#1768=IFCCARTESIANPOINTLIST2D(((-0.909569263458252,1.10647058486938),(-0.798946261405945,1.08031415939331),(-0.650698304176331,0.888499736785889),(-0.650698304176331,0.103394985198975)),$);
#1769=IFCINDEXEDPOLYCURVE(#1768,$,$);
#1770=IFCCARTESIANPOINTLIST2D(((0.916871130466461,2.4125018119812),(0.908893465995789,2.45154571533203),(0.896034300327301,2.48856735229492),(0.878651022911072,2.52320957183838),(0.857101082801819,2.55511522293091),(0.831741869449615,2.58392572402954),(0.802930891513824,2.6092848777771),(0.771025598049164,2.63083505630493),(0.736383378505707,2.64821863174438),(0.699361741542816,2.66107749938965),(0.660318076610565,2.66905546188354),(0.619609832763672,2.67179441452026),(0.517178237438202,2.67179441452026),(0.414746642112732,2.67179441452026),(0.312315046787262,2.67179441452026),(0.209883451461792,2.67179441452026),(0.107451856136322,2.67179441452026),(0.00502026081085205,2.67179441452026),(-0.0974113345146179,2.67179441452026),(-0.199842929840088,2.67179441452026),(-0.302274525165558,2.67179441452026),(-0.404706120491028,2.67179441452026),(-0.507137715816498,2.67179441452026),(-0.609569191932678,2.67179441452026),(-0.650277435779572,2.66905546188354),(-0.689321100711823,2.66107797622681),(-0.726342797279358,2.64821863174438),(-0.760985016822815,2.63083505630493),(-0.792890310287476,2.60928535461426),(-0.821701288223267,2.5839262008667),(-0.84706050157547,2.55511522293091),(-0.868610501289368,2.52321004867554),(-0.885993778705597,2.48856782913208),(-0.898852944374084,2.45154619216919),(-0.906830549240112,2.41250228881836),(-0.909569263458252,2.3717942237854),(-0.909569263458252,2.0505747795105),(-0.909569263458252,1.72935581207275),(-0.909569263458252,1.09030199050903),(-0.909569263458252,0.769083023071289),(-0.909569263458252,0.447864055633545),(-0.909569263458252,0.126645088195801),(-0.909569263458252,-0.194573879241943),(-0.909569263458252,-0.515793323516846),(-0.909569263458252,-0.83701229095459),(-0.909569263458252,-1.15823125839233),(-0.909569263458252,-1.47945070266724),(-0.909569382667542,-1.80066919326782),(-0.904092073440552,-1.88208532333374),(-0.888136804103851,-1.9601731300354),(-0.862418413162231,-2.03421640396118),(-0.827651798725128,-2.1035008430481),(-0.784551858901978,-2.16731119155884),(-0.733833432197571,-2.22493314743042),(-0.676211476325989,-2.27565145492554),(-0.612400829792023,-2.3187518119812),(-0.543116390705109,-2.35351800918579),(-0.469073057174683,-2.37923669815063),(-0.390985697507858,-2.39519166946411),(-0.309569239616394,-2.40066957473755),(-0.257137656211853,-2.40066957473755),(-0.204706072807312,-2.40066957473755),(-0.15227447450161,-2.40066957473755),(-0.0998428761959076,-2.40066957473755),(-0.0474112778902054,-2.40066957473755),(0.00502032041549683,-2.40066957473755),(0.057451918721199,-2.40066957473755),(0.109883517026901,-2.40066957473755),(0.162315115332603,-2.40066957473755),(0.214746713638306,-2.40066957473755),(0.267178297042847,-2.40066957473755),(0.319609880447388,-2.40066957473755),(0.40102630853653,-2.39519166946411),(0.479113608598709,-2.37923669815063),(0.553156912326813,-2.35351800918579),(0.622441291809082,-2.3187518119812),(0.686251878738403,-2.27565145492554),(0.743873834609985,-2.22493314743042),(0.794592201709747,-2.16731119155884),(0.837692141532898,-2.1035008430481),(0.872458755970001,-2.03421640396118),(0.898177146911621,-1.9601731300354),(0.914132416248322,-1.88208532333374),(0.919609785079956,-1.80066919326782),(0.919609785079956,-1.47945070266724),(0.919609785079956,-1.15823125839233),(0.919609785079956,-0.83701229095459),(0.919609785079956,-0.515793323516846),(0.919609785079956,-0.194573879241943),(0.919609785079956,0.126645088195801),(0.919609785079956,0.447864055633545),(0.919609785079956,0.769083023071289),(0.919609785079956,1.09030199050903),(0.919609785079956,1.72935581207275),(0.919609785079956,2.0505747795105),(0.919609785079956,2.3717942237854)),$);
#1771=IFCINDEXEDPOLYCURVE(#1770,(IFCLINEINDEX((1,2,3,4,5,6,7,8,9,10,11,12,13,14,15,16,17,18,19,20,21,22,23,24,25,26,27,28,29,30,31,32,33,34,35,36,37,38,39,40,41,42,43,44,45,46,47,48,49,50,51,52,53,54,55,56,57,58,59,60,61,62,63,64,65,66,67,68,69,70,71,72,73,74,75,76,77,78,79,80,81,82,83,84,85,86,87,88,89,90,91,92,93,94,95,96,1))),$);
#1772=IFCCARTESIANPOINTLIST2D(((0.919609785079956,0.0489020347595215),(0.826302766799927,0.0489020347595215),(0.660739660263062,0.103394985198975)),$);
#1773=IFCINDEXEDPOLYCURVE(#1772,$,$);
#1774=IFCCARTESIANPOINTLIST2D(((-0.622115254402161,-0.693692207336426),(-0.588961243629456,-0.631964206695557),(-0.518041253089905,-0.621048450469971),(0.0050206184387207,-0.656120300292969),(0.528081655502319,-0.621048450469971),(0.59900164604187,-0.631964206695557),(0.632155656814575,-0.693692207336426),(0.665610790252686,-1.15504884719849),(0.665610790252686,-1.25255823135376),(0.59870171546936,-1.29476404190063),(0.0050206184387207,-1.34424734115601),(-0.588661313056946,-1.29476404190063),(-0.655570268630981,-1.25255823135376),(-0.655570268630981,-1.15504884719849)),$);
#1775=IFCINDEXEDPOLYCURVE(#1774,(IFCLINEINDEX((1,2,3,4,5,6,7,8,9,10,11,12,13,14,1))),$);
#1776=IFCCARTESIANPOINTLIST2D(((0.0050206184387207,2.14426374435425),(-0.501944303512573,2.14426374435425),(-0.501944303512573,0.987410068511963),(-0.559222340583801,0.0704483985900879),(-0.620726227760315,-0.546432018280029),(-0.407654285430908,-0.580819606781006),(0.0050206184387207,-0.580819606781006),(0.417694807052612,-0.580819606781006),(0.630766630172729,-0.546432018280029),(0.569262742996216,0.0704483985900879),(0.511984825134277,0.987410068511963),(0.511984825134277,2.14426374435425)),$);
#1777=IFCINDEXEDPOLYCURVE(#1776,(IFCLINEINDEX((1,2,3,4,5,6,7,8,9,10,11,12,1))),$);
#1778=IFCCARTESIANPOINTLIST2D(((0.595439672470093,2.41291475296021),(0.0050206184387207,2.41291475296021),(-0.585398316383362,2.41291475296021),(-0.679314255714417,2.38094091415405),(-0.643192291259766,2.27483987808228),(-0.568475246429443,2.20012235641479),(0.0050206184387207,2.20012235641479),(0.578515768051147,2.20012235641479),(0.65323281288147,2.27483987808228),(0.689354658126831,2.38094091415405)),$);
#1779=IFCINDEXEDPOLYCURVE(#1778,(IFCLINEINDEX((1,2,3,4,5,6,7,8,9,10,1))),$);
#1780=IFCCARTESIANPOINTLIST2D(((0.685827732086182,-2.00308847427368),(0.77259373664856,-1.83180475234985),(0.77259373664856,-1.67694520950317),(0.826529741287231,-1.67694520950317),(0.826529741287231,-1.93035173416138),(0.676447629928589,-2.1344838142395),(0.47243070602417,-2.25649404525757)),$);
#1781=IFCINDEXEDPOLYCURVE(#1780,(IFCLINEINDEX((1,2,3,4,5,6,7,1))),$);
#1782=IFCCARTESIANPOINTLIST2D(((-0.462390303611755,-2.25649404525757),(-0.675787329673767,-2.00308847427368),(-0.762553334236145,-1.83180475234985),(-0.762553334236145,-1.67694520950317),(-0.816488265991211,-1.67694520950317),(-0.816488265991211,-1.93035173416138),(-0.666407227516174,-2.1344838142395),(-0.462390303611755,-2.25649404525757),(0.47243070602417,-2.25649404525757)),$);
#1783=IFCINDEXEDPOLYCURVE(#1782,$,$);
#1784=IFCGEOMETRICCURVESET((#1765,#1767,#1769,#1771,#1773,#1775,#1777,#1779,#1781,#1783));
#1785=IFCSHAPEREPRESENTATION(#28,'Body','Annotation2D',(#1784));
#1786=IFCREPRESENTATIONMAP(#1758,#1785);
#1787=IFCVEHICLETYPE('2NOxOr6_9CMAPFKHfCuktS',$,'Car',$,$,$,(#1273,#1754,#1786),$,$,.VEHICLE.);
#1788=IFCGEOGRAPHICELEMENT('2G7_FUH1TFnfA2p0BceQCt',$,'Site',$,$,#1814,#1804,$,.TERRAIN.);
#1789=IFCCARTESIANPOINTLIST3D(((-57.4964256286621,-19.2982921600342,-1.50000059604645),(-45.4090843200684,-20.0963153839111,-1.00000059604645),(-55.414176940918,-11.6194543838501,-1.50000059604645),(-44.291618347168,-2.7353630065918,-1.50000059604645),(-29.178882598877,-1.80203032493591,-0.500000476837158),(-18.9774150848389,-1.17200803756714,-4.34525730952373E-07),(-3.47620584761898E-06,-1.73810292380949E-06,-4.34525730952373E-07),(1.75326263904572,18.9719619750977,-4.34525730952373E-07),(1.47698080539703,20.1189727783203,-4.34525730952373E-07),(-18.4407348632812,18.8218154907227,-0.500000476837158),(-29.2905941009521,18.3083000183105,-1.00000059604645),(-29.1673412322998,17.5911064147949,-1.00000059604645),(-51.5688133239746,4.58103704452515,-1.50000059604645),(-55.8534545898438,-11.5669183731079,-1.50000059604645),(-47.9015045166016,6.71089363098145,-1.50000059604645),(-57.1039237976074,-17.8508205413818,-1.50000059604645),(-56.5531997680664,-18.2907810211182,-1.50000059604645),(-55.5366554260254,-18.2907810211182,-1.50000059604645),(-54.8589553833008,-17.4775428771973,-1.50000059604645),(-54.0796012878418,-17.104808807373,-1.50000059604645),(-53.0291709899902,-16.4609928131104,-1.50000059604645),(-52.6225509643555,-15.6138706207275,-1.50000059604645),(-52.5886650085449,-14.4617824554443,-1.50000059604645),(-52.5886688232422,-13.2758111953735,-1.50000059604645),(-52.8936233520508,-12.0559530258179,-1.50000059604645),(-52.6903190612793,-11.141058921814,-1.50000059604645),(-52.249813079834,-9.92120265960693,-1.50000059604645),(-51.9787368774414,-9.07408046722412,-1.50000059604645),(-51.877082824707,-8.09141445159912,-1.50000059604645),(-51.8431968688965,-5.61781787872314,-1.50000059604645),(-52.0803909301758,-4.83846139907837,-1.50000059604645),(-51.4365768432617,-4.09299230575562,-1.50000059604645),(-50.8605308532715,-3.24586725234985,-1.50000059604645),(-50.3183746337891,-2.66982769966125,-1.50000059604645),(-50.4877967834473,-2.05989694595337,-1.50000059604645),(-50.6911087036133,-1.78881907463074,-1.50000059604645),(-50.9283027648926,-1.38219678401947,-1.50000059604645),(-50.6233367919922,-0.467302888631821,-1.50000059604645),(-50.2167167663574,0.00708363857120275,-1.50000059604645),(-49.4373664855957,0.989745318889618,-1.50000059604645),(-48.6918983459473,1.56579172611237,-1.50000059604645),(-47.9803123474121,2.24348926544189,-1.50000059604645),(-47.7770042419434,2.88730263710022,-1.50000059604645),(-47.7770042419434,3.63277077674866,-1.50000059604645),(-48.4208183288574,4.07327651977539,-1.50000059604645),(-48.7596664428711,5.12370586395264,-1.50000059604645),(-48.7286071777344,5.60657596588135,-1.50000059604645),(-47.9944343566895,5.94542455673218,-1.50000059604645),(-44.6749305725098,-8.69049072265625,-1.00000059604645),(-54.3494186401367,-19.5060615539551,-1.00000059604645),(-53.2595825195312,-19.1853408813477,-1.00000059604645),(-51.6669883728027,-18.8126029968262,-1.00000059604645),(-51.0231742858887,-18.1687889099121,-1.00000059604645),(-49.3628158569336,-17.5249767303467,-1.00000059604645),(-48.0751876831055,-16.9150485992432,-1.00000059604645),(-46.1437454223633,-15.966269493103,-1.00000059604645),(-45.4660453796387,-15.3563423156738,-1.00000059604645),(-45.4321594238281,-14.7464113235474,-1.00000059604645),(-45.4660453796387,-14.1364831924438,-1.00000059604645),(-45.5677032470703,-13.187705039978,-1.00000059604645),(-45.5677032470703,-11.9339628219604,-1.00000059604645),(-45.7371253967285,-11.2562637329102,-1.00000059604645),(-46.2454032897949,-10.9851837158203,-1.00000059604645),(-46.889217376709,-10.4769105911255,-1.00000059604645),(-46.8553314208984,-10.1380605697632,-1.00000059604645),(-46.6181335449219,-9.59590148925781,-1.00000059604645),(-45.9404335021973,-8.85043430328369,-1.00000059604645),(-45.5338134765625,-8.78266334533691,-1.00000059604645),(-39.3587913513184,-2.43072128295898,-1.00000059604645),(-26.7554664611816,18.4282875061035,-1.00000059604645),(-38.8506813049316,-1.31093800067902,-1.00000059604645),(-38.0506172180176,-0.5108762383461,-1.00000059604645),(-37.2505569458008,0.0774038061499596,-1.00000059604645),(-36.6622848510742,0.6186203956604,-1.00000059604645),(-36.6387519836426,1.20690131187439,-1.00000059604645),(-36.6387748718262,2.35993194580078,-1.00000059604645),(-36.9446487426758,2.85408568382263,-1.00000059604645),(-37.5564613342285,3.91298842430115,-1.00000059604645),(-37.9329643249512,4.78364324569702,-1.00000059604645),(-38.7094917297363,4.92483139038086,-1.00000059604645),(-39.2036476135254,5.04248523712158,-1.00000059604645),(-39.4860229492188,5.23073482513428,-1.00000059604645),(-39.1330528259277,5.46604776382446,-1.00000059604645),(-38.3329925537109,5.86607980728149,-1.00000059604645),(-36.9917144775391,6.31317043304443,-1.00000059604645),(-36.5210876464844,6.78379487991333,-1.00000059604645),(-36.0975303649902,7.44266605377197,-1.00000059604645),(-35.7445602416992,8.05447864532471,-1.00000059604645),(-34.5915145874023,9.08984184265137,-1.00000059604645),(-33.9561767578125,9.63105964660645,-1.00000059604645),(-32.991397857666,11.0664596557617,-1.00000059604645),(-32.5678367614746,11.8665208816528,-1.00000059604645),(-32.4266510009766,12.6901121139526,-1.00000059604645),(-32.0501480102539,13.5137052536011,-1.00000059604645),(-31.5559959411621,14.0549221038818,-1.00000059604645),(-30.1441211700439,14.760856628418,-1.00000059604645),(-28.9910926818848,15.6785764694214,-1.00000059604645),(-28.355749130249,16.1256656646729,-1.00000059604645),(-27.6498107910156,17.090446472168,-1.00000059604645),(-31.1023292541504,16.4673271179199,-1.50000059604645),(-37.3992462158203,12.8102741241455,-1.50000059604645),(-36.7799263000488,12.737174987793,-1.50000059604645),(-35.6504249572754,12.901894569397,-1.50000059604645),(-34.1679611206055,13.6548910140991,-1.50000059604645),(-33.3914260864258,14.1725816726685,-1.50000059604645),(-32.473705291748,14.8079261779785,-1.50000059604645),(-31.6736297607422,15.7962427139282,-1.50000059604645),(-18.7993316650391,18.8048439025879,-0.500000476837158),(-27.6380481719971,-0.688308775424957,-0.500000476837158),(-26.4859580993652,-0.180032700300217,-0.500000476837158),(-25.672721862793,1.41255879402161,-0.500000476837158),(-24.2834358215332,2.56464910507202,-0.500000476837158),(-23.4024257659912,3.41177010536194,-0.500000476837158),(-22.7247295379639,4.25889444351196,-0.500000476837158),(-22.1825695037842,5.41098213195801,-0.500000476837158),(-21.8776054382324,6.63084173202515,-0.500000476837158),(-21.8437175750732,7.98623895645142,-0.500000476837158),(-21.9792594909668,9.00278568267822,-0.500000476837158),(-23.233003616333,9.91767978668213,-0.500000476837158),(-24.249547958374,10.7648048400879,-0.500000476837158),(-24.351203918457,12.5268201828003,-0.500000476837158),(-24.9272499084473,13.8483295440674,-0.500000476837158),(-25.1983299255371,14.4243755340576,-0.500000476837158),(-24.4189777374268,16.1525058746338,-0.500000476837158),(-23.0974617004395,16.6946678161621,-0.500000476837158),(-21.3015632629395,17.5079040527344,-0.500000476837158),(-19.6073150634766,18.1517181396484,-0.500000476837158),(1.64717924594879,17.8240394592285,-4.34525730952373E-07),(-17.6758728027344,-0.180034443736076,-4.34525730952373E-07),(-17.1337108612061,0.531553566455841,-4.34525730952373E-07),(-16.3543643951416,0.226589530706406,-4.34525730952373E-07),(-14.9311971664429,0.226587787270546,-4.34525730952373E-07),(-12.5253639221191,0.294356435537338,-4.34525730952373E-07),(-11.0005435943604,0.734862983226776,-4.34525730952373E-07),(-9.00133228302002,1.92083406448364,-4.34525730952373E-07),(-8.22197437286377,3.27623009681702,-4.34525730952373E-07),(-7.10377597808838,4.56385517120361,-4.34525730952373E-07),(-5.57895231246948,5.44486618041992,-4.34525730952373E-07),(-3.68139243125916,6.42752885818481,-4.34525730952373E-07),(-2.25823020935059,6.96969175338745,-4.34525730952373E-07),(-1.64830207824707,7.20688724517822,-4.34525730952373E-07),(-1.07224261760712,7.71515893936157,-4.34525730952373E-07),(-0.733402967453003,8.46062755584717,-4.34525730952373E-07),(-0.225122570991516,9.95156383514404,-4.34525730952373E-07),(0.113713644444942,11.8830060958862,-4.34525730952373E-07),(0.452574193477631,14.2888383865356,-4.34525730952373E-07),(0.859189450740814,16.0169677734375,-4.34525730952373E-07),(0.859189450740814,17.2029418945312,-4.34525730952373E-07)),$);
#1790=IFCINDEXEDPOLYGONALFACE((3,14,13,15,48,47,46,45,44,43,42,41,40,39,38,37,36,35,34,33,32,31,30,29,28,27,26,25,24,23,22,21,20,19,18,17,16));
#1791=IFCINDEXEDPOLYGONALFACE((16,17,18,19,20,21,22,23,24,25,26,27,28,29,30,31,32,33,34,35,36,37,38,39,40,41,42,43,44,45,46,47,48,15,101,102,103,104,105,106,107,100,12,11,70,99,98,97,96,95,94,93,92,91,90,89,88,87,86,85,84,83,82,81,80,79,78,77,76,75,74,73,72,71,69,4,49,68,67,66,65,64,63,62,61,60,59,58,57,56,55,54,53,52,51,50,1));
#1792=IFCINDEXEDPOLYGONALFACE((50,51,52,53,54,55,56,57,58,59,60,61,62,63,64,65,66,67,68,49,2));
#1793=IFCINDEXEDPOLYGONALFACE((69,71,72,73,74,75,76,77,78,79,80,81,82,83,84,85,86,87,88,89,90,91,92,93,94,95,96,97,98,99,70,108,127,126,125,124,123,122,121,120,119,118,117,116,115,114,113,112,111,110,109,5));
#1794=IFCINDEXEDPOLYGONALFACE((100,107,106,105,104,103,102,101));
#1795=IFCINDEXEDPOLYGONALFACE((5,109,110,111,112,113,114,115,116,117,118,119,120,121,122,123,124,125,126,127,108,10,9,8,128,148,147,146,145,144,143,142,141,140,139,138,137,136,135,134,133,132,131,130,129,6));
#1796=IFCINDEXEDPOLYGONALFACE((6,129,130,131,132,133,134,135,136,137,138,139,140,141,142,143,144,145,146,147,148,128,7));
#1797=IFCPOLYGONALFACESET(#1789,$,(#1790,#1791,#1792,#1793,#1794,#1795,#1796),$);
#1798=IFCSURFACESTYLE('Plane_mat',.BOTH.,(#1799));
#1799=IFCSURFACESTYLERENDERING(#1800,0.,#1801,$,$,$,IFCNORMALISEDRATIOMEASURE(0.),IFCSPECULARROUGHNESS(0.5),.PHYSICAL.);
#1800=IFCCOLOURRGB($,0.800000011920929,0.800000011920929,0.800000011920929);
#1801=IFCCOLOURRGB($,0.5923992395401,0.286921143531799,0.636247217655182);
#1802=IFCSTYLEDITEM(#1797,(#1798),$);
#1803=IFCSHAPEREPRESENTATION(#15,'Body','Tessellation',(#1797));
#1804=IFCPRODUCTDEFINITIONSHAPE($,$,(#1803));
#1810=IFCCARTESIANPOINT((66.7454223632812,24.1388664245605,4.76837158203125E-07));
#1811=IFCDIRECTION((0.,0.,1.));
#1812=IFCDIRECTION((0.9969423491174,-0.0781405946757506,0.));
#1813=IFCAXIS2PLACEMENT3D(#1810,#1811,#1812);
#1814=IFCLOCALPLACEMENT(#66,#1813);
#1815=IFCVEHICLE('3mV4HTd7L6rgcvXX4VuYsG',$,'Vehicle',$,$,#26359,#1825,$,$);
#1816=IFCRELCONTAINEDINSPATIALSTRUCTURE('08nJX1_09Dzf33sQNei7Ux',$,$,$,(#1815,#2320,#2353,#4000,#4033,#7352),#31);
#1817=IFCRELDEFINESBYTYPE('1oTIXje4r7TvTWFiKi_eFT',$,$,$,(#1815,#2320,#2353,#4000,#4033,#7352),#1787);
#1818=IFCCARTESIANPOINT((0.,0.,0.));
#1819=IFCDIRECTION((1.,0.,0.));
#1820=IFCDIRECTION((0.,1.,0.));
#1821=IFCDIRECTION((0.,0.,1.));
#1822=IFCCARTESIANTRANSFORMATIONOPERATOR3D(#1819,#1820,#1818,1.,#1821);
#1823=IFCMAPPEDITEM(#1273,#1822);
#1824=IFCSHAPEREPRESENTATION(#17,'Box','MappedRepresentation',(#1823));
#1825=IFCPRODUCTDEFINITIONSHAPE($,$,(#1824,#1832,#1839));
#1826=IFCCARTESIANPOINT((0.,0.,0.));
#1827=IFCDIRECTION((1.,0.,0.));
#1828=IFCDIRECTION((0.,1.,0.));
#1829=IFCDIRECTION((0.,0.,1.));
#1830=IFCCARTESIANTRANSFORMATIONOPERATOR3D(#1827,#1828,#1826,1.,#1829);
#1831=IFCMAPPEDITEM(#1754,#1830);
#1832=IFCSHAPEREPRESENTATION(#15,'Body','MappedRepresentation',(#1831));
#1833=IFCCARTESIANPOINT((0.,0.,0.));
#1834=IFCDIRECTION((1.,0.,0.));
#1835=IFCDIRECTION((0.,1.,0.));
#1836=IFCDIRECTION((0.,0.,1.));
#1837=IFCCARTESIANTRANSFORMATIONOPERATOR3D(#1834,#1835,#1833,1.,#1836);
#1838=IFCMAPPEDITEM(#1786,#1837);
#1839=IFCSHAPEREPRESENTATION(#28,'Body','MappedRepresentation',(#1838));
#1845=IFCWALL('0Ccj9tOijEFOAbpvaTSZqK',$,'Wall',$,$,#28952,#1856,$,$);
#1851=IFCRELDEFINESBYPROPERTIES('3URiDDYnH14hg8_iDTkz8B',$,$,$,(#1845),#1852);
#1852=IFCPROPERTYSET('3JGj$0xoX5ze_439gzvKrF',$,'EPset_Parametric',$,(#1853));
#1853=IFCPROPERTYSINGLEVALUE('Engine',$,IFCLABEL('Bonsai.DumbLayer2'),$);
#1854=IFCRELASSOCIATESMATERIAL('2K$cjaI_91xfjIHjbfYXiN',$,$,$,(#1845),#1855);
#1855=IFCMATERIALLAYERSETUSAGE(#396,.AXIS2.,.POSITIVE.,0.,$);
#1856=IFCPRODUCTDEFINITIONSHAPE($,$,(#24984,#24981));
#1875=IFCWALL('008Ru8aL91NfVA4GfLNlud',$,'Wall',$,$,#28712,#1886,$,$);
#1881=IFCRELDEFINESBYPROPERTIES('1NVZlK8tPBBR77g3eacloZ',$,$,$,(#1875),#1882);
#1882=IFCPROPERTYSET('2UjTpPw4n8UuMgXvswMfgA',$,'EPset_Parametric',$,(#1883));
#1883=IFCPROPERTYSINGLEVALUE('Engine',$,IFCLABEL('Bonsai.DumbLayer2'),$);
#1884=IFCRELASSOCIATESMATERIAL('13Sr$YPg1DmOVWtrtpSS2H',$,$,$,(#1875),#1885);
#1885=IFCMATERIALLAYERSETUSAGE(#396,.AXIS2.,.POSITIVE.,0.,$);
#1886=IFCPRODUCTDEFINITIONSHAPE($,$,(#20501,#20498));
#1900=IFCWALL('07AM4njYTCPA7aGr0JIF5l',$,'Wall',$,$,#28707,#1911,$,$);
#1906=IFCRELDEFINESBYPROPERTIES('3NXU92Bgb9VukM6Zxbk3ag',$,$,$,(#1900),#1907);
#1907=IFCPROPERTYSET('01$JyfbQn3vfqBrAaT4t0A',$,'EPset_Parametric',$,(#1908));
#1908=IFCPROPERTYSINGLEVALUE('Engine',$,IFCLABEL('Bonsai.DumbLayer2'),$);
#1909=IFCRELASSOCIATESMATERIAL('1KqpKPsBX97PRDd8vffSIF',$,$,$,(#1900),#1910);
#1910=IFCMATERIALLAYERSETUSAGE(#396,.AXIS2.,.POSITIVE.,0.,$);
#1911=IFCPRODUCTDEFINITIONSHAPE($,$,(#20488,#20485));
#1959=IFCWALL('11ixbEL1z6OAfiUA_ztPVG',$,'Wall',$,$,#28997,#1970,$,$);
#1965=IFCRELDEFINESBYPROPERTIES('0gM6S5RMT41AoP8bXGUXbm',$,$,$,(#1959),#1966);
#1966=IFCPROPERTYSET('2QGmEYRxT6Lx08z46SPU$2',$,'EPset_Parametric',$,(#1967));
#1967=IFCPROPERTYSINGLEVALUE('Engine',$,IFCLABEL('Bonsai.DumbLayer2'),$);
#1968=IFCRELASSOCIATESMATERIAL('1ctKTz_9jEWukK67ev2lkn',$,$,$,(#1959),#1969);
#1969=IFCMATERIALLAYERSETUSAGE(#396,.AXIS2.,.POSITIVE.,0.,$);
#1970=IFCPRODUCTDEFINITIONSHAPE($,$,(#20284,#20281));
#2091=IFCBUILDINGSTOREY('0gksAyAJzF1eVdNHxF82jx',$,'GF',$,$,#2111,$,$,$,$);
#2107=IFCCARTESIANPOINT((0.,0.,0.449999988079071));
#2108=IFCDIRECTION((0.,0.,1.));
#2109=IFCDIRECTION((1.,0.,0.));
#2110=IFCAXIS2PLACEMENT3D(#2107,#2108,#2109);
#2111=IFCLOCALPLACEMENT(#60,#2110);
#2125=IFCRELCONTAINEDINSPATIALSTRUCTURE('0Os6umA$TCzet$quzba7Fg',$,$,$,(#23018,#22217,#4726,#23513,#17291,#20104,#1845,#18246,#1900,#22945,#7794,#1220,#25089,#17159,#18026,#16536,#5894,#23440,#9235,#20660,#8326,#20882,#11150,#16716,#11812,#5962,#1875,#22196,#24247,#8484,#20204,#23362,#16768,#20620,#19702,#6030,#19475,#21403,#11334,#18051,#16944,#18150,#4599,#22992,#15980,#23487,#24198,#22919,#16697,#20716,#6115,#24823,#16510,#23555,#16917,#24783,#16587,#17465,#8514,#5868,#17533,#21352,#22175,#8824,#8914,#8846,#7662,#21083,#8868,#19254,#6009,#18180,#24052,#7327,#24556,#5936,#24712,#20797,#23222,#17044,#4261,#23466,#7842,#16782,#16749,#1959,#19828,#17185,#4569,#22238,#11024,#17334,#22898,#22154,#17206,#23426,#25594,#16830,#16612,#5794,#16667,#5816,#4324,#5915,#16735,#7405,#4808,#17758,#17507,#7821,#20375,#16488,#20507,#7229,#18216,#8809,#6663,#5983,#26166,#26435,#27032,#28252),#2091);
#2161=IFCANNOTATION('0ln3zqAH14BvlLCmYl9RC5',$,'GF PLAN',$,'DRAWING',#28190,#2172,.USERDEFINED.);
#2172=IFCPRODUCTDEFINITIONSHAPE($,$,(#28195));
#2173=IFCGROUP('2j2CeTyh5Bmea6RNfnfRI3',$,'GF PLAN',$,'DRAWING');
#2174=IFCRELASSIGNSTOGROUP('1AdDXo1t9909Enhn4Mlrac',$,$,$,(#2161),$,#2173);
#2175=IFCPROPERTYSET('1Dn8dZdZv22P$EyEULEpVj',$,'EPset_Drawing',$,(#2177,#2178,#2179,#2180,#2181,#2182,#2183,#2184,#2185,#2186,#2187,#2188,#2189,#2278));
#2176=IFCRELDEFINESBYPROPERTIES('3ZbZOs0bL2Xg$zl8gRVN61',$,$,$,(#2161),#2175);
#2177=IFCPROPERTYSINGLEVALUE('TargetView',$,IFCLABEL('PLAN_VIEW'),$);
#2178=IFCPROPERTYSINGLEVALUE('Scale',$,IFCLABEL('1/50'),$);
#2179=IFCPROPERTYSINGLEVALUE('HumanScale',$,IFCLABEL('1:50'),$);
#2180=IFCPROPERTYSINGLEVALUE('HasUnderlay',$,IFCBOOLEAN(.F.),$);
#2181=IFCPROPERTYSINGLEVALUE('HasLinework',$,IFCBOOLEAN(.T.),$);
#2182=IFCPROPERTYSINGLEVALUE('HasAnnotation',$,IFCBOOLEAN(.T.),$);
#2183=IFCPROPERTYSINGLEVALUE('GlobalReferencing',$,IFCBOOLEAN(.T.),$);
#2184=IFCPROPERTYSINGLEVALUE('Stylesheet',$,IFCTEXT('drawings/assets/default.css'),$);
#2185=IFCPROPERTYSINGLEVALUE('Markers',$,IFCTEXT('drawings/assets/markers.svg'),$);
#2186=IFCPROPERTYSINGLEVALUE('Symbols',$,IFCTEXT('drawings/assets/symbols.svg'),$);
#2187=IFCPROPERTYSINGLEVALUE('Patterns',$,IFCTEXT('drawings/assets/patterns.svg'),$);
#2188=IFCPROPERTYSINGLEVALUE('ShadingStyles',$,IFCTEXT('drawings/assets/shading_styles.json'),$);
#2189=IFCPROPERTYSINGLEVALUE('CurrentShadingStyle',$,IFCLABEL('Blender Default'),$);
#2190=IFCDOCUMENTINFORMATION('X','GF PLAN',$,$,$,$,'DRAWING',$,$,$,$,$,$,$,$,$,$);
#2191=IFCRELASSOCIATESDOCUMENT('2$RMJF4TT0zPkexjY6A0z7',$,$,$,(#1),#2190);
#2192=IFCDOCUMENTREFERENCE('drawings/GF PLAN.svg','X',$,$,#2190);
#2193=IFCRELASSOCIATESDOCUMENT('1jDO6BbsL5ERrbyORsqsKv',$,$,$,(#2161),#2192);
#2245=IFCSURFACESTYLE('Plane_mat.001',.BOTH.,(#2246));
#2246=IFCSURFACESTYLERENDERING(#2247,0.,#2248,$,$,$,IFCNORMALISEDRATIOMEASURE(0.),IFCSPECULARROUGHNESS(0.5),.PHYSICAL.);
#2247=IFCCOLOURRGB($,0.800000011920929,0.800000011920929,0.800000011920929);
#2248=IFCCOLOURRGB($,0.5923992395401,0.286921143531799,0.636247217655182);
#2278=IFCPROPERTYSINGLEVALUE('Exclude',$,IFCTEXT('2G7_FUH1TFnfA2p0BceQCt'),$);
#2294=IFCGEOGRAPHICELEMENT('2Zil23m4f9XQVsZgbnt9_L',$,'Site offset',$,$,#2314,#2309,$,.TERRAIN.);
#2300=IFCCARTESIANPOINTLIST3D(((-1.1444091796875E-05,0.,-3.57627868652344E-07),(-43.6323165893555,-3.06744384765625,-3.57627868652344E-07),(-44.9147796630859,-20.0055027008057,-3.57627868652344E-07),(-52.0259094238281,-19.3857822418213,-3.57627868652344E-07),(-46.9014587402344,0.77055549621582,-3.57627868652344E-07),(-24.8869018554688,13.7267742156982,-3.57627868652344E-07),(1.64790153503418,15.8065795898438,-3.57627868652344E-07)),$);
#2301=IFCINDEXEDPOLYCURVE(#2300,(IFCLINEINDEX((2,1))),$);
#2302=IFCINDEXEDPOLYCURVE(#2300,(IFCLINEINDEX((3,2))),$);
#2303=IFCINDEXEDPOLYCURVE(#2300,(IFCLINEINDEX((4,3))),$);
#2304=IFCINDEXEDPOLYCURVE(#2300,(IFCLINEINDEX((5,4))),$);
#2305=IFCINDEXEDPOLYCURVE(#2300,(IFCLINEINDEX((6,5))),$);
#2306=IFCINDEXEDPOLYCURVE(#2300,(IFCLINEINDEX((7,6))),$);
#2307=IFCINDEXEDPOLYCURVE(#2300,(IFCLINEINDEX((1,7))),$);
#2308=IFCSHAPEREPRESENTATION(#15,'Body','Curve3D',(#2301,#2302,#2303,#2304,#2305,#2306,#2307));
#2309=IFCPRODUCTDEFINITIONSHAPE($,$,(#2308));
#2310=IFCCARTESIANPOINT((64.0978088378906,26.4883308410645,9.5367431640625E-07));
#2311=IFCDIRECTION((0.,0.,1.));
#2312=IFCDIRECTION((0.996942347956575,-0.0781406094859261,0.));
#2313=IFCAXIS2PLACEMENT3D(#2310,#2311,#2312);
#2314=IFCLOCALPLACEMENT(#66,#2313);
#2320=IFCVEHICLE('1m25npmMzADu4ik0KQauUp',$,'Vehicle',$,$,#26364,#2333,$,$);
#2326=IFCCARTESIANPOINT((0.,0.,0.));
#2327=IFCDIRECTION((1.,0.,0.));
#2328=IFCDIRECTION((0.,1.,0.));
#2329=IFCDIRECTION((0.,0.,1.));
#2330=IFCCARTESIANTRANSFORMATIONOPERATOR3D(#2327,#2328,#2326,1.,#2329);
#2331=IFCMAPPEDITEM(#1273,#2330);
#2332=IFCSHAPEREPRESENTATION(#17,'Box','MappedRepresentation',(#2331));
#2333=IFCPRODUCTDEFINITIONSHAPE($,$,(#2332,#2340,#2347));
#2334=IFCCARTESIANPOINT((0.,0.,0.));
#2335=IFCDIRECTION((1.,0.,0.));
#2336=IFCDIRECTION((0.,1.,0.));
#2337=IFCDIRECTION((0.,0.,1.));
#2338=IFCCARTESIANTRANSFORMATIONOPERATOR3D(#2335,#2336,#2334,1.,#2337);
#2339=IFCMAPPEDITEM(#1754,#2338);
#2340=IFCSHAPEREPRESENTATION(#15,'Body','MappedRepresentation',(#2339));
#2341=IFCCARTESIANPOINT((0.,0.,0.));
#2342=IFCDIRECTION((1.,0.,0.));
#2343=IFCDIRECTION((0.,1.,0.));
#2344=IFCDIRECTION((0.,0.,1.));
#2345=IFCCARTESIANTRANSFORMATIONOPERATOR3D(#2342,#2343,#2341,1.,#2344);
#2346=IFCMAPPEDITEM(#1786,#2345);
#2347=IFCSHAPEREPRESENTATION(#28,'Body','MappedRepresentation',(#2346));
#2353=IFCVEHICLE('26Uv07$995M8Gk4Lx67srv',$,'Vehicle',$,$,#26369,#2366,$,$);
#2359=IFCCARTESIANPOINT((0.,0.,0.));
#2360=IFCDIRECTION((1.,0.,0.));
#2361=IFCDIRECTION((0.,1.,0.));
#2362=IFCDIRECTION((0.,0.,1.));
#2363=IFCCARTESIANTRANSFORMATIONOPERATOR3D(#2360,#2361,#2359,1.,#2362);
#2364=IFCMAPPEDITEM(#1273,#2363);
#2365=IFCSHAPEREPRESENTATION(#17,'Box','MappedRepresentation',(#2364));
#2366=IFCPRODUCTDEFINITIONSHAPE($,$,(#2365,#2373,#2380));
#2367=IFCCARTESIANPOINT((0.,0.,0.));
#2368=IFCDIRECTION((1.,0.,0.));
#2369=IFCDIRECTION((0.,1.,0.));
#2370=IFCDIRECTION((0.,0.,1.));
#2371=IFCCARTESIANTRANSFORMATIONOPERATOR3D(#2368,#2369,#2367,1.,#2370);
#2372=IFCMAPPEDITEM(#1754,#2371);
#2373=IFCSHAPEREPRESENTATION(#15,'Body','MappedRepresentation',(#2372));
#2374=IFCCARTESIANPOINT((0.,0.,0.));
#2375=IFCDIRECTION((1.,0.,0.));
#2376=IFCDIRECTION((0.,1.,0.));
#2377=IFCDIRECTION((0.,0.,1.));
#2378=IFCCARTESIANTRANSFORMATIONOPERATOR3D(#2375,#2376,#2374,1.,#2377);
#2379=IFCMAPPEDITEM(#1786,#2378);
#2380=IFCSHAPEREPRESENTATION(#28,'Body','MappedRepresentation',(#2379));
#2381=IFCWALL('2ukC8AQQP85Rb_ZeT84bZY',$,'Wall',$,$,#3672,#2388,$,$);
#2382=IFCRELDEFINESBYTYPE('2eiFiIb9HCgBciUuCRZLvx',$,$,$,(#2607,#2557,#2432,#2582,#2482,#2632,#2407,#2532,#2381,#2457,#2507,#3190,#3370,#3433),#389);
#2383=IFCMATERIALLAYERSETUSAGE(#392,.AXIS2.,.POSITIVE.,0.,$);
#2384=IFCRELASSOCIATESMATERIAL('0yfezaufb7w9uLZvC8$YCU',$,$,$,(#2381),#2383);
#2388=IFCPRODUCTDEFINITIONSHAPE($,$,(#3916,#3913));
#2404=IFCPROPERTYSET('2uhWhQIHP9SPIIwgfRB$IR',$,'EPset_Parametric',$,(#2406));
#2405=IFCRELDEFINESBYPROPERTIES('2QOHIX2RD5S9sqhcFIE_Xh',$,$,$,(#2381),#2404);
#2406=IFCPROPERTYSINGLEVALUE('Engine',$,IFCLABEL('Bonsai.DumbLayer2'),$);
#2407=IFCWALL('1wqYISk15EtxPgF1WYwVVh',$,'Wall',$,$,#2818,#2413,$,$);
#2408=IFCMATERIALLAYERSETUSAGE(#392,.AXIS2.,.POSITIVE.,0.,$);
#2409=IFCRELASSOCIATESMATERIAL('1t2FSdwjj9SfThK$pwFBKK',$,$,$,(#2407),#2408);
#2413=IFCPRODUCTDEFINITIONSHAPE($,$,(#3903,#3900));
#2429=IFCPROPERTYSET('1xx2EiD0LBdhtMJqJDruMa',$,'EPset_Parametric',$,(#2431));
#2430=IFCRELDEFINESBYPROPERTIES('0Gm2LeqSr6Iwd7We8SF27V',$,$,$,(#2407),#2429);
#2431=IFCPROPERTYSINGLEVALUE('Engine',$,IFCLABEL('Bonsai.DumbLayer2'),$);
#2432=IFCWALL('1qBEh3Vc9ECAZABChTAhje',$,'Wall',$,$,#2850,#2438,$,$);
#2433=IFCMATERIALLAYERSETUSAGE(#392,.AXIS2.,.POSITIVE.,0.,$);
#2434=IFCRELASSOCIATESMATERIAL('1TnRKr6Xn87PvuJAj0wZzS',$,$,$,(#2432),#2433);
#2438=IFCPRODUCTDEFINITIONSHAPE($,$,(#3890,#3887));
#2454=IFCPROPERTYSET('2k_sQ46vr18f8PUVnAVTNT',$,'EPset_Parametric',$,(#2456));
#2455=IFCRELDEFINESBYPROPERTIES('1FQu55yjH9uBLSG7sP6TVf',$,$,$,(#2432),#2454);
#2456=IFCPROPERTYSINGLEVALUE('Engine',$,IFCLABEL('Bonsai.DumbLayer2'),$);
#2457=IFCWALL('38EbZ7mAL5TfofCc1aVwCP',$,'Wall',$,$,#3690,#2463,$,$);
#2458=IFCMATERIALLAYERSETUSAGE(#392,.AXIS2.,.POSITIVE.,0.,$);
#2459=IFCRELASSOCIATESMATERIAL('11T5lvpMvA9gGhssjiUylv',$,$,$,(#2457),#2458);
#2463=IFCPRODUCTDEFINITIONSHAPE($,$,(#3929,#3926));
#2479=IFCPROPERTYSET('02TN21EWv6VOop425RHSYM',$,'EPset_Parametric',$,(#2481));
#2480=IFCRELDEFINESBYPROPERTIES('3YmmGfUdHBRQkyfInaF7oK',$,$,$,(#2457),#2479);
#2481=IFCPROPERTYSINGLEVALUE('Engine',$,IFCLABEL('Bonsai.DumbLayer2'),$);
#2482=IFCWALL('0WKNMKlyL2SAHmfKPZw0yT',$,'Wall',$,$,#3615,#2488,$,$);
#2483=IFCMATERIALLAYERSETUSAGE(#392,.AXIS2.,.POSITIVE.,0.,$);
#2484=IFCRELASSOCIATESMATERIAL('1mc2uujwrB0Rb4Pr5DIMhp',$,$,$,(#2482),#2483);
#2488=IFCPRODUCTDEFINITIONSHAPE($,$,(#16098,#16095));
#2504=IFCPROPERTYSET('0wVhgSit96Lf0J3_JjWb$g',$,'EPset_Parametric',$,(#2506));
#2505=IFCRELDEFINESBYPROPERTIES('1J4nbxIyX1h95eLn1YqO5T',$,$,$,(#2482),#2504);
#2506=IFCPROPERTYSINGLEVALUE('Engine',$,IFCLABEL('Bonsai.DumbLayer2'),$);
#2507=IFCWALL('0zjDgr1wL5mfJb$oJ72rHP',$,'Wall',$,$,#3721,#2513,$,$);
#2508=IFCMATERIALLAYERSETUSAGE(#392,.AXIS2.,.POSITIVE.,0.,$);
#2509=IFCRELASSOCIATESMATERIAL('1hi6ZbPUv9nuVQS6p2uyOT',$,$,$,(#2507),#2508);
#2513=IFCPRODUCTDEFINITIONSHAPE($,$,(#3955,#3952));
#2529=IFCPROPERTYSET('1KennGEUj1Hu0UOeTyHFwS',$,'EPset_Parametric',$,(#2531));
#2530=IFCRELDEFINESBYPROPERTIES('3_XjhnPVn3_vomuefOKFeG',$,$,$,(#2507),#2529);
#2531=IFCPROPERTYSINGLEVALUE('Engine',$,IFCLABEL('Bonsai.DumbLayer2'),$);
#2532=IFCWALL('2uoMgyRXTBJAXpnQJxkX2y',$,'Wall',$,$,#26732,#2538,$,$);
#2533=IFCMATERIALLAYERSETUSAGE(#392,.AXIS2.,.POSITIVE.,0.,$);
#2534=IFCRELASSOCIATESMATERIAL('2yYTTfsnH3yQxl8lzD7Db9',$,$,$,(#2532),#2533);
#2538=IFCPRODUCTDEFINITIONSHAPE($,$,(#3968,#3965));
#2554=IFCPROPERTYSET('0Dlv2xzSjCfBEb9qa3TXWP',$,'EPset_Parametric',$,(#2556));
#2555=IFCRELDEFINESBYPROPERTIES('2c0KgsSg180fYaLNm0SfXY',$,$,$,(#2532),#2554);
#2556=IFCPROPERTYSINGLEVALUE('Engine',$,IFCLABEL('Bonsai.DumbLayer2'),$);
#2557=IFCWALL('1jgfO0WGDDYQvoMLTOy$x_',$,'Wall',$,$,#26747,#2563,$,$);
#2558=IFCMATERIALLAYERSETUSAGE(#392,.AXIS2.,.POSITIVE.,0.,$);
#2559=IFCRELASSOCIATESMATERIAL('24tocwQvT95gWvhcuyBs1Y',$,$,$,(#2557),#2558);
#2563=IFCPRODUCTDEFINITIONSHAPE($,$,(#3055,#3052));
#2579=IFCPROPERTYSET('0QE9qUK610KP3yDNQWDIhP',$,'EPset_Parametric',$,(#2581));
#2580=IFCRELDEFINESBYPROPERTIES('13ppY32fb1WgNCn$SFR83D',$,$,$,(#2557),#2579);
#2581=IFCPROPERTYSINGLEVALUE('Engine',$,IFCLABEL('Bonsai.DumbLayer2'),$);
#2582=IFCWALL('3AhfTEAr96zBOu2JT1DiVf',$,'Wall',$,$,#26752,#2588,$,$);
#2583=IFCMATERIALLAYERSETUSAGE(#392,.AXIS2.,.POSITIVE.,0.,$);
#2584=IFCRELASSOCIATESMATERIAL('3oWLqs05r4mfibd$hevSYD',$,$,$,(#2582),#2583);
#2588=IFCPRODUCTDEFINITIONSHAPE($,$,(#3087,#3084));
#2604=IFCPROPERTYSET('3Rk5YKSPr6_heHPEFbbCDu',$,'EPset_Parametric',$,(#2606));
#2605=IFCRELDEFINESBYPROPERTIES('3iNdNc$qPAsuLpemCMvBIz',$,$,$,(#2582),#2604);
#2606=IFCPROPERTYSINGLEVALUE('Engine',$,IFCLABEL('Bonsai.DumbLayer2'),$);
#2607=IFCWALL('0hLi5deXP5Zfo$NOtNZznY',$,'Wall',$,$,#26742,#2613,$,$);
#2608=IFCMATERIALLAYERSETUSAGE(#392,.AXIS2.,.POSITIVE.,0.,$);
#2609=IFCRELASSOCIATESMATERIAL('3rqlASRHL4OA7pfePF$78N',$,$,$,(#2607),#2608);
#2613=IFCPRODUCTDEFINITIONSHAPE($,$,(#3119,#3116));
#2629=IFCPROPERTYSET('3IQW1jziLEAQbJllOEc8oc',$,'EPset_Parametric',$,(#2631));
#2630=IFCRELDEFINESBYPROPERTIES('1lgCKhivb27gtBj46Z5t3n',$,$,$,(#2607),#2629);
#2631=IFCPROPERTYSINGLEVALUE('Engine',$,IFCLABEL('Bonsai.DumbLayer2'),$);
#2632=IFCWALL('1hiIP0I5r0ZAybbUAFoviW',$,'Wall',$,$,#26737,#2638,$,$);
#2633=IFCMATERIALLAYERSETUSAGE(#392,.AXIS2.,.POSITIVE.,0.,$);
#2634=IFCRELASSOCIATESMATERIAL('2zgPcFM5976PL_noYEeBMT',$,$,$,(#2632),#2633);
#2638=IFCPRODUCTDEFINITIONSHAPE($,$,(#3942,#3939));
#2654=IFCPROPERTYSET('3r8H07Wzn7bhbo8z$KbO71',$,'EPset_Parametric',$,(#2656));
#2655=IFCRELDEFINESBYPROPERTIES('2yjZV9a_fFNRrDD8_7SQ3S',$,$,$,(#2632),#2654);
#2656=IFCPROPERTYSINGLEVALUE('Engine',$,IFCLABEL('Bonsai.DumbLayer2'),$);
#2814=IFCCARTESIANPOINT((66.7454142027157,24.138861429733,0.));
#2815=IFCDIRECTION((0.,0.,1.));
#2816=IFCDIRECTION((0.169549523801877,0.985521668446999,0.));
#2817=IFCAXIS2PLACEMENT3D(#2814,#2815,#2816);
#2818=IFCLOCALPLACEMENT(#66,#2817);
#2832=IFCRELCONNECTSPATHELEMENTS('3_MKJSam5EkBxo4KLpDPoq',$,$,$,$,#2432,#2407,(),(),.ATEND.,.ATSTART.);
#2846=IFCCARTESIANPOINT((69.9758079871008,42.915812262389,0.));
#2847=IFCDIRECTION((0.,0.,1.));
#2848=IFCDIRECTION((-0.157494041157983,0.987519937520113,0.));
#2849=IFCAXIS2PLACEMENT3D(#2846,#2847,#2848);
#2850=IFCLOCALPLACEMENT(#66,#2849);
#2864=IFCRELCONNECTSPATHELEMENTS('3jnAAffl150xltNLnI5Vgr',$,$,$,$,#2457,#2432,(),(),.ATEND.,.ATSTART.);
#2928=IFCRELCONNECTSPATHELEMENTS('2iiICIb3z7Yv5GZtfPsaq0',$,$,$,$,#2507,#2482,(),(),.ATEND.,.ATSTART.);
#2960=IFCRELCONNECTSPATHELEMENTS('3ku1g7LALDRRv_5Y3x6HNT',$,$,$,$,#2532,#2507,(),(),.ATEND.,.ATSTART.);
#2992=IFCRELCONNECTSPATHELEMENTS('3gyoT5VTP3zxT9MBTnAITi',$,$,$,$,#2557,#2532,(),(),.ATEND.,.ATSTART.);
#3024=IFCRELCONNECTSPATHELEMENTS('1OFiuXDlr7GhrZjOP3Tl7q',$,$,$,$,#2582,#2557,(),(),.ATEND.,.ATSTART.);
#3043=IFCCARTESIANPOINTLIST2D(((0.,0.),(0.11511860297986,0.1),(0.558160691653299,0.1),(0.442407737317113,0.)),$);
#3044=IFCINDEXEDPOLYCURVE(#3043,(IFCLINEINDEX((1,2,3,4,1))),$);
#3045=IFCARBITRARYCLOSEDPROFILEDEF(.AREA.,$,#3044);
#3046=IFCCARTESIANPOINT((0.,0.,0.));
#3047=IFCDIRECTION((0.,0.,1.));
#3048=IFCDIRECTION((1.,0.,0.));
#3049=IFCAXIS2PLACEMENT3D(#3046,#3047,#3048);
#3050=IFCDIRECTION((0.,0.,1.));
#3051=IFCEXTRUDEDAREASOLID(#3045,#3049,#3050,3.);
#3052=IFCSHAPEREPRESENTATION(#15,'Body','SweptSolid',(#3051));
#3053=IFCCARTESIANPOINTLIST2D(((0.,0.),(0.442407737317113,0.)),$);
#3054=IFCINDEXEDPOLYCURVE(#3053,$,$);
#3055=IFCSHAPEREPRESENTATION(#27,'Axis','Curve2D',(#3054));
#3056=IFCRELCONNECTSPATHELEMENTS('3Poe_ce_XBKvEgOQC2I08X',$,$,$,$,#2607,#2582,(),(),.ATEND.,.ATSTART.);
#3075=IFCCARTESIANPOINTLIST2D(((0.,0.),(-0.115752954336186,0.1),(7.83398519352764,0.1),(7.95614959198559,0.)),$);
#3076=IFCINDEXEDPOLYCURVE(#3075,(IFCLINEINDEX((1,2,3,4,1))),$);
#3077=IFCARBITRARYCLOSEDPROFILEDEF(.AREA.,$,#3076);
#3078=IFCCARTESIANPOINT((0.,0.,0.));
#3079=IFCDIRECTION((0.,0.,1.));
#3080=IFCDIRECTION((1.,0.,0.));
#3081=IFCAXIS2PLACEMENT3D(#3078,#3079,#3080);
#3082=IFCDIRECTION((0.,0.,1.));
#3083=IFCEXTRUDEDAREASOLID(#3077,#3081,#3082,3.);
#3084=IFCSHAPEREPRESENTATION(#15,'Body','SweptSolid',(#3083));
#3085=IFCCARTESIANPOINTLIST2D(((0.,0.),(7.95614959198559,0.)),$);
#3086=IFCINDEXEDPOLYCURVE(#3085,$,$);
#3087=IFCSHAPEREPRESENTATION(#27,'Axis','Curve2D',(#3086));
#3088=IFCRELCONNECTSPATHELEMENTS('23DqwpvbzFyPr7ELYYokUi',$,$,$,$,#2632,#2607,(),(),.ATEND.,.ATSTART.);
#3107=IFCCARTESIANPOINTLIST2D(((0.,0.),(0.122164398457953,0.1),(12.0134918161281,0.1),(12.1136567631014,0.)),$);
#3108=IFCINDEXEDPOLYCURVE(#3107,(IFCLINEINDEX((1,2,3,4,1))),$);
#3109=IFCARBITRARYCLOSEDPROFILEDEF(.AREA.,$,#3108);
#3110=IFCCARTESIANPOINT((0.,0.,0.));
#3111=IFCDIRECTION((0.,0.,1.));
#3112=IFCDIRECTION((1.,0.,0.));
#3113=IFCAXIS2PLACEMENT3D(#3110,#3111,#3112);
#3114=IFCDIRECTION((0.,0.,1.));
#3115=IFCEXTRUDEDAREASOLID(#3109,#3113,#3114,3.);
#3116=IFCSHAPEREPRESENTATION(#15,'Body','SweptSolid',(#3115));
#3117=IFCCARTESIANPOINTLIST2D(((0.,0.),(12.1136567631014,0.)),$);
#3118=IFCINDEXEDPOLYCURVE(#3117,$,$);
#3119=IFCSHAPEREPRESENTATION(#27,'Axis','Curve2D',(#3118));
#3120=IFCRELCONNECTSPATHELEMENTS('1WgCERZQj99RFmtGIGl_q_',$,$,$,$,#2381,#2632,(),(),.ATEND.,.ATSTART.);
#3152=IFCANNOTATION('04K6L$$s10pByr2dQyFx5I',$,'ORTHOGRAPHIC',$,'DRAWING',#10861,#3163,.USERDEFINED.);
#3163=IFCPRODUCTDEFINITIONSHAPE($,$,(#10866));
#3164=IFCGROUP('3e$Sssocn1T8p2v9P3n5kV',$,'ORTHOGRAPHIC',$,'DRAWING');
#3165=IFCRELASSIGNSTOGROUP('189kZAOiz8185wkcJy9$s3',$,$,$,(#3152),$,#3164);
#3166=IFCPROPERTYSET('2tnDR75IX7fxOBCyiBelWn',$,'EPset_Drawing',$,(#3168,#3169,#3170,#3171,#3172,#3173,#3174,#3175,#3176,#3177,#3178,#3179,#3180));
#3167=IFCRELDEFINESBYPROPERTIES('1rM_IXWlf6Pe23N0TotqWq',$,$,$,(#3152),#3166);
#3168=IFCPROPERTYSINGLEVALUE('TargetView',$,IFCLABEL('MODEL_VIEW'),$);
#3169=IFCPROPERTYSINGLEVALUE('Scale',$,IFCLABEL('1/100'),$);
#3170=IFCPROPERTYSINGLEVALUE('HumanScale',$,IFCLABEL('1:100'),$);
#3171=IFCPROPERTYSINGLEVALUE('HasUnderlay',$,IFCBOOLEAN(.F.),$);
#3172=IFCPROPERTYSINGLEVALUE('HasLinework',$,IFCBOOLEAN(.T.),$);
#3173=IFCPROPERTYSINGLEVALUE('HasAnnotation',$,IFCBOOLEAN(.T.),$);
#3174=IFCPROPERTYSINGLEVALUE('GlobalReferencing',$,IFCBOOLEAN(.T.),$);
#3175=IFCPROPERTYSINGLEVALUE('Stylesheet',$,IFCTEXT('drawings/assets/default.css'),$);
#3176=IFCPROPERTYSINGLEVALUE('Markers',$,IFCTEXT('drawings/assets/markers.svg'),$);
#3177=IFCPROPERTYSINGLEVALUE('Symbols',$,IFCTEXT('drawings/assets/symbols.svg'),$);
#3178=IFCPROPERTYSINGLEVALUE('Patterns',$,IFCTEXT('drawings/assets/patterns.svg'),$);
#3179=IFCPROPERTYSINGLEVALUE('ShadingStyles',$,IFCTEXT('drawings/assets/shading_styles.json'),$);
#3180=IFCPROPERTYSINGLEVALUE('CurrentShadingStyle',$,IFCLABEL('Blender Default'),$);
#3181=IFCDOCUMENTINFORMATION('X','ORTHOGRAPHIC',$,$,$,$,'DRAWING',$,$,$,$,$,$,$,$,$,$);
#3182=IFCRELASSOCIATESDOCUMENT('3ghvJIzbL5BuvcJFNpBGjz',$,$,$,(#1),#3181);
#3183=IFCDOCUMENTREFERENCE('drawings/ORTHOGRAPHIC.svg','X',$,$,#3181);
#3184=IFCRELASSOCIATESDOCUMENT('3AQTbKmiL7wQic61hzyw8B',$,$,$,(#3152),#3183);
#3190=IFCWALL('193oymhqH3WPw9ieWVOFsJ',$,'Wall',$,$,#3592,#3201,$,$);
#3196=IFCRELDEFINESBYPROPERTIES('0RuBWOr_jE$uWIeY5cva_E',$,$,$,(#3190),#3197);
#3197=IFCPROPERTYSET('26QWJf7Hr6oxjeGhZ3FAT5',$,'EPset_Parametric',$,(#3198));
#3198=IFCPROPERTYSINGLEVALUE('Engine',$,IFCLABEL('Bonsai.DumbLayer2'),$);
#3199=IFCRELASSOCIATESMATERIAL('0FmQjGJFX7Ju01hfSV7ePX',$,$,$,(#3190),#3200);
#3200=IFCMATERIALLAYERSETUSAGE(#392,.AXIS2.,.POSITIVE.,0.,$);
#3201=IFCPRODUCTDEFINITIONSHAPE($,$,(#16085,#16082));
#3215=IFCRELCONNECTSPATHELEMENTS('0gBPJ7zzPAOQUC_mPGJDMN',$,$,$,$,#2482,#3190,(),(),.ATEND.,.ATSTART.);
#3370=IFCWALL('0xoPJC_XvDxeOzIZpSQWPO',$,'Wall',$,$,#3432,#3381,$,$);
#3376=IFCRELDEFINESBYPROPERTIES('3G27CD$cDAGQsjj7LM0b8f',$,$,$,(#3370),#3377);
#3377=IFCPROPERTYSET('1HAhAULl11Bf25SE0CwkZE',$,'EPset_Parametric',$,(#3378));
#3378=IFCPROPERTYSINGLEVALUE('Engine',$,IFCLABEL('Bonsai.DumbLayer2'),$);
#3379=IFCRELASSOCIATESMATERIAL('13as_b8yb2ufjdXxskXaWL',$,$,$,(#3370),#3380);
#3380=IFCMATERIALLAYERSETUSAGE(#392,.AXIS2.,.POSITIVE.,0.,$);
#3381=IFCPRODUCTDEFINITIONSHAPE($,$,(#3994,#3991));
#3395=IFCRELCONNECTSPATHELEMENTS('0J_fVfoHjC8OHQAlAFzL90',$,$,$,$,#2407,#3370,(),(),.ATEND.,.ATSTART.);
#3428=IFCCARTESIANPOINT((46.3202681522852,24.4767413472842,0.));
#3429=IFCDIRECTION((0.,0.,1.));
#3430=IFCDIRECTION((0.999863204655844,-0.0165400113466376,0.));
#3431=IFCAXIS2PLACEMENT3D(#3428,#3429,#3430);
#3432=IFCLOCALPLACEMENT(#66,#3431);
#3433=IFCWALL('2gqgdNokT89Rrmjq1x$gkt',$,'Wall',$,$,#3597,#3444,$,$);
#3439=IFCRELDEFINESBYPROPERTIES('3cI6oKPMXAUPjqr2jYZS_W',$,$,$,(#3433),#3440);
#3440=IFCPROPERTYSET('1YZdgYgRr7Tuj58n0hxy_Z',$,'EPset_Parametric',$,(#3441));
#3441=IFCPROPERTYSINGLEVALUE('Engine',$,IFCLABEL('Bonsai.DumbLayer2'),$);
#3442=IFCRELASSOCIATESMATERIAL('1LPhtXGYPCm9lBebpgxiX9',$,$,$,(#3433),#3443);
#3443=IFCMATERIALLAYERSETUSAGE(#392,.AXIS2.,.POSITIVE.,0.,$);
#3444=IFCPRODUCTDEFINITIONSHAPE($,$,(#3877,#3874));
#3588=IFCCARTESIANPOINT((55.0662307739258,44.3671493530273,-1.3323267698288));
#3589=IFCDIRECTION((0.,0.,1.));
#3590=IFCDIRECTION((-0.999811084547561,0.0194369549011512,0.));
#3591=IFCAXIS2PLACEMENT3D(#3588,#3589,#3590);
#3592=IFCLOCALPLACEMENT(#66,#3591);
#3593=IFCCARTESIANPOINT((30.6043262481689,24.7367172241211,-0.593714594841003));
#3594=IFCDIRECTION((0.,0.,1.));
#3595=IFCDIRECTION((0.999863204655844,-0.0165400113466376,0.));
#3596=IFCAXIS2PLACEMENT3D(#3593,#3594,#3595);
#3597=IFCLOCALPLACEMENT(#66,#3596);
#3611=IFCCARTESIANPOINT((38.9750099607445,44.6799731411529,-1.49865972995758));
#3612=IFCDIRECTION((0.,0.,1.));
#3613=IFCDIRECTION((0.0918411535485699,-0.995773670326178,0.));
#3614=IFCAXIS2PLACEMENT3D(#3611,#3612,#3613);
#3615=IFCLOCALPLACEMENT(#66,#3614);
#3668=IFCCARTESIANPOINT((22.3754869256611,24.8728408722203,-1.46392560005188));
#3669=IFCDIRECTION((0.,0.,1.));
#3670=IFCDIRECTION((0.999863204655844,-0.0165400113466376,0.));
#3671=IFCAXIS2PLACEMENT3D(#3668,#3669,#3670);
#3672=IFCLOCALPLACEMENT(#66,#3671);
#3686=IFCCARTESIANPOINT((69.7899930967191,44.0809097326862,-0.494200110435486));
#3687=IFCDIRECTION((0.,0.,1.));
#3688=IFCDIRECTION((-0.999811084547561,0.0194369549011512,0.));
#3689=IFCAXIS2PLACEMENT3D(#3686,#3687,#3688);
#3690=IFCLOCALPLACEMENT(#66,#3689);
#3717=IFCCARTESIANPOINT((39.0418437774067,43.9553376988891,-1.44966077804565));
#3718=IFCDIRECTION((0.,0.,1.));
#3719=IFCDIRECTION((-0.901341928637684,-0.433108217054007,0.));
#3720=IFCAXIS2PLACEMENT3D(#3717,#3718,#3719);
#3721=IFCLOCALPLACEMENT(#66,#3720);
#3865=IFCCARTESIANPOINTLIST2D(((0.,0.),(0.,0.1),(15.7180919647217,0.1),(15.7180919647217,0.)),$);
#3866=IFCINDEXEDPOLYCURVE(#3865,(IFCLINEINDEX((1,2,3,4,1))),$);
#3867=IFCARBITRARYCLOSEDPROFILEDEF(.AREA.,$,#3866);
#3868=IFCCARTESIANPOINT((0.,0.,0.));
#3869=IFCDIRECTION((0.,0.,1.));
#3870=IFCDIRECTION((1.,0.,0.));
#3871=IFCAXIS2PLACEMENT3D(#3868,#3869,#3870);
#3872=IFCDIRECTION((0.,0.,1.));
#3873=IFCEXTRUDEDAREASOLID(#3867,#3871,#3872,1.);
#3874=IFCSHAPEREPRESENTATION(#15,'Body','SweptSolid',(#3873));
#3875=IFCCARTESIANPOINTLIST2D(((0.,0.),(15.7180919647217,7.15255737304688E-07)),$);
#3876=IFCINDEXEDPOLYCURVE(#3875,$,$);
#3877=IFCSHAPEREPRESENTATION(#27,'Axis','Curve2D',(#3876));
#3878=IFCCARTESIANPOINTLIST2D(((0.,0.),(0.0165756040810727,0.1),(1.09617195505841,0.1),(1.17982171906632,0.)),$);
#3879=IFCINDEXEDPOLYCURVE(#3878,(IFCLINEINDEX((1,2,3,4,1))),$);
#3880=IFCARBITRARYCLOSEDPROFILEDEF(.AREA.,$,#3879);
#3881=IFCCARTESIANPOINT((0.,0.,0.));
#3882=IFCDIRECTION((0.,0.,1.));
#3883=IFCDIRECTION((1.,0.,0.));
#3884=IFCAXIS2PLACEMENT3D(#3881,#3882,#3883);
#3885=IFCDIRECTION((0.,0.,1.));
#3886=IFCEXTRUDEDAREASOLID(#3880,#3884,#3885,1.);
#3887=IFCSHAPEREPRESENTATION(#15,'Body','SweptSolid',(#3886));
#3888=IFCCARTESIANPOINTLIST2D(((0.,0.),(1.17982171906632,0.)),$);
#3889=IFCINDEXEDPOLYCURVE(#3888,$,$);
#3890=IFCSHAPEREPRESENTATION(#27,'Axis','Curve2D',(#3889));
#3891=IFCCARTESIANPOINTLIST2D(((0.,0.),(0.0856893150156517,0.1),(19.0362280367004,0.1),(19.0528036407814,0.)),$);
#3892=IFCINDEXEDPOLYCURVE(#3891,(IFCLINEINDEX((1,2,3,4,1))),$);
#3893=IFCARBITRARYCLOSEDPROFILEDEF(.AREA.,$,#3892);
#3894=IFCCARTESIANPOINT((0.,0.,0.));
#3895=IFCDIRECTION((0.,0.,1.));
#3896=IFCDIRECTION((1.,0.,0.));
#3897=IFCAXIS2PLACEMENT3D(#3894,#3895,#3896);
#3898=IFCDIRECTION((0.,0.,1.));
#3899=IFCEXTRUDEDAREASOLID(#3893,#3897,#3898,1.);
#3900=IFCSHAPEREPRESENTATION(#15,'Body','SweptSolid',(#3899));
#3901=IFCCARTESIANPOINTLIST2D(((0.,0.),(19.0528036407814,0.)),$);
#3902=IFCINDEXEDPOLYCURVE(#3901,$,$);
#3903=IFCSHAPEREPRESENTATION(#27,'Axis','Curve2D',(#3902));
#3904=IFCCARTESIANPOINTLIST2D(((0.,0.),(-0.0881357709582584,0.1),(8.22996465812568,0.1),(8.22996465812568,0.)),$);
#3905=IFCINDEXEDPOLYCURVE(#3904,(IFCLINEINDEX((1,2,3,4,1))),$);
#3906=IFCARBITRARYCLOSEDPROFILEDEF(.AREA.,$,#3905);
#3907=IFCCARTESIANPOINT((0.,0.,0.));
#3908=IFCDIRECTION((0.,0.,1.));
#3909=IFCDIRECTION((1.,0.,0.));
#3910=IFCAXIS2PLACEMENT3D(#3907,#3908,#3909);
#3911=IFCDIRECTION((0.,0.,1.));
#3912=IFCEXTRUDEDAREASOLID(#3906,#3910,#3911,1.);
#3913=IFCSHAPEREPRESENTATION(#15,'Body','SweptSolid',(#3912));
#3914=IFCCARTESIANPOINTLIST2D(((0.,0.),(8.22996465812568,8.34465026855469E-07)),$);
#3915=IFCINDEXEDPOLYCURVE(#3914,$,$);
#3916=IFCSHAPEREPRESENTATION(#27,'Axis','Curve2D',(#3915));
#3917=IFCCARTESIANPOINTLIST2D(((0.,0.),(0.0836497619440486,0.1),(14.7265432370642,0.1),(14.7265432370642,0.)),$);
#3918=IFCINDEXEDPOLYCURVE(#3917,(IFCLINEINDEX((1,2,3,4,1))),$);
#3919=IFCARBITRARYCLOSEDPROFILEDEF(.AREA.,$,#3918);
#3920=IFCCARTESIANPOINT((0.,0.,0.));
#3921=IFCDIRECTION((0.,0.,1.));
#3922=IFCDIRECTION((1.,0.,0.));
#3923=IFCAXIS2PLACEMENT3D(#3920,#3921,#3922);
#3924=IFCDIRECTION((0.,0.,1.));
#3925=IFCEXTRUDEDAREASOLID(#3919,#3923,#3924,1.);
#3926=IFCSHAPEREPRESENTATION(#15,'Body','SweptSolid',(#3925));
#3927=IFCCARTESIANPOINTLIST2D(((0.,0.),(14.7265432370642,3.57627868652344E-07)),$);
#3928=IFCINDEXEDPOLYCURVE(#3927,$,$);
#3929=IFCSHAPEREPRESENTATION(#27,'Axis','Curve2D',(#3928));
#3930=IFCCARTESIANPOINTLIST2D(((0.,0.),(0.100164946973259,0.1),(17.4850155542435,0.1),(17.396879792293,0.)),$);
#3931=IFCINDEXEDPOLYCURVE(#3930,(IFCLINEINDEX((1,2,3,4,1))),$);
#3932=IFCARBITRARYCLOSEDPROFILEDEF(.AREA.,$,#3931);
#3933=IFCCARTESIANPOINT((0.,0.,0.));
#3934=IFCDIRECTION((0.,0.,1.));
#3935=IFCDIRECTION((1.,0.,0.));
#3936=IFCAXIS2PLACEMENT3D(#3933,#3934,#3935);
#3937=IFCDIRECTION((0.,0.,1.));
#3938=IFCEXTRUDEDAREASOLID(#3932,#3936,#3937,3.);
#3939=IFCSHAPEREPRESENTATION(#15,'Body','SweptSolid',(#3938));
#3940=IFCCARTESIANPOINTLIST2D(((0.,0.),(17.396879792293,0.)),$);
#3941=IFCINDEXEDPOLYCURVE(#3940,$,$);
#3942=IFCSHAPEREPRESENTATION(#27,'Axis','Curve2D',(#3941));
#3943=IFCCARTESIANPOINTLIST2D(((0.,0.),(-0.0695077102563898,0.1),(25.8639488856164,0.1),(25.905363172361,0.)),$);
#3944=IFCINDEXEDPOLYCURVE(#3943,(IFCLINEINDEX((1,2,3,4,1))),$);
#3945=IFCARBITRARYCLOSEDPROFILEDEF(.AREA.,$,#3944);
#3946=IFCCARTESIANPOINT((0.,0.,0.));
#3947=IFCDIRECTION((0.,0.,1.));
#3948=IFCDIRECTION((1.,0.,0.));
#3949=IFCAXIS2PLACEMENT3D(#3946,#3947,#3948);
#3950=IFCDIRECTION((0.,0.,1.));
#3951=IFCEXTRUDEDAREASOLID(#3945,#3949,#3950,1.);
#3952=IFCSHAPEREPRESENTATION(#15,'Body','SweptSolid',(#3951));
#3953=IFCCARTESIANPOINTLIST2D(((0.,0.),(25.905363172361,0.)),$);
#3954=IFCINDEXEDPOLYCURVE(#3953,$,$);
#3955=IFCSHAPEREPRESENTATION(#27,'Axis','Curve2D',(#3954));
#3956=IFCCARTESIANPOINTLIST2D(((0.,0.),(0.0414142867445655,0.1),(16.5916023552255,0.1),(16.7067209582054,0.)),$);
#3957=IFCINDEXEDPOLYCURVE(#3956,(IFCLINEINDEX((1,2,3,4,1))),$);
#3958=IFCARBITRARYCLOSEDPROFILEDEF(.AREA.,$,#3957);
#3959=IFCCARTESIANPOINT((0.,0.,0.));
#3960=IFCDIRECTION((0.,0.,1.));
#3961=IFCDIRECTION((1.,0.,0.));
#3962=IFCAXIS2PLACEMENT3D(#3959,#3960,#3961);
#3963=IFCDIRECTION((0.,0.,1.));
#3964=IFCEXTRUDEDAREASOLID(#3958,#3962,#3963,3.);
#3965=IFCSHAPEREPRESENTATION(#15,'Body','SweptSolid',(#3964));
#3966=IFCCARTESIANPOINTLIST2D(((0.,0.),(16.7067209582054,0.)),$);
#3967=IFCINDEXEDPOLYCURVE(#3966,$,$);
#3968=IFCSHAPEREPRESENTATION(#27,'Axis','Curve2D',(#3967));
#3982=IFCCARTESIANPOINTLIST2D(((0.,0.),(0.,0.1),(20.3422514550746,0.1),(20.427940763512,0.)),$);
#3983=IFCINDEXEDPOLYCURVE(#3982,(IFCLINEINDEX((1,2,3,4,1))),$);
#3984=IFCARBITRARYCLOSEDPROFILEDEF(.AREA.,$,#3983);
#3985=IFCCARTESIANPOINT((0.,0.,0.));
#3986=IFCDIRECTION((0.,0.,1.));
#3987=IFCDIRECTION((1.,0.,0.));
#3988=IFCAXIS2PLACEMENT3D(#3985,#3986,#3987);
#3989=IFCDIRECTION((0.,0.,1.));
#3990=IFCEXTRUDEDAREASOLID(#3984,#3988,#3989,1.);
#3991=IFCSHAPEREPRESENTATION(#15,'Body','SweptSolid',(#3990));
#3992=IFCCARTESIANPOINTLIST2D(((0.,0.),(20.427940763512,-1.54972076416016E-06)),$);
#3993=IFCINDEXEDPOLYCURVE(#3992,$,$);
#3994=IFCSHAPEREPRESENTATION(#27,'Axis','Curve2D',(#3993));
#4000=IFCVEHICLE('3BS7Zjbsr73PtDcmQJl4eY',$,'Vehicle',$,$,#12544,#4013,$,$);
#4006=IFCCARTESIANPOINT((0.,0.,0.));
#4007=IFCDIRECTION((1.,0.,0.));
#4008=IFCDIRECTION((0.,1.,0.));
#4009=IFCDIRECTION((0.,0.,1.));
#4010=IFCCARTESIANTRANSFORMATIONOPERATOR3D(#4007,#4008,#4006,1.,#4009);
#4011=IFCMAPPEDITEM(#1273,#4010);
#4012=IFCSHAPEREPRESENTATION(#17,'Box','MappedRepresentation',(#4011));
#4013=IFCPRODUCTDEFINITIONSHAPE($,$,(#4012,#4020,#4027));
#4014=IFCCARTESIANPOINT((0.,0.,0.));
#4015=IFCDIRECTION((1.,0.,0.));
#4016=IFCDIRECTION((0.,1.,0.));
#4017=IFCDIRECTION((0.,0.,1.));
#4018=IFCCARTESIANTRANSFORMATIONOPERATOR3D(#4015,#4016,#4014,1.,#4017);
#4019=IFCMAPPEDITEM(#1754,#4018);
#4020=IFCSHAPEREPRESENTATION(#15,'Body','MappedRepresentation',(#4019));
#4021=IFCCARTESIANPOINT((0.,0.,0.));
#4022=IFCDIRECTION((1.,0.,0.));
#4023=IFCDIRECTION((0.,1.,0.));
#4024=IFCDIRECTION((0.,0.,1.));
#4025=IFCCARTESIANTRANSFORMATIONOPERATOR3D(#4022,#4023,#4021,1.,#4024);
#4026=IFCMAPPEDITEM(#1786,#4025);
#4027=IFCSHAPEREPRESENTATION(#28,'Body','MappedRepresentation',(#4026));
#4033=IFCVEHICLE('2cp3naSmrE5BcV6DgbdwjG',$,'Vehicle',$,$,#26374,#4046,$,$);
#4039=IFCCARTESIANPOINT((0.,0.,0.));
#4040=IFCDIRECTION((1.,0.,0.));
#4041=IFCDIRECTION((0.,1.,0.));
#4042=IFCDIRECTION((0.,0.,1.));
#4043=IFCCARTESIANTRANSFORMATIONOPERATOR3D(#4040,#4041,#4039,1.,#4042);
#4044=IFCMAPPEDITEM(#1273,#4043);
#4045=IFCSHAPEREPRESENTATION(#17,'Box','MappedRepresentation',(#4044));
#4046=IFCPRODUCTDEFINITIONSHAPE($,$,(#4045,#4053,#4060));
#4047=IFCCARTESIANPOINT((0.,0.,0.));
#4048=IFCDIRECTION((1.,0.,0.));
#4049=IFCDIRECTION((0.,1.,0.));
#4050=IFCDIRECTION((0.,0.,1.));
#4051=IFCCARTESIANTRANSFORMATIONOPERATOR3D(#4048,#4049,#4047,1.,#4050);
#4052=IFCMAPPEDITEM(#1754,#4051);
#4053=IFCSHAPEREPRESENTATION(#15,'Body','MappedRepresentation',(#4052));
#4054=IFCCARTESIANPOINT((0.,0.,0.));
#4055=IFCDIRECTION((1.,0.,0.));
#4056=IFCDIRECTION((0.,1.,0.));
#4057=IFCDIRECTION((0.,0.,1.));
#4058=IFCCARTESIANTRANSFORMATIONOPERATOR3D(#4055,#4056,#4054,1.,#4057);
#4059=IFCMAPPEDITEM(#1786,#4058);
#4060=IFCSHAPEREPRESENTATION(#28,'Body','MappedRepresentation',(#4059));
#4106=IFCBUILDINGELEMENTPROXY('3eKD0RJXX2cvK3v1N6xXAg',$,'Well',$,$,#4443,#4238,$,.COMPLEX.);
#4107=IFCCARTESIANPOINTLIST3D(((0.,0.862171173095703,-0.600000023841858),(0.,0.862171173095703,0.600000023841858),(0.168201237916946,0.845604717731476,-0.600000023841858),(0.168201237916946,0.845604717731476,0.600000023841858),(0.329938650131226,0.796542286872864,-0.600000023841858),(0.329938650131226,0.796542286872864,0.600000023841858),(0.478996634483337,0.716869115829468,-0.600000023841858),(0.478996634483337,0.716869115829468,0.600000023841858),(0.609647035598755,0.609647035598755,-0.600000023841858),(0.609647035598755,0.609647035598755,0.600000023841858),(0.716869115829468,0.478996634483337,-0.600000023841858),(0.716869115829468,0.478996634483337,0.600000023841858),(0.796542227268219,0.329938650131226,-0.600000023841858),(0.796542227268219,0.329938650131226,0.600000023841858),(0.845604717731476,0.168201237916946,-0.600000023841858),(0.845604717731476,0.168201237916946,0.600000023841858),(0.862171173095703,0.,-0.600000023841858),(0.862171173095703,0.,0.600000023841858),(0.845604717731476,-0.168201237916946,-0.600000023841858),(0.845604717731476,-0.168201237916946,0.600000023841858),(0.796542286872864,-0.329938650131226,-0.600000023841858),(0.796542286872864,-0.329938650131226,0.600000023841858),(0.716869115829468,-0.478996634483337,-0.600000023841858),(0.716869115829468,-0.478996634483337,0.600000023841858),(0.609647035598755,-0.609647035598755,-0.600000023841858),(0.609647035598755,-0.609647035598755,0.600000023841858),(0.478996634483337,-0.716869115829468,-0.600000023841858),(0.478996634483337,-0.716869115829468,0.600000023841858),(0.329938650131226,-0.796542227268219,-0.600000023841858),(0.329938650131226,-0.796542227268219,0.600000023841858),(0.168201237916946,-0.845604717731476,-0.600000023841858),(0.168201237916946,-0.845604717731476,0.600000023841858),(0.,-0.862171173095703,-0.600000023841858),(0.,-0.862171173095703,0.600000023841858),(-0.168201237916946,-0.845604717731476,-0.600000023841858),(-0.168201237916946,-0.845604717731476,0.600000023841858),(-0.329938650131226,-0.796542286872864,-0.600000023841858),(-0.329938650131226,-0.796542286872864,0.600000023841858),(-0.478996634483337,-0.716869115829468,-0.600000023841858),(-0.478996634483337,-0.716869115829468,0.600000023841858),(-0.609647035598755,-0.609647035598755,-0.600000023841858),(-0.609647035598755,-0.609647035598755,0.600000023841858),(-0.716869115829468,-0.478996634483337,-0.600000023841858),(-0.716869115829468,-0.478996634483337,0.600000023841858),(-0.796542227268219,-0.329938650131226,-0.600000023841858),(-0.796542227268219,-0.329938650131226,0.600000023841858),(-0.845604717731476,-0.168201237916946,-0.600000023841858),(-0.845604717731476,-0.168201237916946,0.600000023841858),(-0.862171173095703,0.,-0.600000023841858),(-0.862171173095703,0.,0.600000023841858),(-0.845604717731476,0.168201237916946,-0.600000023841858),(-0.845604717731476,0.168201237916946,0.600000023841858),(-0.796542286872864,0.329938650131226,-0.600000023841858),(-0.796542286872864,0.329938650131226,0.600000023841858),(-0.716869115829468,0.478996634483337,-0.600000023841858),(-0.716869115829468,0.478996634483337,0.600000023841858),(-0.609647035598755,0.609647035598755,-0.600000023841858),(-0.609647035598755,0.609647035598755,0.600000023841858),(-0.478996634483337,0.716869115829468,-0.600000023841858),(-0.478996634483337,0.716869115829468,0.600000023841858),(-0.329938650131226,0.796542227268219,-0.600000023841858),(-0.329938650131226,0.796542227268219,0.600000023841858),(-0.168201237916946,0.845604717731476,-0.600000023841858),(-0.168201237916946,0.845604717731476,0.600000023841858),(0.,0.962655007839203,-0.600000023841858),(0.187804669141769,0.944157779216766,-0.600000023841858),(0.187804669141769,0.944157779216766,0.600000023841858),(0.,0.962655007839203,0.600000023841858),(0.368392139673233,0.889377236366272,-0.600000023841858),(0.368392139673233,0.889377236366272,0.600000023841858),(0.534822463989258,0.800418376922607,-0.600000023841858),(0.534822463989258,0.800418376922607,0.600000023841858),(0.68069988489151,0.68069988489151,-0.600000023841858),(0.68069988489151,0.68069988489151,0.600000023841858),(0.800418376922607,0.534822463989258,-0.600000023841858),(0.800418376922607,0.534822463989258,0.600000023841858),(0.889377236366272,0.368392139673233,-0.600000023841858),(0.889377236366272,0.368392139673233,0.600000023841858),(0.944157779216766,0.187804669141769,-0.600000023841858),(0.944157779216766,0.187804669141769,0.600000023841858),(0.962655007839203,0.,-0.600000023841858),(0.962655007839203,0.,0.600000023841858),(0.944157779216766,-0.187804669141769,-0.600000023841858),(0.944157779216766,-0.187804669141769,0.600000023841858),(0.889377236366272,-0.368392139673233,-0.600000023841858),(0.889377236366272,-0.368392139673233,0.600000023841858),(0.800418376922607,-0.534822463989258,-0.600000023841858),(0.800418376922607,-0.534822463989258,0.600000023841858),(0.68069988489151,-0.68069988489151,-0.600000023841858),(0.68069988489151,-0.68069988489151,0.600000023841858),(0.534822463989258,-0.800418376922607,-0.600000023841858),(0.534822463989258,-0.800418376922607,0.600000023841858),(0.368392139673233,-0.889377236366272,-0.600000023841858),(0.368392139673233,-0.889377236366272,0.600000023841858),(0.187804669141769,-0.944157779216766,-0.600000023841858),(0.187804669141769,-0.944157779216766,0.600000023841858),(0.,-0.962655007839203,-0.600000023841858),(0.,-0.962655007839203,0.600000023841858),(-0.187804669141769,-0.944157779216766,-0.600000023841858),(-0.187804669141769,-0.944157779216766,0.600000023841858),(-0.368392139673233,-0.889377236366272,-0.600000023841858),(-0.368392139673233,-0.889377236366272,0.600000023841858),(-0.534822463989258,-0.800418376922607,-0.600000023841858),(-0.534822463989258,-0.800418376922607,0.600000023841858),(-0.68069988489151,-0.68069988489151,-0.600000023841858),(-0.68069988489151,-0.68069988489151,0.600000023841858),(-0.800418376922607,-0.534822463989258,-0.600000023841858),(-0.800418376922607,-0.534822463989258,0.600000023841858),(-0.889377236366272,-0.368392139673233,-0.600000023841858),(-0.889377236366272,-0.368392139673233,0.600000023841858),(-0.944157779216766,-0.187804669141769,-0.600000023841858),(-0.944157779216766,-0.187804669141769,0.600000023841858),(-0.962655007839203,0.,-0.600000023841858),(-0.962655007839203,0.,0.600000023841858),(-0.944157779216766,0.187804669141769,-0.600000023841858),(-0.944157779216766,0.187804669141769,0.600000023841858),(-0.889377236366272,0.368392139673233,-0.600000023841858),(-0.889377236366272,0.368392139673233,0.600000023841858),(-0.800418376922607,0.534822463989258,-0.600000023841858),(-0.800418376922607,0.534822463989258,0.600000023841858),(-0.68069988489151,0.68069988489151,-0.600000023841858),(-0.68069988489151,0.68069988489151,0.600000023841858),(-0.534822463989258,0.800418376922607,-0.600000023841858),(-0.534822463989258,0.800418376922607,0.600000023841858),(-0.368392139673233,0.889377236366272,-0.600000023841858),(-0.368392139673233,0.889377236366272,0.600000023841858),(-0.187804669141769,0.944157779216766,-0.600000023841858),(-0.187804669141769,0.944157779216766,0.600000023841858)),$);
#4108=IFCINDEXEDPOLYGONALFACE((65,68,67,66));
#4109=IFCINDEXEDPOLYGONALFACE((66,67,70,69));
#4110=IFCINDEXEDPOLYGONALFACE((69,70,72,71));
#4111=IFCINDEXEDPOLYGONALFACE((71,72,74,73));
#4112=IFCINDEXEDPOLYGONALFACE((73,74,76,75));
#4113=IFCINDEXEDPOLYGONALFACE((75,76,78,77));
#4114=IFCINDEXEDPOLYGONALFACE((77,78,80,79));
#4115=IFCINDEXEDPOLYGONALFACE((79,80,82,81));
#4116=IFCINDEXEDPOLYGONALFACE((81,82,84,83));
#4117=IFCINDEXEDPOLYGONALFACE((83,84,86,85));
#4118=IFCINDEXEDPOLYGONALFACE((85,86,88,87));
#4119=IFCINDEXEDPOLYGONALFACE((87,88,90,89));
#4120=IFCINDEXEDPOLYGONALFACE((89,90,92,91));
#4121=IFCINDEXEDPOLYGONALFACE((91,92,94,93));
#4122=IFCINDEXEDPOLYGONALFACE((93,94,96,95));
#4123=IFCINDEXEDPOLYGONALFACE((95,96,98,97));
#4124=IFCINDEXEDPOLYGONALFACE((97,98,100,99));
#4125=IFCINDEXEDPOLYGONALFACE((99,100,102,101));
#4126=IFCINDEXEDPOLYGONALFACE((101,102,104,103));
#4127=IFCINDEXEDPOLYGONALFACE((103,104,106,105));
#4128=IFCINDEXEDPOLYGONALFACE((105,106,108,107));
#4129=IFCINDEXEDPOLYGONALFACE((107,108,110,109));
#4130=IFCINDEXEDPOLYGONALFACE((109,110,112,111));
#4131=IFCINDEXEDPOLYGONALFACE((111,112,114,113));
#4132=IFCINDEXEDPOLYGONALFACE((113,114,116,115));
#4133=IFCINDEXEDPOLYGONALFACE((115,116,118,117));
#4134=IFCINDEXEDPOLYGONALFACE((117,118,120,119));
#4135=IFCINDEXEDPOLYGONALFACE((119,120,122,121));
#4136=IFCINDEXEDPOLYGONALFACE((121,122,124,123));
#4137=IFCINDEXEDPOLYGONALFACE((123,124,126,125));
#4138=IFCINDEXEDPOLYGONALFACE((64,62,61,63));
#4139=IFCINDEXEDPOLYGONALFACE((125,126,128,127));
#4140=IFCINDEXEDPOLYGONALFACE((127,128,68,65));
#4141=IFCINDEXEDPOLYGONALFACE((2,64,63,1));
#4142=IFCINDEXEDPOLYGONALFACE((3,1,65,66));
#4143=IFCINDEXEDPOLYGONALFACE((2,4,67,68));
#4144=IFCINDEXEDPOLYGONALFACE((5,3,66,69));
#4145=IFCINDEXEDPOLYGONALFACE((4,6,70,67));
#4146=IFCINDEXEDPOLYGONALFACE((7,5,69,71));
#4147=IFCINDEXEDPOLYGONALFACE((6,8,72,70));
#4148=IFCINDEXEDPOLYGONALFACE((9,7,71,73));
#4149=IFCINDEXEDPOLYGONALFACE((8,10,74,72));
#4150=IFCINDEXEDPOLYGONALFACE((11,9,73,75));
#4151=IFCINDEXEDPOLYGONALFACE((10,12,76,74));
#4152=IFCINDEXEDPOLYGONALFACE((13,11,75,77));
#4153=IFCINDEXEDPOLYGONALFACE((12,14,78,76));
#4154=IFCINDEXEDPOLYGONALFACE((15,13,77,79));
#4155=IFCINDEXEDPOLYGONALFACE((14,16,80,78));
#4156=IFCINDEXEDPOLYGONALFACE((17,15,79,81));
#4157=IFCINDEXEDPOLYGONALFACE((16,18,82,80));
#4158=IFCINDEXEDPOLYGONALFACE((19,17,81,83));
#4159=IFCINDEXEDPOLYGONALFACE((18,20,84,82));
#4160=IFCINDEXEDPOLYGONALFACE((21,19,83,85));
#4161=IFCINDEXEDPOLYGONALFACE((20,22,86,84));
#4162=IFCINDEXEDPOLYGONALFACE((23,21,85,87));
#4163=IFCINDEXEDPOLYGONALFACE((22,24,88,86));
#4164=IFCINDEXEDPOLYGONALFACE((25,23,87,89));
#4165=IFCINDEXEDPOLYGONALFACE((24,26,90,88));
#4166=IFCINDEXEDPOLYGONALFACE((27,25,89,91));
#4167=IFCINDEXEDPOLYGONALFACE((26,28,92,90));
#4168=IFCINDEXEDPOLYGONALFACE((29,27,91,93));
#4169=IFCINDEXEDPOLYGONALFACE((28,30,94,92));
#4170=IFCINDEXEDPOLYGONALFACE((31,29,93,95));
#4171=IFCINDEXEDPOLYGONALFACE((30,32,96,94));
#4172=IFCINDEXEDPOLYGONALFACE((33,31,95,97));
#4173=IFCINDEXEDPOLYGONALFACE((32,34,98,96));
#4174=IFCINDEXEDPOLYGONALFACE((35,33,97,99));
#4175=IFCINDEXEDPOLYGONALFACE((34,36,100,98));
#4176=IFCINDEXEDPOLYGONALFACE((37,35,99,101));
#4177=IFCINDEXEDPOLYGONALFACE((36,38,102,100));
#4178=IFCINDEXEDPOLYGONALFACE((39,37,101,103));
#4179=IFCINDEXEDPOLYGONALFACE((38,40,104,102));
#4180=IFCINDEXEDPOLYGONALFACE((41,39,103,105));
#4181=IFCINDEXEDPOLYGONALFACE((40,42,106,104));
#4182=IFCINDEXEDPOLYGONALFACE((43,41,105,107));
#4183=IFCINDEXEDPOLYGONALFACE((42,44,108,106));
#4184=IFCINDEXEDPOLYGONALFACE((45,43,107,109));
#4185=IFCINDEXEDPOLYGONALFACE((44,46,110,108));
#4186=IFCINDEXEDPOLYGONALFACE((47,45,109,111));
#4187=IFCINDEXEDPOLYGONALFACE((46,48,112,110));
#4188=IFCINDEXEDPOLYGONALFACE((49,47,111,113));
#4189=IFCINDEXEDPOLYGONALFACE((48,50,114,112));
#4190=IFCINDEXEDPOLYGONALFACE((51,49,113,115));
#4191=IFCINDEXEDPOLYGONALFACE((50,52,116,114));
#4192=IFCINDEXEDPOLYGONALFACE((53,51,115,117));
#4193=IFCINDEXEDPOLYGONALFACE((52,54,118,116));
#4194=IFCINDEXEDPOLYGONALFACE((55,53,117,119));
#4195=IFCINDEXEDPOLYGONALFACE((54,56,120,118));
#4196=IFCINDEXEDPOLYGONALFACE((57,55,119,121));
#4197=IFCINDEXEDPOLYGONALFACE((56,58,122,120));
#4198=IFCINDEXEDPOLYGONALFACE((59,57,121,123));
#4199=IFCINDEXEDPOLYGONALFACE((58,60,124,122));
#4200=IFCINDEXEDPOLYGONALFACE((61,59,123,125));
#4201=IFCINDEXEDPOLYGONALFACE((60,62,126,124));
#4202=IFCINDEXEDPOLYGONALFACE((63,61,125,127));
#4203=IFCINDEXEDPOLYGONALFACE((62,64,128,126));
#4204=IFCINDEXEDPOLYGONALFACE((1,63,127,65));
#4205=IFCINDEXEDPOLYGONALFACE((64,2,68,128));
#4206=IFCINDEXEDPOLYGONALFACE((62,60,59,61));
#4207=IFCINDEXEDPOLYGONALFACE((60,58,57,59));
#4208=IFCINDEXEDPOLYGONALFACE((58,56,55,57));
#4209=IFCINDEXEDPOLYGONALFACE((56,54,53,55));
#4210=IFCINDEXEDPOLYGONALFACE((54,52,51,53));
#4211=IFCINDEXEDPOLYGONALFACE((52,50,49,51));
#4212=IFCINDEXEDPOLYGONALFACE((50,48,47,49));
#4213=IFCINDEXEDPOLYGONALFACE((48,46,45,47));
#4214=IFCINDEXEDPOLYGONALFACE((46,44,43,45));
#4215=IFCINDEXEDPOLYGONALFACE((44,42,41,43));
#4216=IFCINDEXEDPOLYGONALFACE((42,40,39,41));
#4217=IFCINDEXEDPOLYGONALFACE((40,38,37,39));
#4218=IFCINDEXEDPOLYGONALFACE((38,36,35,37));
#4219=IFCINDEXEDPOLYGONALFACE((36,34,33,35));
#4220=IFCINDEXEDPOLYGONALFACE((34,32,31,33));
#4221=IFCINDEXEDPOLYGONALFACE((32,30,29,31));
#4222=IFCINDEXEDPOLYGONALFACE((30,28,27,29));
#4223=IFCINDEXEDPOLYGONALFACE((28,26,25,27));
#4224=IFCINDEXEDPOLYGONALFACE((26,24,23,25));
#4225=IFCINDEXEDPOLYGONALFACE((24,22,21,23));
#4226=IFCINDEXEDPOLYGONALFACE((22,20,19,21));
#4227=IFCINDEXEDPOLYGONALFACE((20,18,17,19));
#4228=IFCINDEXEDPOLYGONALFACE((18,16,15,17));
#4229=IFCINDEXEDPOLYGONALFACE((16,14,13,15));
#4230=IFCINDEXEDPOLYGONALFACE((14,12,11,13));
#4231=IFCINDEXEDPOLYGONALFACE((12,10,9,11));
#4232=IFCINDEXEDPOLYGONALFACE((10,8,7,9));
#4233=IFCINDEXEDPOLYGONALFACE((8,6,5,7));
#4234=IFCINDEXEDPOLYGONALFACE((6,4,3,5));
#4235=IFCINDEXEDPOLYGONALFACE((4,2,1,3));
#4236=IFCPOLYGONALFACESET(#4107,$,(#4108,#4109,#4110,#4111,#4112,#4113,#4114,#4115,#4116,#4117,#4118,#4119,#4120,#4121,#4122,#4123,#4124,#4125,#4126,#4127,#4128,#4129,#4130,#4131,#4132,#4133,#4134,#4135,#4136,#4137,#4138,#4139,#4140,#4141,#4142,#4143,#4144,#4145,#4146,#4147,#4148,#4149,#4150,#4151,#4152,#4153,#4154,#4155,#4156,#4157,#4158,#4159,#4160,#4161,#4162,#4163,#4164,#4165,#4166,#4167,#4168,#4169,#4170,#4171,#4172,#4173,#4174,#4175,#4176,#4177,#4178,#4179,#4180,#4181,#4182,#4183,#4184,#4185,#4186,#4187,#4188,#4189,#4190,#4191,#4192,#4193,#4194,#4195,#4196,#4197,#4198,#4199,#4200,#4201,#4202,#4203,#4204,#4205,#4206,#4207,#4208,#4209,#4210,#4211,#4212,#4213,#4214,#4215,#4216,#4217,#4218,#4219,#4220,#4221,#4222,#4223,#4224,#4225,#4226,#4227,#4228,#4229,#4230,#4231,#4232,#4233,#4234,#4235),$);
#4237=IFCSHAPEREPRESENTATION(#15,'Body','Tessellation',(#4236));
#4238=IFCPRODUCTDEFINITIONSHAPE($,$,(#4237));
#4239=IFCBUILDINGELEMENTPROXY('3q7lNd2p17oe3AMat8N37d',$,'Toilet 2',$,$,#4433,#4249,$,.COMPLEX.);
#4240=IFCCARTESIANPOINTLIST3D(((-1.64598488807678,-1.02872884273529,-1.5),(-1.64598488807678,-1.02872884273529,1.5),(-1.64598488807678,1.02872884273529,-1.5),(-1.64598488807678,1.02872884273529,1.5),(1.64598488807678,-1.02872884273529,-1.5),(1.64598488807678,-1.02872884273529,1.5),(1.64598488807678,1.02872884273529,-1.5),(1.64598488807678,1.02872884273529,1.5)),$);
#4241=IFCINDEXEDPOLYGONALFACE((1,2,4,3));
#4242=IFCINDEXEDPOLYGONALFACE((3,4,8,7));
#4243=IFCINDEXEDPOLYGONALFACE((7,8,6,5));
#4244=IFCINDEXEDPOLYGONALFACE((5,6,2,1));
#4245=IFCINDEXEDPOLYGONALFACE((3,7,5,1));
#4246=IFCINDEXEDPOLYGONALFACE((8,4,2,6));
#4247=IFCPOLYGONALFACESET(#4240,$,(#4241,#4242,#4243,#4244,#4245,#4246),$);
#4248=IFCSHAPEREPRESENTATION(#15,'Body','Tessellation',(#4247));
#4249=IFCPRODUCTDEFINITIONSHAPE($,$,(#4248));
#4250=IFCBUILDINGELEMENTPROXY('3toYnKI0v7vRY5ZvUmLVDd',$,'Toilet1',$,$,#4438,#4260,$,.COMPLEX.);
#4251=IFCCARTESIANPOINTLIST3D(((-1.02872884273529,-1.02872884273529,-1.5),(-1.02872884273529,-1.02872884273529,1.5),(-1.02872884273529,1.02872884273529,-1.5),(-1.02872884273529,1.02872884273529,1.5),(1.02872884273529,-1.02872884273529,-1.5),(1.02872884273529,-1.02872884273529,1.5),(1.02872884273529,1.02872884273529,-1.5),(1.02872884273529,1.02872884273529,1.5)),$);
#4252=IFCINDEXEDPOLYGONALFACE((1,2,4,3));
#4253=IFCINDEXEDPOLYGONALFACE((3,4,8,7));
#4254=IFCINDEXEDPOLYGONALFACE((7,8,6,5));
#4255=IFCINDEXEDPOLYGONALFACE((5,6,2,1));
#4256=IFCINDEXEDPOLYGONALFACE((3,7,5,1));
#4257=IFCINDEXEDPOLYGONALFACE((8,4,2,6));
#4258=IFCPOLYGONALFACESET(#4251,$,(#4252,#4253,#4254,#4255,#4256,#4257),$);
#4259=IFCSHAPEREPRESENTATION(#15,'Body','Tessellation',(#4258));
#4260=IFCPRODUCTDEFINITIONSHAPE($,$,(#4259));
#4261=IFCWALL('2P2btUNmD4$AeKJvAbrxDF',$,'Wall',$,$,#28672,#4272,$,$);
#4267=IFCRELDEFINESBYPROPERTIES('0czw$XKVb5VPrEYWzsanNm',$,$,$,(#4261),#4268);
#4268=IFCPROPERTYSET('08QId35JHF8w_xxb7z8T1f',$,'EPset_Parametric',$,(#4269));
#4269=IFCPROPERTYSINGLEVALUE('Engine',$,IFCLABEL('Bonsai.DumbLayer2'),$);
#4270=IFCRELASSOCIATESMATERIAL('12ZC5wtmrFZQXh9w7EPmbE',$,$,$,(#4261),#4271);
#4271=IFCMATERIALLAYERSETUSAGE(#396,.AXIS2.,.POSITIVE.,0.,$);
#4272=IFCPRODUCTDEFINITIONSHAPE($,$,(#18855,#18852));
#4324=IFCWALL('3gJXOYN4rCTehFrqIahuzv',$,'Wall',$,$,#28987,#4335,$,$);
#4330=IFCRELASSOCIATESMATERIAL('2sP0Gyr41EWRfgUGVii80d',$,$,$,(#4324),#4331);
#4331=IFCMATERIALLAYERSETUSAGE(#396,.AXIS2.,.POSITIVE.,0.,$);
#4332=IFCRELDEFINESBYPROPERTIES('28MMTyF5D2xBpfnYvQbqF2',$,$,$,(#4324),#4333);
#4333=IFCPROPERTYSET('3AAH0hUXfAsvK4DqZrxi9f',$,'EPset_Parametric',$,(#4334));
#4334=IFCPROPERTYSINGLEVALUE('Engine',$,IFCLABEL('Bonsai.DumbLayer2'),$);
#4335=IFCPRODUCTDEFINITIONSHAPE($,$,(#25209,#25206));
#4429=IFCCARTESIANPOINT((23.4128246307373,26.5828590393066,-0.103730201721191));
#4430=IFCDIRECTION((0.,0.,1.));
#4431=IFCDIRECTION((0.990225145027066,0.139478178064259,0.));
#4432=IFCAXIS2PLACEMENT3D(#4429,#4430,#4431);
#4433=IFCLOCALPLACEMENT(#66,#4432);
#4434=IFCCARTESIANPOINT((59.4694442749023,42.5346870422363,1.00732147693634));
#4435=IFCDIRECTION((0.,0.,1.));
#4436=IFCDIRECTION((1.,0.,0.));
#4437=IFCAXIS2PLACEMENT3D(#4434,#4435,#4436);
#4438=IFCLOCALPLACEMENT(#66,#4437);
#4439=IFCCARTESIANPOINT((61.9343223571777,40.2249412536621,0.367931842803955));
#4440=IFCDIRECTION((0.,0.,1.));
#4441=IFCDIRECTION((1.,0.,0.));
#4442=IFCAXIS2PLACEMENT3D(#4439,#4440,#4441);
#4443=IFCLOCALPLACEMENT(#66,#4442);
#4485=IFCRELDEFINESBYTYPE('2P2__BtlTF$v0usWZJWfUX',$,$,$,(#4726),#381);
#4569=IFCWALL('3c7TTJ0pXFgxE8E$J0mypr',$,'Wall',$,$,#28807,#4580,$,$);
#4575=IFCRELDEFINESBYPROPERTIES('1S0aJenrT5JxIJUeoTk9DN',$,$,$,(#4569),#4576);
#4576=IFCPROPERTYSET('0n6dfPJUnEwwVsgMX5s4wX',$,'EPset_Parametric',$,(#4577));
#4577=IFCPROPERTYSINGLEVALUE('Engine',$,IFCLABEL('Bonsai.DumbLayer2'),$);
#4578=IFCRELASSOCIATESMATERIAL('3F9c27IT11YAGygwHpbgXV',$,$,$,(#4569),#4579);
#4579=IFCMATERIALLAYERSETUSAGE(#396,.AXIS2.,.POSITIVE.,0.,$);
#4580=IFCPRODUCTDEFINITIONSHAPE($,$,(#21186,#21183));
#4599=IFCWALL('2KWvRMMKTFyw1HRUtVm_Gi',$,'Wall',$,$,#28817,#4610,$,$);
#4605=IFCRELDEFINESBYPROPERTIES('1N8U9TukfEIBh0WoQqr0Rz',$,$,$,(#4599),#4606);
#4606=IFCPROPERTYSET('0Nx8o3jVb6MAcf6x2nLENl',$,'EPset_Parametric',$,(#4607));
#4607=IFCPROPERTYSINGLEVALUE('Engine',$,IFCLABEL('Bonsai.DumbLayer2'),$);
#4608=IFCRELASSOCIATESMATERIAL('0LeS1jOejDfPKnZJPk1Cfl',$,$,$,(#4599),#4609);
#4609=IFCMATERIALLAYERSETUSAGE(#396,.AXIS2.,.POSITIVE.,0.,$);
#4610=IFCPRODUCTDEFINITIONSHAPE($,$,(#23102,#23099));
#4726=IFCSLAB('2FiUBYKgX14Ok5pfpzPww9',$,'Slab',$,$,#28542,#4737,$,$);
#4732=IFCRELASSOCIATESMATERIAL('0$FDuKnTX7Mxm3WIWaDM88',$,$,$,(#4726),#4733);
#4733=IFCMATERIALLAYERSETUSAGE(#384,.AXIS3.,.POSITIVE.,-0.449999988079071,$);
#4734=IFCRELDEFINESBYPROPERTIES('14_kZtulj4oBud5d$JvsGy',$,$,$,(#4726),#4735);
#4735=IFCPROPERTYSET('0ypx0IJFL1gRFuEfQVTPxw',$,'EPset_Parametric',$,(#4736));
#4736=IFCPROPERTYSINGLEVALUE('Engine',$,IFCLABEL('Bonsai.DumbLayer3'),$);
#4737=IFCPRODUCTDEFINITIONSHAPE($,$,(#4738));
#4738=IFCSHAPEREPRESENTATION(#15,'Body','SweptSolid',(#4739));
#4739=IFCEXTRUDEDAREASOLID(#27153,#4743,#4747,0.449999988079071);
#4743=IFCAXIS2PLACEMENT3D(#4744,#4745,#4746);
#4744=IFCCARTESIANPOINT((-0.,-0.,-0.449999988079071));
#4745=IFCDIRECTION((0.,0.,1.));
#4746=IFCDIRECTION((1.,0.,0.));
#4747=IFCDIRECTION((0.,0.,1.));
#4751=IFCELEMENTQUANTITY('3wAhZKtrv3YRCC2_rb0o0c',$,'Qto_SlabBaseQuantities',$,$,(#4753,#4754,#4755,#4756,#4757,#4758,#4759,#4760));
#4752=IFCRELDEFINESBYPROPERTIES('2uC0VnATL9oQIA_EjZlSks',$,$,$,(#4726),#4751);
#4753=IFCQUANTITYAREA('GrossArea',$,$,283.819956200626,$);
#4754=IFCQUANTITYVOLUME('GrossVolume',$,$,127.718976906884,$);
#4755=IFCQUANTITYLENGTH('Depth',$,$,0.449999988079071,$);
#4756=IFCQUANTITYLENGTH('Length',$,$,30.4497179985046,$);
#4757=IFCQUANTITYAREA('NetArea',$,$,283.819956200626,$);
#4758=IFCQUANTITYVOLUME('NetVolume',$,$,127.718976906884,$);
#4759=IFCQUANTITYLENGTH('Perimeter',$,$,83.4394807815598,$);
#4760=IFCQUANTITYLENGTH('Width',$,$,11.2700290679932,$);
#4808=IFCWALL('1Z_ltgn05BKO7I3aoagSPJ',$,'Wall',$,$,#29042,#4819,$,$);
#4814=IFCRELDEFINESBYPROPERTIES('2a19Wn4Vz49OMs4ZDP1FOf',$,$,$,(#4808),#4815);
#4815=IFCPROPERTYSET('3$U4axKmPBBAx_8Ei4YslI',$,'EPset_Parametric',$,(#4816));
#4816=IFCPROPERTYSINGLEVALUE('Engine',$,IFCLABEL('Bonsai.DumbLayer2'),$);
#4817=IFCRELASSOCIATESMATERIAL('2byRsVQUf1zf_xEb_BxHqJ',$,$,$,(#4808),#4818);
#4818=IFCMATERIALLAYERSETUSAGE(#396,.AXIS2.,.POSITIVE.,0.,$);
#4819=IFCPRODUCTDEFINITIONSHAPE($,$,(#25182,#25179));
#4969=IFCCARTESIANPOINT((0.,0.,0.));
#4970=IFCDIRECTION((0.,0.,1.));
#4971=IFCDIRECTION((1.,0.,0.));
#4972=IFCAXIS2PLACEMENT3D(#4969,#4970,#4971);
#4979=IFCCARTESIANPOINT((-1.69648480415344,-1.09178245067596,-7.82310962677002E-08));
#4980=IFCBOUNDINGBOX(#4979,3.40135359764099,2.19178247451782,0.900000095367432);
#4981=IFCSHAPEREPRESENTATION(#17,'Box','BoundingBox',(#4980));
#4982=IFCREPRESENTATIONMAP(#4972,#4981);
#4983=IFCCARTESIANPOINT((0.,0.,0.));
#4984=IFCDIRECTION((0.,0.,1.));
#4985=IFCDIRECTION((1.,0.,0.));
#4986=IFCAXIS2PLACEMENT3D(#4983,#4984,#4985);
#4988=IFCCARTESIANPOINTLIST3D(((-1.20000004768372,-0.599300742149353,0.729999959468842),(-1.20000004768372,-0.599300742149353,0.779999911785126),(1.20000004768372,-0.599300742149353,0.779999911785126),(1.20000004768372,-0.599300742149353,0.729999959468842),(1.20000004768372,0.599666237831116,0.779999911785126),(1.20000004768372,0.599666237831116,0.729999959468842),(-1.20000004768372,0.599666237831116,0.779999911785126),(-1.20000004768372,0.599666237831116,0.729999959468842),(-1.20000004768372,-0.599300742149353,-7.82310962677002E-08),(-1.20000004768372,-0.599300742149353,0.729999959468842),(-1.15000009536743,-0.599300742149353,0.729999959468842),(-1.15000009536743,-0.599300742149353,-7.82310962677002E-08),(-1.15000009536743,-0.549300789833069,0.729999959468842),(-1.15000009536743,-0.549300789833069,-7.82310962677002E-08),(-1.20000004768372,-0.549300789833069,0.729999959468842),(-1.20000004768372,-0.549300789833069,-7.82310962677002E-08),(1.20000004768372,-0.599300742149353,-7.82310962677002E-08),(1.20000004768372,-0.599300742149353,0.729999959468842),(1.15000009536743,-0.599300742149353,0.729999959468842),(1.15000009536743,-0.599300742149353,-7.82310962677002E-08),(1.15000009536743,-0.549300789833069,0.729999959468842),(1.15000009536743,-0.549300789833069,-7.82310962677002E-08),(1.20000004768372,-0.549300789833069,0.729999959468842),(1.20000004768372,-0.549300789833069,-7.82310962677002E-08),(-1.20000004768372,0.599666237831116,-7.82310962677002E-08),(-1.20000004768372,0.599666237831116,0.729999959468842),(-1.15000009536743,0.599666237831116,0.729999959468842),(-1.15000009536743,0.599666237831116,-7.82310962677002E-08),(-1.15000009536743,0.549666285514832,0.729999959468842),(-1.15000009536743,0.549666285514832,-7.82310962677002E-08),(-1.20000004768372,0.549666285514832,0.729999959468842),(-1.20000004768372,0.549666285514832,-7.82310962677002E-08),(1.20000004768372,0.599666237831116,-7.82310962677002E-08),(1.20000004768372,0.599666237831116,0.729999959468842),(1.15000009536743,0.599666237831116,0.729999959468842),(1.15000009536743,0.599666237831116,-7.82310962677002E-08),(1.15000009536743,0.549666285514832,0.729999959468842),(1.15000009536743,0.549666285514832,-7.82310962677002E-08),(1.20000004768372,0.549666285514832,0.729999959468842),(1.20000004768372,0.549666285514832,-7.82310962677002E-08),(-0.940016567707062,1.10000002384186,0.449999988079071),(-0.940016567707062,1.10000002384186,0.400000005960464),(-0.490016579627991,1.10000002384186,0.400000005960464),(-0.490016579627991,1.10000002384186,0.449999988079071),(-0.490016579627991,0.649999976158142,0.400000005960464),(-0.490016579627991,0.649999976158142,0.449999988079071),(-0.940016567707062,0.649999976158142,0.400000005960464),(-0.940016567707062,0.649999976158142,0.449999988079071),(-0.940016567707062,1.10000002384186,0.900000035762787),(-0.940016567707062,1.10000002384186,0.449999988079071),(-0.490016579627991,1.10000002384186,0.449999988079071),(-0.490016579627991,1.10000002384186,0.900000035762787),(-0.490016579627991,1.05000007152557,0.449999988079071),(-0.490016579627991,1.05000007152557,0.900000035762787),(-0.940016567707062,1.05000007152557,0.449999988079071),(-0.940016567707062,1.05000007152557,0.900000035762787),(-0.940016567707062,1.10000002384186,-7.82310962677002E-08),(-0.940016567707062,1.10000002384186,0.400000005960464),(-0.890016555786133,1.10000002384186,0.400000005960464),(-0.890016555786133,1.10000002384186,-7.82310962677002E-08),(-0.890016555786133,1.05000007152557,0.400000005960464),(-0.890016555786133,1.05000007152557,-7.82310962677002E-08),(-0.940016567707062,1.05000007152557,0.400000005960464),(-0.940016567707062,1.05000007152557,-7.82310962677002E-08),(-0.490016579627991,1.10000002384186,-7.82310962677002E-08),(-0.490016579627991,1.10000002384186,0.400000005960464),(-0.54001659154892,1.10000002384186,0.400000005960464),(-0.54001659154892,1.10000002384186,-7.82310962677002E-08),(-0.54001659154892,1.05000007152557,0.400000005960464),(-0.54001659154892,1.05000007152557,-7.82310962677002E-08),(-0.490016579627991,1.05000007152557,0.400000005960464),(-0.490016579627991,1.05000007152557,-7.82310962677002E-08),(-0.940016567707062,0.649999976158142,-7.82310962677002E-08),(-0.940016567707062,0.649999976158142,0.400000005960464),(-0.890016555786133,0.649999976158142,0.400000005960464),(-0.890016555786133,0.649999976158142,-7.82310962677002E-08),(-0.890016555786133,0.699999988079071,0.400000005960464),(-0.890016555786133,0.699999988079071,-7.82310962677002E-08),(-0.940016567707062,0.699999988079071,0.400000005960464),(-0.940016567707062,0.699999988079071,-7.82310962677002E-08),(-0.490016579627991,0.649999976158142,-7.82310962677002E-08),(-0.490016579627991,0.649999976158142,0.400000005960464),(-0.54001659154892,0.649999976158142,0.400000005960464),(-0.54001659154892,0.649999976158142,-7.82310962677002E-08),(-0.54001659154892,0.699999988079071,0.400000005960464),(-0.54001659154892,0.699999988079071,-7.82310962677002E-08),(-0.490016579627991,0.699999988079071,0.400000005960464),(-0.490016579627991,0.699999988079071,-7.82310962677002E-08),(-0.217633783817291,-0.691782236099243,-7.82310962677002E-08),(-0.217633783817291,-0.691782236099243,0.400000005960464),(-0.167633801698685,-0.691782236099243,-7.82310962677002E-08),(-0.167633801698685,-0.691782236099243,0.400000005960464),(-0.167633801698685,-0.641782283782959,-7.82310962677002E-08),(-0.167633801698685,-0.641782283782959,0.400000005960464),(-0.217633783817291,-0.641782283782959,0.400000005960464),(-0.217633783817291,-0.641782283782959,-7.82310962677002E-08),(0.23236620426178,-0.691782236099243,-7.82310962677002E-08),(0.23236620426178,-0.691782236099243,0.400000005960464),(0.182366192340851,-0.691782236099243,-7.82310962677002E-08),(0.182366192340851,-0.691782236099243,0.400000005960464),(0.182366192340851,-0.641782283782959,-7.82310962677002E-08),(0.182366192340851,-0.641782283782959,0.400000005960464),(0.23236620426178,-0.641782283782959,0.400000005960464),(0.23236620426178,-0.641782283782959,-7.82310962677002E-08),(-0.217633783817291,-1.04178237915039,-7.82310962677002E-08),(-0.217633783817291,-1.04178237915039,0.400000005960464),(-0.167633801698685,-1.04178237915039,-7.82310962677002E-08),(-0.167633801698685,-1.04178237915039,0.400000005960464),(-0.167633801698685,-1.09178233146667,-7.82310962677002E-08),(-0.167633801698685,-1.09178233146667,0.400000005960464),(-0.217633783817291,-1.09178233146667,0.400000005960464),(-0.217633783817291,-1.09178233146667,-7.82310962677002E-08),(0.23236620426178,-1.04178237915039,-7.82310962677002E-08),(0.23236620426178,-1.04178237915039,0.400000005960464),(0.182366192340851,-1.04178237915039,-7.82310962677002E-08),(0.182366192340851,-1.04178237915039,0.400000005960464),(0.182366192340851,-1.09178233146667,-7.82310962677002E-08),(0.182366192340851,-1.09178233146667,0.400000005960464),(0.23236620426178,-1.09178233146667,0.400000005960464),(0.23236620426178,-1.09178233146667,-7.82310962677002E-08),(0.23236620426178,-1.04178237915039,0.900000035762787),(0.23236620426178,-1.04178237915039,0.449999988079071),(-0.217633783817291,-1.04178237915039,0.900000035762787),(-0.217633783817291,-1.04178237915039,0.449999988079071),(-0.217633783817291,-1.09178233146667,0.900000035762787),(-0.217633783817291,-1.09178233146667,0.449999988079071),(0.23236620426178,-1.09178233146667,0.449999988079071),(0.23236620426178,-1.09178233146667,0.900000035762787),(0.23236620426178,-0.641782283782959,0.449999988079071),(0.23236620426178,-0.641782283782959,0.400000005960464),(-0.217633783817291,-0.641782283782959,0.449999988079071),(-0.217633783817291,-0.641782283782959,0.400000005960464),(-0.217633783817291,-1.09178233146667,0.449999988079071),(-0.217633783817291,-1.09178233146667,0.400000005960464),(0.23236620426178,-1.09178233146667,0.400000005960464),(0.23236620426178,-1.09178233146667,0.449999988079071),(-0.222286462783813,1.10000002384186,0.449999988079071),(-0.222286462783813,1.10000002384186,0.400000005960464),(0.227713525295258,1.10000002384186,0.400000005960464),(0.227713525295258,1.10000002384186,0.449999988079071),(0.227713525295258,0.649999976158142,0.400000005960464),(0.227713525295258,0.649999976158142,0.449999988079071),(-0.222286462783813,0.649999976158142,0.400000005960464),(-0.222286462783813,0.649999976158142,0.449999988079071),(-0.222286462783813,1.10000002384186,0.900000035762787),(-0.222286462783813,1.10000002384186,0.449999988079071),(0.227713525295258,1.10000002384186,0.449999988079071),(0.227713525295258,1.10000002384186,0.900000035762787),(0.227713525295258,1.05000007152557,0.449999988079071),(0.227713525295258,1.05000007152557,0.900000035762787),(-0.222286462783813,1.05000007152557,0.449999988079071),(-0.222286462783813,1.05000007152557,0.900000035762787),(-0.222286462783813,1.10000002384186,-7.82310962677002E-08),(-0.222286462783813,1.10000002384186,0.400000005960464),(-0.172286450862885,1.10000002384186,0.400000005960464),(-0.172286450862885,1.10000002384186,-7.82310962677002E-08),(-0.172286450862885,1.05000007152557,0.400000005960464),(-0.172286450862885,1.05000007152557,-7.82310962677002E-08),(-0.222286462783813,1.05000007152557,0.400000005960464),(-0.222286462783813,1.05000007152557,-7.82310962677002E-08),(0.227713525295258,1.10000002384186,-7.82310962677002E-08),(0.227713525295258,1.10000002384186,0.400000005960464),(0.177713543176651,1.10000002384186,0.400000005960464),(0.177713543176651,1.10000002384186,-7.82310962677002E-08),(0.177713543176651,1.05000007152557,0.400000005960464),(0.177713543176651,1.05000007152557,-7.82310962677002E-08),(0.227713525295258,1.05000007152557,0.400000005960464),(0.227713525295258,1.05000007152557,-7.82310962677002E-08),(-0.222286462783813,0.649999976158142,-7.82310962677002E-08),(-0.222286462783813,0.649999976158142,0.400000005960464),(-0.172286450862885,0.649999976158142,0.400000005960464),(-0.172286450862885,0.649999976158142,-7.82310962677002E-08),(-0.172286450862885,0.699999988079071,0.400000005960464),(-0.172286450862885,0.699999988079071,-7.82310962677002E-08),(-0.222286462783813,0.699999988079071,0.400000005960464),(-0.222286462783813,0.699999988079071,-7.82310962677002E-08),(0.227713525295258,0.649999976158142,-7.82310962677002E-08),(0.227713525295258,0.649999976158142,0.400000005960464),(0.177713543176651,0.649999976158142,0.400000005960464),(0.177713543176651,0.649999976158142,-7.82310962677002E-08),(0.177713543176651,0.699999988079071,0.400000005960464),(0.177713543176651,0.699999988079071,-7.82310962677002E-08),(0.227713525295258,0.699999988079071,0.400000005960464),(0.227713525295258,0.699999988079071,-7.82310962677002E-08),(0.500096321105957,-0.691782295703888,-7.82310962677002E-08),(0.500096321105957,-0.691782295703888,0.400000005960464),(0.550096333026886,-0.691782295703888,-7.82310962677002E-08),(0.550096333026886,-0.691782295703888,0.400000005960464),(0.550096333026886,-0.641782343387604,-7.82310962677002E-08),(0.550096333026886,-0.641782343387604,0.400000005960464),(0.500096321105957,-0.641782343387604,0.400000005960464),(0.500096321105957,-0.641782343387604,-7.82310962677002E-08),(0.950096309185028,-0.691782355308533,-7.82310962677002E-08),(0.950096309185028,-0.691782355308533,0.400000005960464),(0.900096297264099,-0.691782295703888,-7.82310962677002E-08),(0.900096297264099,-0.691782295703888,0.400000005960464),(0.900096297264099,-0.641782343387604,-7.82310962677002E-08),(0.900096297264099,-0.641782343387604,0.400000005960464),(0.950096309185028,-0.641782402992249,0.400000005960464),(0.950096309185028,-0.641782402992249,-7.82310962677002E-08),(0.500096321105957,-1.04178237915039,-7.82310962677002E-08),(0.500096321105957,-1.04178237915039,0.400000005960464),(0.550096333026886,-1.04178237915039,-7.82310962677002E-08),(0.550096333026886,-1.04178237915039,0.400000005960464),(0.550096333026886,-1.09178233146667,-7.82310962677002E-08),(0.550096333026886,-1.09178233146667,0.400000005960464),(0.500096321105957,-1.09178233146667,0.400000005960464),(0.500096321105957,-1.09178233146667,-7.82310962677002E-08),(0.950096309185028,-1.04178249835968,-7.82310962677002E-08),(0.950096309185028,-1.04178249835968,0.400000005960464),(0.900096297264099,-1.04178249835968,-7.82310962677002E-08),(0.900096297264099,-1.04178249835968,0.400000005960464),(0.900096297264099,-1.09178245067596,-7.82310962677002E-08),(0.900096297264099,-1.09178245067596,0.400000005960464),(0.950096309185028,-1.09178245067596,0.400000005960464),(0.950096309185028,-1.09178245067596,-7.82310962677002E-08),(0.950096309185028,-1.04178249835968,0.900000035762787),(0.950096309185028,-1.04178249835968,0.449999988079071),(0.500096321105957,-1.04178237915039,0.900000035762787),(0.500096321105957,-1.04178237915039,0.449999988079071),(0.500096321105957,-1.09178233146667,0.900000035762787),(0.500096321105957,-1.09178233146667,0.449999988079071),(0.950096309185028,-1.09178245067596,0.449999988079071),(0.950096309185028,-1.09178245067596,0.900000035762787),(0.950096309185028,-0.641782402992249,0.449999988079071),(0.950096309185028,-0.641782402992249,0.400000005960464),(0.500096321105957,-0.641782343387604,0.449999988079071),(0.500096321105957,-0.641782343387604,0.400000005960464),(0.500096321105957,-1.09178233146667,0.449999988079071),(0.500096321105957,-1.09178233146667,0.400000005960464),(0.950096309185028,-1.09178245067596,0.400000005960464),(0.950096309185028,-1.09178245067596,0.449999988079071),(0.500096321105957,1.10000002384186,0.449999988079071),(0.500096321105957,1.10000002384186,0.400000005960464),(0.950096309185028,1.10000002384186,0.400000005960464),(0.950096309185028,1.10000002384186,0.449999988079071),(0.950096309185028,0.649999976158142,0.400000005960464),(0.950096309185028,0.649999976158142,0.449999988079071),(0.500096321105957,0.649999976158142,0.400000005960464),(0.500096321105957,0.649999976158142,0.449999988079071),(0.500096321105957,1.10000002384186,0.900000035762787),(0.500096321105957,1.10000002384186,0.449999988079071),(0.950096309185028,1.10000002384186,0.449999988079071),(0.950096309185028,1.10000002384186,0.900000035762787),(0.950096309185028,1.05000007152557,0.449999988079071),(0.950096309185028,1.05000007152557,0.900000035762787),(0.500096321105957,1.05000007152557,0.449999988079071),(0.500096321105957,1.05000007152557,0.900000035762787),(0.500096321105957,1.10000002384186,-7.82310962677002E-08),(0.500096321105957,1.10000002384186,0.400000005960464),(0.550096333026886,1.10000002384186,0.400000005960464),(0.550096333026886,1.10000002384186,-7.82310962677002E-08),(0.550096333026886,1.05000007152557,0.400000005960464),(0.550096333026886,1.05000007152557,-7.82310962677002E-08),(0.500096321105957,1.05000007152557,0.400000005960464),(0.500096321105957,1.05000007152557,-7.82310962677002E-08),(0.950096309185028,1.10000002384186,-7.82310962677002E-08),(0.950096309185028,1.10000002384186,0.400000005960464),(0.900096297264099,1.10000002384186,0.400000005960464),(0.900096297264099,1.10000002384186,-7.82310962677002E-08),(0.900096297264099,1.05000007152557,0.400000005960464),(0.900096297264099,1.05000007152557,-7.82310962677002E-08),(0.950096309185028,1.05000007152557,0.400000005960464),(0.950096309185028,1.05000007152557,-7.82310962677002E-08),(0.500096321105957,0.649999976158142,-7.82310962677002E-08),(0.500096321105957,0.649999976158142,0.400000005960464),(0.550096333026886,0.649999976158142,0.400000005960464),(0.550096333026886,0.649999976158142,-7.82310962677002E-08),(0.550096333026886,0.699999988079071,0.400000005960464),(0.550096333026886,0.699999988079071,-7.82310962677002E-08),(0.500096321105957,0.699999988079071,0.400000005960464),(0.500096321105957,0.699999988079071,-7.82310962677002E-08),(0.950096309185028,0.649999976158142,-7.82310962677002E-08),(0.950096309185028,0.649999976158142,0.400000005960464),(0.900096297264099,0.649999976158142,0.400000005960464),(0.900096297264099,0.649999976158142,-7.82310962677002E-08),(0.900096297264099,0.699999988079071,0.400000005960464),(0.900096297264099,0.699999988079071,-7.82310962677002E-08),(0.950096309185028,0.699999988079071,0.400000005960464),(0.950096309185028,0.699999988079071,-7.82310962677002E-08),(-0.490016579627991,-1.09178233146667,0.449999988079071),(-0.490016579627991,-1.09178233146667,0.400000005960464),(-0.940016567707062,-1.09178221225739,0.400000005960464),(-0.940016567707062,-1.09178221225739,0.449999988079071),(-0.940016567707062,-0.641782164573669,0.400000005960464),(-0.940016567707062,-0.641782164573669,0.449999988079071),(-0.490016579627991,-0.641782224178314,0.400000005960464),(-0.490016579627991,-0.641782224178314,0.449999988079071),(-0.490016579627991,-1.09178233146667,0.900000035762787),(-0.490016579627991,-1.09178233146667,0.449999988079071),(-0.940016567707062,-1.09178221225739,0.449999988079071),(-0.940016567707062,-1.09178221225739,0.900000035762787),(-0.940016567707062,-1.0417822599411,0.449999988079071),(-0.940016567707062,-1.0417822599411,0.900000035762787),(-0.490016579627991,-1.04178237915039,0.449999988079071),(-0.490016579627991,-1.04178237915039,0.900000035762787),(-0.490016579627991,-1.09178233146667,-7.82310962677002E-08),(-0.490016579627991,-1.09178233146667,0.400000005960464),(-0.54001659154892,-1.09178233146667,0.400000005960464),(-0.54001659154892,-1.09178233146667,-7.82310962677002E-08),(-0.54001659154892,-1.04178237915039,0.400000005960464),(-0.54001659154892,-1.04178237915039,-7.82310962677002E-08),(-0.490016579627991,-1.04178237915039,0.400000005960464),(-0.490016579627991,-1.04178237915039,-7.82310962677002E-08),(-0.940016567707062,-1.09178221225739,-7.82310962677002E-08),(-0.940016567707062,-1.09178221225739,0.400000005960464),(-0.890016555786133,-1.09178221225739,0.400000005960464),(-0.890016555786133,-1.09178221225739,-7.82310962677002E-08),(-0.890016555786133,-1.0417822599411,0.400000005960464),(-0.890016555786133,-1.0417822599411,-7.82310962677002E-08),(-0.940016567707062,-1.0417822599411,0.400000005960464),(-0.940016567707062,-1.0417822599411,-7.82310962677002E-08),(-0.490016579627991,-0.641782224178314,-7.82310962677002E-08),(-0.490016579627991,-0.641782224178314,0.400000005960464),(-0.54001659154892,-0.641782224178314,0.400000005960464),(-0.54001659154892,-0.641782224178314,-7.82310962677002E-08),(-0.54001659154892,-0.691782176494598,0.400000005960464),(-0.54001659154892,-0.691782176494598,-7.82310962677002E-08),(-0.490016579627991,-0.691782176494598,0.400000005960464),(-0.490016579627991,-0.691782176494598,-7.82310962677002E-08),(-0.940016567707062,-0.641782164573669,-7.82310962677002E-08),(-0.940016567707062,-0.641782164573669,0.400000005960464),(-0.890016555786133,-0.641782224178314,0.400000005960464),(-0.890016555786133,-0.641782224178314,-7.82310962677002E-08),(-0.890016555786133,-0.691782176494598,0.400000005960464),(-0.890016555786133,-0.691782176494598,-7.82310962677002E-08),(-0.940016567707062,-0.691782116889954,0.400000005960464),(-0.940016567707062,-0.691782116889954,-7.82310962677002E-08),(1.30486869812012,-0.220891267061234,-7.82310962677002E-08),(1.30486869812012,-0.220891267061234,0.400000005960464),(1.30486869812012,-0.17089119553566,-7.82310962677002E-08),(1.30486869812012,-0.17089119553566,0.400000005960464),(1.25486874580383,-0.17089119553566,-7.82310962677002E-08),(1.25486874580383,-0.17089119553566,0.400000005960464),(1.25486874580383,-0.220891267061234,0.400000005960464),(1.25486874580383,-0.220891267061234,-7.82310962677002E-08),(1.30486869812012,0.229108795523643,-7.82310962677002E-08),(1.30486869812012,0.229108795523643,0.400000005960464),(1.30486869812012,0.179108843207359,-7.82310962677002E-08),(1.30486869812012,0.179108843207359,0.400000005960464),(1.25486874580383,0.179108843207359,-7.82310962677002E-08),(1.25486874580383,0.179108843207359,0.400000005960464),(1.25486874580383,0.229108795523643,0.400000005960464),(1.25486874580383,0.229108795523643,-7.82310962677002E-08),(1.65486872196198,-0.220891207456589,-7.82310962677002E-08),(1.65486872196198,-0.220891207456589,0.400000005960464),(1.65486872196198,-0.170891150832176,-7.82310962677002E-08),(1.65486872196198,-0.170891150832176,0.400000005960464),(1.70486867427826,-0.170891150832176,-7.82310962677002E-08),(1.70486867427826,-0.170891150832176,0.400000005960464),(1.70486867427826,-0.220891207456589,0.400000005960464),(1.70486867427826,-0.220891207456589,-7.82310962677002E-08),(1.65486884117126,0.229108840227127,-7.82310962677002E-08),(1.65486884117126,0.229108840227127,0.400000005960464),(1.65486884117126,0.179108887910843,-7.82310962677002E-08),(1.65486884117126,0.179108887910843,0.400000005960464),(1.70486879348755,0.179108887910843,-7.82310962677002E-08),(1.70486879348755,0.179108887910843,0.400000005960464),(1.70486879348755,0.229108840227127,0.400000005960464),(1.70486879348755,0.229108840227127,-7.82310962677002E-08),(1.65486884117126,0.229108840227127,0.900000035762787),(1.65486884117126,0.229108840227127,0.449999988079071),(1.65486872196198,-0.220891207456589,0.900000035762787),(1.65486872196198,-0.220891207456589,0.449999988079071),(1.70486867427826,-0.220891207456589,0.900000035762787),(1.70486867427826,-0.220891207456589,0.449999988079071),(1.70486879348755,0.229108840227127,0.449999988079071),(1.70486879348755,0.229108840227127,0.900000035762787),(1.25486874580383,0.229108795523643,0.449999988079071),(1.25486874580383,0.229108795523643,0.400000005960464),(1.25486874580383,-0.220891267061234,0.449999988079071),(1.25486874580383,-0.220891267061234,0.400000005960464),(1.70486867427826,-0.220891207456589,0.449999988079071),(1.70486867427826,-0.220891207456589,0.400000005960464),(1.70486879348755,0.229108840227127,0.400000005960464),(1.70486879348755,0.229108840227127,0.449999988079071),(-1.29648470878601,0.229108840227127,-7.82310962677002E-08),(-1.29648470878601,0.229108840227127,0.400000005960464),(-1.29648470878601,0.179108768701553,-7.82310962677002E-08),(-1.29648470878601,0.179108768701553,0.400000005960464),(-1.24648475646973,0.179108768701553,-7.82310962677002E-08),(-1.24648475646973,0.179108768701553,0.400000005960464),(-1.24648475646973,0.229108840227127,0.400000005960464),(-1.24648475646973,0.229108840227127,-7.82310962677002E-08),(-1.29648470878601,-0.220891267061234,-7.82310962677002E-08),(-1.29648470878601,-0.220891267061234,0.400000005960464),(-1.29648470878601,-0.170891299843788,-7.82310962677002E-08),(-1.29648470878601,-0.170891299843788,0.400000005960464),(-1.24648475646973,-0.170891299843788,-7.82310962677002E-08),(-1.24648475646973,-0.170891299843788,0.400000005960464),(-1.24648475646973,-0.220891267061234,0.400000005960464),(-1.24648475646973,-0.220891267061234,-7.82310962677002E-08),(-1.64648473262787,0.229108780622482,-7.82310962677002E-08),(-1.64648473262787,0.229108780622482,0.400000005960464),(-1.64648473262787,0.179108753800392,-7.82310962677002E-08),(-1.64648473262787,0.179108753800392,0.400000005960464),(-1.69648468494415,0.179108753800392,-7.82310962677002E-08),(-1.69648468494415,0.179108753800392,0.400000005960464),(-1.69648468494415,0.229108780622482,0.400000005960464),(-1.69648468494415,0.229108780622482,-7.82310962677002E-08),(-1.64648485183716,-0.220891267061234,-7.82310962677002E-08),(-1.64648485183716,-0.220891267061234,0.400000005960464),(-1.64648485183716,-0.170891314744949,-7.82310962677002E-08),(-1.64648485183716,-0.170891314744949,0.400000005960464),(-1.69648480415344,-0.170891314744949,-7.82310962677002E-08),(-1.69648480415344,-0.170891314744949,0.400000005960464),(-1.69648480415344,-0.220891267061234,0.400000005960464),(-1.69648480415344,-0.220891267061234,-7.82310962677002E-08),(-1.64648485183716,-0.220891267061234,0.900000035762787),(-1.64648485183716,-0.220891267061234,0.449999988079071),(-1.64648473262787,0.229108780622482,0.900000035762787),(-1.64648473262787,0.229108780622482,0.449999988079071),(-1.69648468494415,0.229108780622482,0.900000035762787),(-1.69648468494415,0.229108780622482,0.449999988079071),(-1.69648480415344,-0.220891267061234,0.449999988079071),(-1.69648480415344,-0.220891267061234,0.900000035762787),(-1.24648475646973,-0.220891267061234,0.449999988079071),(-1.24648475646973,-0.220891267061234,0.400000005960464),(-1.24648475646973,0.229108840227127,0.449999988079071),(-1.24648475646973,0.229108840227127,0.400000005960464),(-1.69648468494415,0.229108780622482,0.449999988079071),(-1.69648468494415,0.229108780622482,0.400000005960464),(-1.69648480415344,-0.220891267061234,0.400000005960464),(-1.69648480415344,-0.220891267061234,0.449999988079071)),$);
#4989=IFCINDEXEDPOLYGONALFACE((2,1,4));
#4990=IFCINDEXEDPOLYGONALFACE((3,2,4));
#4991=IFCINDEXEDPOLYGONALFACE((3,4,6));
#4992=IFCINDEXEDPOLYGONALFACE((5,3,6));
#4993=IFCINDEXEDPOLYGONALFACE((5,6,8));
#4994=IFCINDEXEDPOLYGONALFACE((7,5,8));
#4995=IFCINDEXEDPOLYGONALFACE((7,8,1));
#4996=IFCINDEXEDPOLYGONALFACE((2,7,1));
#4997=IFCINDEXEDPOLYGONALFACE((4,1,6));
#4998=IFCINDEXEDPOLYGONALFACE((1,8,6));
#4999=IFCINDEXEDPOLYGONALFACE((5,2,3));
#5000=IFCINDEXEDPOLYGONALFACE((5,7,2));
#5001=IFCINDEXEDPOLYGONALFACE((10,9,12));
#5002=IFCINDEXEDPOLYGONALFACE((11,10,12));
#5003=IFCINDEXEDPOLYGONALFACE((11,12,14));
#5004=IFCINDEXEDPOLYGONALFACE((13,11,14));
#5005=IFCINDEXEDPOLYGONALFACE((13,14,16));
#5006=IFCINDEXEDPOLYGONALFACE((15,13,16));
#5007=IFCINDEXEDPOLYGONALFACE((15,16,9));
#5008=IFCINDEXEDPOLYGONALFACE((10,15,9));
#5009=IFCINDEXEDPOLYGONALFACE((12,9,14));
#5010=IFCINDEXEDPOLYGONALFACE((9,16,14));
#5011=IFCINDEXEDPOLYGONALFACE((13,10,11));
#5012=IFCINDEXEDPOLYGONALFACE((13,15,10));
#5013=IFCINDEXEDPOLYGONALFACE((20,17,18));
#5014=IFCINDEXEDPOLYGONALFACE((20,18,19));
#5015=IFCINDEXEDPOLYGONALFACE((22,20,19));
#5016=IFCINDEXEDPOLYGONALFACE((22,19,21));
#5017=IFCINDEXEDPOLYGONALFACE((24,22,21));
#5018=IFCINDEXEDPOLYGONALFACE((24,21,23));
#5019=IFCINDEXEDPOLYGONALFACE((17,24,23));
#5020=IFCINDEXEDPOLYGONALFACE((17,23,18));
#5021=IFCINDEXEDPOLYGONALFACE((22,17,20));
#5022=IFCINDEXEDPOLYGONALFACE((22,24,17));
#5023=IFCINDEXEDPOLYGONALFACE((19,18,21));
#5024=IFCINDEXEDPOLYGONALFACE((18,23,21));
#5025=IFCINDEXEDPOLYGONALFACE((28,25,26));
#5026=IFCINDEXEDPOLYGONALFACE((28,26,27));
#5027=IFCINDEXEDPOLYGONALFACE((30,28,27));
#5028=IFCINDEXEDPOLYGONALFACE((30,27,29));
#5029=IFCINDEXEDPOLYGONALFACE((32,30,29));
#5030=IFCINDEXEDPOLYGONALFACE((32,29,31));
#5031=IFCINDEXEDPOLYGONALFACE((25,32,31));
#5032=IFCINDEXEDPOLYGONALFACE((25,31,26));
#5033=IFCINDEXEDPOLYGONALFACE((25,28,30));
#5034=IFCINDEXEDPOLYGONALFACE((25,30,32));
#5035=IFCINDEXEDPOLYGONALFACE((29,27,26));
#5036=IFCINDEXEDPOLYGONALFACE((31,29,26));
#5037=IFCINDEXEDPOLYGONALFACE((34,33,36));
#5038=IFCINDEXEDPOLYGONALFACE((35,34,36));
#5039=IFCINDEXEDPOLYGONALFACE((35,36,38));
#5040=IFCINDEXEDPOLYGONALFACE((37,35,38));
#5041=IFCINDEXEDPOLYGONALFACE((37,38,40));
#5042=IFCINDEXEDPOLYGONALFACE((39,37,40));
#5043=IFCINDEXEDPOLYGONALFACE((39,40,33));
#5044=IFCINDEXEDPOLYGONALFACE((34,39,33));
#5045=IFCINDEXEDPOLYGONALFACE((38,36,33));
#5046=IFCINDEXEDPOLYGONALFACE((40,38,33));
#5047=IFCINDEXEDPOLYGONALFACE((34,35,37));
#5048=IFCINDEXEDPOLYGONALFACE((34,37,39));
#5049=IFCINDEXEDPOLYGONALFACE((42,41,44));
#5050=IFCINDEXEDPOLYGONALFACE((43,42,44));
#5051=IFCINDEXEDPOLYGONALFACE((43,44,46));
#5052=IFCINDEXEDPOLYGONALFACE((45,43,46));
#5053=IFCINDEXEDPOLYGONALFACE((45,46,48));
#5054=IFCINDEXEDPOLYGONALFACE((47,45,48));
#5055=IFCINDEXEDPOLYGONALFACE((47,48,41));
#5056=IFCINDEXEDPOLYGONALFACE((42,47,41));
#5057=IFCINDEXEDPOLYGONALFACE((46,44,41));
#5058=IFCINDEXEDPOLYGONALFACE((48,46,41));
#5059=IFCINDEXEDPOLYGONALFACE((42,43,45));
#5060=IFCINDEXEDPOLYGONALFACE((42,45,47));
#5061=IFCINDEXEDPOLYGONALFACE((50,49,52));
#5062=IFCINDEXEDPOLYGONALFACE((51,50,52));
#5063=IFCINDEXEDPOLYGONALFACE((51,52,54));
#5064=IFCINDEXEDPOLYGONALFACE((53,51,54));
#5065=IFCINDEXEDPOLYGONALFACE((53,54,56));
#5066=IFCINDEXEDPOLYGONALFACE((55,53,56));
#5067=IFCINDEXEDPOLYGONALFACE((55,56,49));
#5068=IFCINDEXEDPOLYGONALFACE((50,55,49));
#5069=IFCINDEXEDPOLYGONALFACE((54,52,49));
#5070=IFCINDEXEDPOLYGONALFACE((56,54,49));
#5071=IFCINDEXEDPOLYGONALFACE((50,51,53));
#5072=IFCINDEXEDPOLYGONALFACE((50,53,55));
#5073=IFCINDEXEDPOLYGONALFACE((60,57,58));
#5074=IFCINDEXEDPOLYGONALFACE((60,58,59));
#5075=IFCINDEXEDPOLYGONALFACE((62,60,59));
#5076=IFCINDEXEDPOLYGONALFACE((62,59,61));
#5077=IFCINDEXEDPOLYGONALFACE((64,62,61));
#5078=IFCINDEXEDPOLYGONALFACE((64,61,63));
#5079=IFCINDEXEDPOLYGONALFACE((57,64,63));
#5080=IFCINDEXEDPOLYGONALFACE((57,63,58));
#5081=IFCINDEXEDPOLYGONALFACE((57,60,62));
#5082=IFCINDEXEDPOLYGONALFACE((57,62,64));
#5083=IFCINDEXEDPOLYGONALFACE((61,59,58));
#5084=IFCINDEXEDPOLYGONALFACE((63,61,58));
#5085=IFCINDEXEDPOLYGONALFACE((66,65,68));
#5086=IFCINDEXEDPOLYGONALFACE((67,66,68));
#5087=IFCINDEXEDPOLYGONALFACE((67,68,70));
#5088=IFCINDEXEDPOLYGONALFACE((69,67,70));
#5089=IFCINDEXEDPOLYGONALFACE((69,70,72));
#5090=IFCINDEXEDPOLYGONALFACE((71,69,72));
#5091=IFCINDEXEDPOLYGONALFACE((71,72,65));
#5092=IFCINDEXEDPOLYGONALFACE((66,71,65));
#5093=IFCINDEXEDPOLYGONALFACE((70,68,65));
#5094=IFCINDEXEDPOLYGONALFACE((72,70,65));
#5095=IFCINDEXEDPOLYGONALFACE((66,67,69));
#5096=IFCINDEXEDPOLYGONALFACE((66,69,71));
#5097=IFCINDEXEDPOLYGONALFACE((74,73,76));
#5098=IFCINDEXEDPOLYGONALFACE((75,74,76));
#5099=IFCINDEXEDPOLYGONALFACE((75,76,78));
#5100=IFCINDEXEDPOLYGONALFACE((77,75,78));
#5101=IFCINDEXEDPOLYGONALFACE((77,78,80));
#5102=IFCINDEXEDPOLYGONALFACE((79,77,80));
#5103=IFCINDEXEDPOLYGONALFACE((79,80,73));
#5104=IFCINDEXEDPOLYGONALFACE((74,79,73));
#5105=IFCINDEXEDPOLYGONALFACE((76,73,78));
#5106=IFCINDEXEDPOLYGONALFACE((73,80,78));
#5107=IFCINDEXEDPOLYGONALFACE((77,74,75));
#5108=IFCINDEXEDPOLYGONALFACE((77,79,74));
#5109=IFCINDEXEDPOLYGONALFACE((84,81,82));
#5110=IFCINDEXEDPOLYGONALFACE((84,82,83));
#5111=IFCINDEXEDPOLYGONALFACE((86,84,83));
#5112=IFCINDEXEDPOLYGONALFACE((86,83,85));
#5113=IFCINDEXEDPOLYGONALFACE((88,86,85));
#5114=IFCINDEXEDPOLYGONALFACE((88,85,87));
#5115=IFCINDEXEDPOLYGONALFACE((81,88,87));
#5116=IFCINDEXEDPOLYGONALFACE((81,87,82));
#5117=IFCINDEXEDPOLYGONALFACE((86,81,84));
#5118=IFCINDEXEDPOLYGONALFACE((86,88,81));
#5119=IFCINDEXEDPOLYGONALFACE((83,82,85));
#5120=IFCINDEXEDPOLYGONALFACE((82,87,85));
#5121=IFCINDEXEDPOLYGONALFACE((94,95,92));
#5122=IFCINDEXEDPOLYGONALFACE((96,89,90));
#5123=IFCINDEXEDPOLYGONALFACE((91,94,92));
#5124=IFCINDEXEDPOLYGONALFACE((91,93,94));
#5125=IFCINDEXEDPOLYGONALFACE((93,95,94));
#5126=IFCINDEXEDPOLYGONALFACE((93,96,95));
#5127=IFCINDEXEDPOLYGONALFACE((91,96,93));
#5128=IFCINDEXEDPOLYGONALFACE((91,89,96));
#5129=IFCINDEXEDPOLYGONALFACE((95,90,92));
#5130=IFCINDEXEDPOLYGONALFACE((96,90,95));
#5131=IFCINDEXEDPOLYGONALFACE((89,92,90));
#5132=IFCINDEXEDPOLYGONALFACE((89,91,92));
#5133=IFCINDEXEDPOLYGONALFACE((100,103,102));
#5134=IFCINDEXEDPOLYGONALFACE((98,97,104));
#5135=IFCINDEXEDPOLYGONALFACE((100,102,99));
#5136=IFCINDEXEDPOLYGONALFACE((102,101,99));
#5137=IFCINDEXEDPOLYGONALFACE((102,103,101));
#5138=IFCINDEXEDPOLYGONALFACE((103,104,101));
#5139=IFCINDEXEDPOLYGONALFACE((101,104,99));
#5140=IFCINDEXEDPOLYGONALFACE((104,97,99));
#5141=IFCINDEXEDPOLYGONALFACE((100,98,103));
#5142=IFCINDEXEDPOLYGONALFACE((103,98,104));
#5143=IFCINDEXEDPOLYGONALFACE((98,100,97));
#5144=IFCINDEXEDPOLYGONALFACE((100,99,97));
#5145=IFCINDEXEDPOLYGONALFACE((111,110,108));
#5146=IFCINDEXEDPOLYGONALFACE((106,105,112));
#5147=IFCINDEXEDPOLYGONALFACE((108,110,107));
#5148=IFCINDEXEDPOLYGONALFACE((110,109,107));
#5149=IFCINDEXEDPOLYGONALFACE((110,111,109));
#5150=IFCINDEXEDPOLYGONALFACE((111,112,109));
#5151=IFCINDEXEDPOLYGONALFACE((107,109,112));
#5152=IFCINDEXEDPOLYGONALFACE((111,108,106));
#5153=IFCINDEXEDPOLYGONALFACE((105,107,112));
#5154=IFCINDEXEDPOLYGONALFACE((111,106,112));
#5155=IFCINDEXEDPOLYGONALFACE((106,108,105));
#5156=IFCINDEXEDPOLYGONALFACE((108,107,105));
#5157=IFCINDEXEDPOLYGONALFACE((116,118,119));
#5158=IFCINDEXEDPOLYGONALFACE((120,113,114));
#5159=IFCINDEXEDPOLYGONALFACE((115,118,116));
#5160=IFCINDEXEDPOLYGONALFACE((115,117,118));
#5161=IFCINDEXEDPOLYGONALFACE((117,119,118));
#5162=IFCINDEXEDPOLYGONALFACE((117,120,119));
#5163=IFCINDEXEDPOLYGONALFACE((120,117,115));
#5164=IFCINDEXEDPOLYGONALFACE((120,115,113));
#5165=IFCINDEXEDPOLYGONALFACE((114,116,119));
#5166=IFCINDEXEDPOLYGONALFACE((120,114,119));
#5167=IFCINDEXEDPOLYGONALFACE((113,116,114));
#5168=IFCINDEXEDPOLYGONALFACE((113,115,116));
#5169=IFCINDEXEDPOLYGONALFACE((127,126,124));
#5170=IFCINDEXEDPOLYGONALFACE((122,121,128));
#5171=IFCINDEXEDPOLYGONALFACE((124,126,123));
#5172=IFCINDEXEDPOLYGONALFACE((126,125,123));
#5173=IFCINDEXEDPOLYGONALFACE((126,127,125));
#5174=IFCINDEXEDPOLYGONALFACE((127,128,125));
#5175=IFCINDEXEDPOLYGONALFACE((123,125,128));
#5176=IFCINDEXEDPOLYGONALFACE((121,123,128));
#5177=IFCINDEXEDPOLYGONALFACE((127,124,122));
#5178=IFCINDEXEDPOLYGONALFACE((127,122,128));
#5179=IFCINDEXEDPOLYGONALFACE((122,124,121));
#5180=IFCINDEXEDPOLYGONALFACE((124,123,121));
#5181=IFCINDEXEDPOLYGONALFACE((135,134,132));
#5182=IFCINDEXEDPOLYGONALFACE((130,129,136));
#5183=IFCINDEXEDPOLYGONALFACE((132,134,131));
#5184=IFCINDEXEDPOLYGONALFACE((134,133,131));
#5185=IFCINDEXEDPOLYGONALFACE((134,135,133));
#5186=IFCINDEXEDPOLYGONALFACE((135,136,133));
#5187=IFCINDEXEDPOLYGONALFACE((131,133,136));
#5188=IFCINDEXEDPOLYGONALFACE((135,132,130));
#5189=IFCINDEXEDPOLYGONALFACE((129,131,136));
#5190=IFCINDEXEDPOLYGONALFACE((135,130,136));
#5191=IFCINDEXEDPOLYGONALFACE((130,132,129));
#5192=IFCINDEXEDPOLYGONALFACE((132,131,129));
#5193=IFCINDEXEDPOLYGONALFACE((138,137,140));
#5194=IFCINDEXEDPOLYGONALFACE((139,138,140));
#5195=IFCINDEXEDPOLYGONALFACE((139,140,142));
#5196=IFCINDEXEDPOLYGONALFACE((141,139,142));
#5197=IFCINDEXEDPOLYGONALFACE((141,142,144));
#5198=IFCINDEXEDPOLYGONALFACE((143,141,144));
#5199=IFCINDEXEDPOLYGONALFACE((143,144,137));
#5200=IFCINDEXEDPOLYGONALFACE((138,143,137));
#5201=IFCINDEXEDPOLYGONALFACE((142,140,137));
#5202=IFCINDEXEDPOLYGONALFACE((144,142,137));
#5203=IFCINDEXEDPOLYGONALFACE((138,139,141));
#5204=IFCINDEXEDPOLYGONALFACE((138,141,143));
#5205=IFCINDEXEDPOLYGONALFACE((146,145,148));
#5206=IFCINDEXEDPOLYGONALFACE((147,146,148));
#5207=IFCINDEXEDPOLYGONALFACE((147,148,150));
#5208=IFCINDEXEDPOLYGONALFACE((149,147,150));
#5209=IFCINDEXEDPOLYGONALFACE((149,150,152));
#5210=IFCINDEXEDPOLYGONALFACE((151,149,152));
#5211=IFCINDEXEDPOLYGONALFACE((151,152,145));
#5212=IFCINDEXEDPOLYGONALFACE((146,151,145));
#5213=IFCINDEXEDPOLYGONALFACE((150,148,145));
#5214=IFCINDEXEDPOLYGONALFACE((152,150,145));
#5215=IFCINDEXEDPOLYGONALFACE((146,147,149));
#5216=IFCINDEXEDPOLYGONALFACE((146,149,151));
#5217=IFCINDEXEDPOLYGONALFACE((156,153,154));
#5218=IFCINDEXEDPOLYGONALFACE((156,154,155));
#5219=IFCINDEXEDPOLYGONALFACE((158,156,155));
#5220=IFCINDEXEDPOLYGONALFACE((158,155,157));
#5221=IFCINDEXEDPOLYGONALFACE((160,158,157));
#5222=IFCINDEXEDPOLYGONALFACE((160,157,159));
#5223=IFCINDEXEDPOLYGONALFACE((153,160,159));
#5224=IFCINDEXEDPOLYGONALFACE((153,159,154));
#5225=IFCINDEXEDPOLYGONALFACE((153,156,158));
#5226=IFCINDEXEDPOLYGONALFACE((153,158,160));
#5227=IFCINDEXEDPOLYGONALFACE((157,155,154));
#5228=IFCINDEXEDPOLYGONALFACE((159,157,154));
#5229=IFCINDEXEDPOLYGONALFACE((162,161,164));
#5230=IFCINDEXEDPOLYGONALFACE((163,162,164));
#5231=IFCINDEXEDPOLYGONALFACE((163,164,166));
#5232=IFCINDEXEDPOLYGONALFACE((165,163,166));
#5233=IFCINDEXEDPOLYGONALFACE((165,166,168));
#5234=IFCINDEXEDPOLYGONALFACE((167,165,168));
#5235=IFCINDEXEDPOLYGONALFACE((167,168,161));
#5236=IFCINDEXEDPOLYGONALFACE((162,167,161));
#5237=IFCINDEXEDPOLYGONALFACE((166,164,161));
#5238=IFCINDEXEDPOLYGONALFACE((168,166,161));
#5239=IFCINDEXEDPOLYGONALFACE((162,163,165));
#5240=IFCINDEXEDPOLYGONALFACE((162,165,167));
#5241=IFCINDEXEDPOLYGONALFACE((170,169,172));
#5242=IFCINDEXEDPOLYGONALFACE((171,170,172));
#5243=IFCINDEXEDPOLYGONALFACE((171,172,174));
#5244=IFCINDEXEDPOLYGONALFACE((173,171,174));
#5245=IFCINDEXEDPOLYGONALFACE((173,174,176));
#5246=IFCINDEXEDPOLYGONALFACE((175,173,176));
#5247=IFCINDEXEDPOLYGONALFACE((175,176,169));
#5248=IFCINDEXEDPOLYGONALFACE((170,175,169));
#5249=IFCINDEXEDPOLYGONALFACE((172,169,174));
#5250=IFCINDEXEDPOLYGONALFACE((169,176,174));
#5251=IFCINDEXEDPOLYGONALFACE((173,170,171));
#5252=IFCINDEXEDPOLYGONALFACE((173,175,170));
#5253=IFCINDEXEDPOLYGONALFACE((180,177,178));
#5254=IFCINDEXEDPOLYGONALFACE((180,178,179));
#5255=IFCINDEXEDPOLYGONALFACE((182,180,179));
#5256=IFCINDEXEDPOLYGONALFACE((182,179,181));
#5257=IFCINDEXEDPOLYGONALFACE((184,182,181));
#5258=IFCINDEXEDPOLYGONALFACE((184,181,183));
#5259=IFCINDEXEDPOLYGONALFACE((177,184,183));
#5260=IFCINDEXEDPOLYGONALFACE((177,183,178));
#5261=IFCINDEXEDPOLYGONALFACE((182,177,180));
#5262=IFCINDEXEDPOLYGONALFACE((182,184,177));
#5263=IFCINDEXEDPOLYGONALFACE((179,178,181));
#5264=IFCINDEXEDPOLYGONALFACE((178,183,181));
#5265=IFCINDEXEDPOLYGONALFACE((190,191,188));
#5266=IFCINDEXEDPOLYGONALFACE((192,185,186));
#5267=IFCINDEXEDPOLYGONALFACE((187,190,188));
#5268=IFCINDEXEDPOLYGONALFACE((187,189,190));
#5269=IFCINDEXEDPOLYGONALFACE((189,191,190));
#5270=IFCINDEXEDPOLYGONALFACE((189,192,191));
#5271=IFCINDEXEDPOLYGONALFACE((187,192,189));
#5272=IFCINDEXEDPOLYGONALFACE((187,185,192));
#5273=IFCINDEXEDPOLYGONALFACE((191,186,188));
#5274=IFCINDEXEDPOLYGONALFACE((192,186,191));
#5275=IFCINDEXEDPOLYGONALFACE((185,188,186));
#5276=IFCINDEXEDPOLYGONALFACE((185,187,188));
#5277=IFCINDEXEDPOLYGONALFACE((196,199,198));
#5278=IFCINDEXEDPOLYGONALFACE((194,193,200));
#5279=IFCINDEXEDPOLYGONALFACE((196,198,195));
#5280=IFCINDEXEDPOLYGONALFACE((198,197,195));
#5281=IFCINDEXEDPOLYGONALFACE((198,199,197));
#5282=IFCINDEXEDPOLYGONALFACE((199,200,197));
#5283=IFCINDEXEDPOLYGONALFACE((197,200,195));
#5284=IFCINDEXEDPOLYGONALFACE((200,193,195));
#5285=IFCINDEXEDPOLYGONALFACE((196,194,199));
#5286=IFCINDEXEDPOLYGONALFACE((199,194,200));
#5287=IFCINDEXEDPOLYGONALFACE((194,196,193));
#5288=IFCINDEXEDPOLYGONALFACE((196,195,193));
#5289=IFCINDEXEDPOLYGONALFACE((207,206,204));
#5290=IFCINDEXEDPOLYGONALFACE((202,201,208));
#5291=IFCINDEXEDPOLYGONALFACE((204,206,203));
#5292=IFCINDEXEDPOLYGONALFACE((206,205,203));
#5293=IFCINDEXEDPOLYGONALFACE((206,207,205));
#5294=IFCINDEXEDPOLYGONALFACE((207,208,205));
#5295=IFCINDEXEDPOLYGONALFACE((203,205,208));
#5296=IFCINDEXEDPOLYGONALFACE((207,204,202));
#5297=IFCINDEXEDPOLYGONALFACE((201,203,208));
#5298=IFCINDEXEDPOLYGONALFACE((207,202,208));
#5299=IFCINDEXEDPOLYGONALFACE((202,204,201));
#5300=IFCINDEXEDPOLYGONALFACE((204,203,201));
#5301=IFCINDEXEDPOLYGONALFACE((212,214,215));
#5302=IFCINDEXEDPOLYGONALFACE((216,209,210));
#5303=IFCINDEXEDPOLYGONALFACE((211,214,212));
#5304=IFCINDEXEDPOLYGONALFACE((211,213,214));
#5305=IFCINDEXEDPOLYGONALFACE((213,215,214));
#5306=IFCINDEXEDPOLYGONALFACE((213,216,215));
#5307=IFCINDEXEDPOLYGONALFACE((216,213,211));
#5308=IFCINDEXEDPOLYGONALFACE((216,211,209));
#5309=IFCINDEXEDPOLYGONALFACE((210,212,215));
#5310=IFCINDEXEDPOLYGONALFACE((216,210,215));
#5311=IFCINDEXEDPOLYGONALFACE((209,212,210));
#5312=IFCINDEXEDPOLYGONALFACE((209,211,212));
#5313=IFCINDEXEDPOLYGONALFACE((223,222,220));
#5314=IFCINDEXEDPOLYGONALFACE((218,217,224));
#5315=IFCINDEXEDPOLYGONALFACE((220,222,219));
#5316=IFCINDEXEDPOLYGONALFACE((222,221,219));
#5317=IFCINDEXEDPOLYGONALFACE((222,223,221));
#5318=IFCINDEXEDPOLYGONALFACE((223,224,221));
#5319=IFCINDEXEDPOLYGONALFACE((219,221,224));
#5320=IFCINDEXEDPOLYGONALFACE((217,219,224));
#5321=IFCINDEXEDPOLYGONALFACE((223,220,218));
#5322=IFCINDEXEDPOLYGONALFACE((223,218,224));
#5323=IFCINDEXEDPOLYGONALFACE((218,220,217));
#5324=IFCINDEXEDPOLYGONALFACE((220,219,217));
#5325=IFCINDEXEDPOLYGONALFACE((231,230,228));
#5326=IFCINDEXEDPOLYGONALFACE((226,225,232));
#5327=IFCINDEXEDPOLYGONALFACE((228,230,227));
#5328=IFCINDEXEDPOLYGONALFACE((230,229,227));
#5329=IFCINDEXEDPOLYGONALFACE((230,231,229));
#5330=IFCINDEXEDPOLYGONALFACE((231,232,229));
#5331=IFCINDEXEDPOLYGONALFACE((227,229,232));
#5332=IFCINDEXEDPOLYGONALFACE((231,228,226));
#5333=IFCINDEXEDPOLYGONALFACE((225,227,232));
#5334=IFCINDEXEDPOLYGONALFACE((231,226,232));
#5335=IFCINDEXEDPOLYGONALFACE((226,228,225));
#5336=IFCINDEXEDPOLYGONALFACE((228,227,225));
#5337=IFCINDEXEDPOLYGONALFACE((234,233,236));
#5338=IFCINDEXEDPOLYGONALFACE((235,234,236));
#5339=IFCINDEXEDPOLYGONALFACE((235,236,238));
#5340=IFCINDEXEDPOLYGONALFACE((237,235,238));
#5341=IFCINDEXEDPOLYGONALFACE((237,238,240));
#5342=IFCINDEXEDPOLYGONALFACE((239,237,240));
#5343=IFCINDEXEDPOLYGONALFACE((239,240,233));
#5344=IFCINDEXEDPOLYGONALFACE((234,239,233));
#5345=IFCINDEXEDPOLYGONALFACE((238,236,233));
#5346=IFCINDEXEDPOLYGONALFACE((240,238,233));
#5347=IFCINDEXEDPOLYGONALFACE((234,235,237));
#5348=IFCINDEXEDPOLYGONALFACE((234,237,239));
#5349=IFCINDEXEDPOLYGONALFACE((242,241,244));
#5350=IFCINDEXEDPOLYGONALFACE((243,242,244));
#5351=IFCINDEXEDPOLYGONALFACE((243,244,246));
#5352=IFCINDEXEDPOLYGONALFACE((245,243,246));
#5353=IFCINDEXEDPOLYGONALFACE((245,246,248));
#5354=IFCINDEXEDPOLYGONALFACE((247,245,248));
#5355=IFCINDEXEDPOLYGONALFACE((247,248,241));
#5356=IFCINDEXEDPOLYGONALFACE((242,247,241));
#5357=IFCINDEXEDPOLYGONALFACE((246,244,241));
#5358=IFCINDEXEDPOLYGONALFACE((248,246,241));
#5359=IFCINDEXEDPOLYGONALFACE((242,243,245));
#5360=IFCINDEXEDPOLYGONALFACE((242,245,247));
#5361=IFCINDEXEDPOLYGONALFACE((252,249,250));
#5362=IFCINDEXEDPOLYGONALFACE((252,250,251));
#5363=IFCINDEXEDPOLYGONALFACE((254,252,251));
#5364=IFCINDEXEDPOLYGONALFACE((254,251,253));
#5365=IFCINDEXEDPOLYGONALFACE((256,254,253));
#5366=IFCINDEXEDPOLYGONALFACE((256,253,255));
#5367=IFCINDEXEDPOLYGONALFACE((249,256,255));
#5368=IFCINDEXEDPOLYGONALFACE((249,255,250));
#5369=IFCINDEXEDPOLYGONALFACE((249,252,254));
#5370=IFCINDEXEDPOLYGONALFACE((249,254,256));
#5371=IFCINDEXEDPOLYGONALFACE((253,251,250));
#5372=IFCINDEXEDPOLYGONALFACE((255,253,250));
#5373=IFCINDEXEDPOLYGONALFACE((258,257,260));
#5374=IFCINDEXEDPOLYGONALFACE((259,258,260));
#5375=IFCINDEXEDPOLYGONALFACE((259,260,262));
#5376=IFCINDEXEDPOLYGONALFACE((261,259,262));
#5377=IFCINDEXEDPOLYGONALFACE((261,262,264));
#5378=IFCINDEXEDPOLYGONALFACE((263,261,264));
#5379=IFCINDEXEDPOLYGONALFACE((263,264,257));
#5380=IFCINDEXEDPOLYGONALFACE((258,263,257));
#5381=IFCINDEXEDPOLYGONALFACE((262,260,257));
#5382=IFCINDEXEDPOLYGONALFACE((264,262,257));
#5383=IFCINDEXEDPOLYGONALFACE((258,259,261));
#5384=IFCINDEXEDPOLYGONALFACE((258,261,263));
#5385=IFCINDEXEDPOLYGONALFACE((266,265,268));
#5386=IFCINDEXEDPOLYGONALFACE((267,266,268));
#5387=IFCINDEXEDPOLYGONALFACE((267,268,270));
#5388=IFCINDEXEDPOLYGONALFACE((269,267,270));
#5389=IFCINDEXEDPOLYGONALFACE((269,270,272));
#5390=IFCINDEXEDPOLYGONALFACE((271,269,272));
#5391=IFCINDEXEDPOLYGONALFACE((271,272,265));
#5392=IFCINDEXEDPOLYGONALFACE((266,271,265));
#5393=IFCINDEXEDPOLYGONALFACE((268,265,270));
#5394=IFCINDEXEDPOLYGONALFACE((265,272,270));
#5395=IFCINDEXEDPOLYGONALFACE((269,266,267));
#5396=IFCINDEXEDPOLYGONALFACE((269,271,266));
#5397=IFCINDEXEDPOLYGONALFACE((276,273,274));
#5398=IFCINDEXEDPOLYGONALFACE((276,274,275));
#5399=IFCINDEXEDPOLYGONALFACE((278,276,275));
#5400=IFCINDEXEDPOLYGONALFACE((278,275,277));
#5401=IFCINDEXEDPOLYGONALFACE((280,278,277));
#5402=IFCINDEXEDPOLYGONALFACE((280,277,279));
#5403=IFCINDEXEDPOLYGONALFACE((273,280,279));
#5404=IFCINDEXEDPOLYGONALFACE((273,279,274));
#5405=IFCINDEXEDPOLYGONALFACE((278,273,276));
#5406=IFCINDEXEDPOLYGONALFACE((278,280,273));
#5407=IFCINDEXEDPOLYGONALFACE((275,274,277));
#5408=IFCINDEXEDPOLYGONALFACE((274,279,277));
#5409=IFCINDEXEDPOLYGONALFACE((282,281,284));
#5410=IFCINDEXEDPOLYGONALFACE((283,282,284));
#5411=IFCINDEXEDPOLYGONALFACE((283,284,286));
#5412=IFCINDEXEDPOLYGONALFACE((285,283,286));
#5413=IFCINDEXEDPOLYGONALFACE((285,286,288));
#5414=IFCINDEXEDPOLYGONALFACE((287,285,288));
#5415=IFCINDEXEDPOLYGONALFACE((287,288,281));
#5416=IFCINDEXEDPOLYGONALFACE((282,287,281));
#5417=IFCINDEXEDPOLYGONALFACE((286,284,281));
#5418=IFCINDEXEDPOLYGONALFACE((288,286,281));
#5419=IFCINDEXEDPOLYGONALFACE((282,283,285));
#5420=IFCINDEXEDPOLYGONALFACE((282,285,287));
#5421=IFCINDEXEDPOLYGONALFACE((290,289,292));
#5422=IFCINDEXEDPOLYGONALFACE((291,290,292));
#5423=IFCINDEXEDPOLYGONALFACE((291,292,294));
#5424=IFCINDEXEDPOLYGONALFACE((293,291,294));
#5425=IFCINDEXEDPOLYGONALFACE((293,294,296));
#5426=IFCINDEXEDPOLYGONALFACE((295,293,296));
#5427=IFCINDEXEDPOLYGONALFACE((295,296,289));
#5428=IFCINDEXEDPOLYGONALFACE((290,295,289));
#5429=IFCINDEXEDPOLYGONALFACE((294,292,289));
#5430=IFCINDEXEDPOLYGONALFACE((296,294,289));
#5431=IFCINDEXEDPOLYGONALFACE((290,291,293));
#5432=IFCINDEXEDPOLYGONALFACE((290,293,295));
#5433=IFCINDEXEDPOLYGONALFACE((300,297,298));
#5434=IFCINDEXEDPOLYGONALFACE((300,298,299));
#5435=IFCINDEXEDPOLYGONALFACE((302,300,299));
#5436=IFCINDEXEDPOLYGONALFACE((302,299,301));
#5437=IFCINDEXEDPOLYGONALFACE((304,302,301));
#5438=IFCINDEXEDPOLYGONALFACE((304,301,303));
#5439=IFCINDEXEDPOLYGONALFACE((297,304,303));
#5440=IFCINDEXEDPOLYGONALFACE((297,303,298));
#5441=IFCINDEXEDPOLYGONALFACE((297,300,302));
#5442=IFCINDEXEDPOLYGONALFACE((297,302,304));
#5443=IFCINDEXEDPOLYGONALFACE((301,299,298));
#5444=IFCINDEXEDPOLYGONALFACE((303,301,298));
#5445=IFCINDEXEDPOLYGONALFACE((306,305,308));
#5446=IFCINDEXEDPOLYGONALFACE((307,306,308));
#5447=IFCINDEXEDPOLYGONALFACE((307,308,310));
#5448=IFCINDEXEDPOLYGONALFACE((309,307,310));
#5449=IFCINDEXEDPOLYGONALFACE((309,310,312));
#5450=IFCINDEXEDPOLYGONALFACE((311,309,312));
#5451=IFCINDEXEDPOLYGONALFACE((311,312,305));
#5452=IFCINDEXEDPOLYGONALFACE((306,311,305));
#5453=IFCINDEXEDPOLYGONALFACE((310,308,305));
#5454=IFCINDEXEDPOLYGONALFACE((312,310,305));
#5455=IFCINDEXEDPOLYGONALFACE((306,307,309));
#5456=IFCINDEXEDPOLYGONALFACE((306,309,311));
#5457=IFCINDEXEDPOLYGONALFACE((314,313,316));
#5458=IFCINDEXEDPOLYGONALFACE((315,314,316));
#5459=IFCINDEXEDPOLYGONALFACE((315,316,318));
#5460=IFCINDEXEDPOLYGONALFACE((317,315,318));
#5461=IFCINDEXEDPOLYGONALFACE((317,318,320));
#5462=IFCINDEXEDPOLYGONALFACE((319,317,320));
#5463=IFCINDEXEDPOLYGONALFACE((319,320,313));
#5464=IFCINDEXEDPOLYGONALFACE((314,319,313));
#5465=IFCINDEXEDPOLYGONALFACE((316,313,318));
#5466=IFCINDEXEDPOLYGONALFACE((313,320,318));
#5467=IFCINDEXEDPOLYGONALFACE((317,314,315));
#5468=IFCINDEXEDPOLYGONALFACE((317,319,314));
#5469=IFCINDEXEDPOLYGONALFACE((324,321,322));
#5470=IFCINDEXEDPOLYGONALFACE((324,322,323));
#5471=IFCINDEXEDPOLYGONALFACE((326,324,323));
#5472=IFCINDEXEDPOLYGONALFACE((326,323,325));
#5473=IFCINDEXEDPOLYGONALFACE((328,326,325));
#5474=IFCINDEXEDPOLYGONALFACE((328,325,327));
#5475=IFCINDEXEDPOLYGONALFACE((321,328,327));
#5476=IFCINDEXEDPOLYGONALFACE((321,327,322));
#5477=IFCINDEXEDPOLYGONALFACE((326,321,324));
#5478=IFCINDEXEDPOLYGONALFACE((326,328,321));
#5479=IFCINDEXEDPOLYGONALFACE((323,322,325));
#5480=IFCINDEXEDPOLYGONALFACE((322,327,325));
#5481=IFCINDEXEDPOLYGONALFACE((334,335,332));
#5482=IFCINDEXEDPOLYGONALFACE((336,329,330));
#5483=IFCINDEXEDPOLYGONALFACE((331,334,332));
#5484=IFCINDEXEDPOLYGONALFACE((331,333,334));
#5485=IFCINDEXEDPOLYGONALFACE((333,335,334));
#5486=IFCINDEXEDPOLYGONALFACE((333,336,335));
#5487=IFCINDEXEDPOLYGONALFACE((331,336,333));
#5488=IFCINDEXEDPOLYGONALFACE((331,329,336));
#5489=IFCINDEXEDPOLYGONALFACE((335,330,332));
#5490=IFCINDEXEDPOLYGONALFACE((336,330,335));
#5491=IFCINDEXEDPOLYGONALFACE((329,332,330));
#5492=IFCINDEXEDPOLYGONALFACE((329,331,332));
#5493=IFCINDEXEDPOLYGONALFACE((340,343,342));
#5494=IFCINDEXEDPOLYGONALFACE((338,337,344));
#5495=IFCINDEXEDPOLYGONALFACE((340,342,339));
#5496=IFCINDEXEDPOLYGONALFACE((342,341,339));
#5497=IFCINDEXEDPOLYGONALFACE((342,343,341));
#5498=IFCINDEXEDPOLYGONALFACE((343,344,341));
#5499=IFCINDEXEDPOLYGONALFACE((341,344,339));
#5500=IFCINDEXEDPOLYGONALFACE((344,337,339));
#5501=IFCINDEXEDPOLYGONALFACE((340,338,343));
#5502=IFCINDEXEDPOLYGONALFACE((343,338,344));
#5503=IFCINDEXEDPOLYGONALFACE((338,340,337));
#5504=IFCINDEXEDPOLYGONALFACE((340,339,337));
#5505=IFCINDEXEDPOLYGONALFACE((351,350,348));
#5506=IFCINDEXEDPOLYGONALFACE((346,345,352));
#5507=IFCINDEXEDPOLYGONALFACE((348,350,347));
#5508=IFCINDEXEDPOLYGONALFACE((350,349,347));
#5509=IFCINDEXEDPOLYGONALFACE((350,351,349));
#5510=IFCINDEXEDPOLYGONALFACE((351,352,349));
#5511=IFCINDEXEDPOLYGONALFACE((347,349,352));
#5512=IFCINDEXEDPOLYGONALFACE((351,348,346));
#5513=IFCINDEXEDPOLYGONALFACE((345,347,352));
#5514=IFCINDEXEDPOLYGONALFACE((351,346,352));
#5515=IFCINDEXEDPOLYGONALFACE((346,348,345));
#5516=IFCINDEXEDPOLYGONALFACE((348,347,345));
#5517=IFCINDEXEDPOLYGONALFACE((356,358,359));
#5518=IFCINDEXEDPOLYGONALFACE((360,353,354));
#5519=IFCINDEXEDPOLYGONALFACE((355,358,356));
#5520=IFCINDEXEDPOLYGONALFACE((355,357,358));
#5521=IFCINDEXEDPOLYGONALFACE((357,359,358));
#5522=IFCINDEXEDPOLYGONALFACE((357,360,359));
#5523=IFCINDEXEDPOLYGONALFACE((360,357,355));
#5524=IFCINDEXEDPOLYGONALFACE((360,355,353));
#5525=IFCINDEXEDPOLYGONALFACE((354,356,359));
#5526=IFCINDEXEDPOLYGONALFACE((360,354,359));
#5527=IFCINDEXEDPOLYGONALFACE((353,356,354));
#5528=IFCINDEXEDPOLYGONALFACE((353,355,356));
#5529=IFCINDEXEDPOLYGONALFACE((367,366,364));
#5530=IFCINDEXEDPOLYGONALFACE((362,361,368));
#5531=IFCINDEXEDPOLYGONALFACE((364,366,363));
#5532=IFCINDEXEDPOLYGONALFACE((366,365,363));
#5533=IFCINDEXEDPOLYGONALFACE((366,367,365));
#5534=IFCINDEXEDPOLYGONALFACE((367,368,365));
#5535=IFCINDEXEDPOLYGONALFACE((363,365,368));
#5536=IFCINDEXEDPOLYGONALFACE((361,363,368));
#5537=IFCINDEXEDPOLYGONALFACE((367,364,362));
#5538=IFCINDEXEDPOLYGONALFACE((367,362,368));
#5539=IFCINDEXEDPOLYGONALFACE((362,364,361));
#5540=IFCINDEXEDPOLYGONALFACE((364,363,361));
#5541=IFCINDEXEDPOLYGONALFACE((375,374,372));
#5542=IFCINDEXEDPOLYGONALFACE((370,369,376));
#5543=IFCINDEXEDPOLYGONALFACE((372,374,371));
#5544=IFCINDEXEDPOLYGONALFACE((374,373,371));
#5545=IFCINDEXEDPOLYGONALFACE((374,375,373));
#5546=IFCINDEXEDPOLYGONALFACE((375,376,373));
#5547=IFCINDEXEDPOLYGONALFACE((371,373,376));
#5548=IFCINDEXEDPOLYGONALFACE((375,372,370));
#5549=IFCINDEXEDPOLYGONALFACE((369,371,376));
#5550=IFCINDEXEDPOLYGONALFACE((375,370,376));
#5551=IFCINDEXEDPOLYGONALFACE((370,372,369));
#5552=IFCINDEXEDPOLYGONALFACE((372,371,369));
#5553=IFCINDEXEDPOLYGONALFACE((382,383,380));
#5554=IFCINDEXEDPOLYGONALFACE((384,377,378));
#5555=IFCINDEXEDPOLYGONALFACE((379,382,380));
#5556=IFCINDEXEDPOLYGONALFACE((379,381,382));
#5557=IFCINDEXEDPOLYGONALFACE((381,383,382));
#5558=IFCINDEXEDPOLYGONALFACE((381,384,383));
#5559=IFCINDEXEDPOLYGONALFACE((379,384,381));
#5560=IFCINDEXEDPOLYGONALFACE((379,377,384));
#5561=IFCINDEXEDPOLYGONALFACE((383,378,380));
#5562=IFCINDEXEDPOLYGONALFACE((384,378,383));
#5563=IFCINDEXEDPOLYGONALFACE((377,380,378));
#5564=IFCINDEXEDPOLYGONALFACE((377,379,380));
#5565=IFCINDEXEDPOLYGONALFACE((388,391,390));
#5566=IFCINDEXEDPOLYGONALFACE((386,385,392));
#5567=IFCINDEXEDPOLYGONALFACE((388,390,387));
#5568=IFCINDEXEDPOLYGONALFACE((390,389,387));
#5569=IFCINDEXEDPOLYGONALFACE((390,391,389));
#5570=IFCINDEXEDPOLYGONALFACE((391,392,389));
#5571=IFCINDEXEDPOLYGONALFACE((389,392,387));
#5572=IFCINDEXEDPOLYGONALFACE((392,385,387));
#5573=IFCINDEXEDPOLYGONALFACE((388,386,391));
#5574=IFCINDEXEDPOLYGONALFACE((391,386,392));
#5575=IFCINDEXEDPOLYGONALFACE((386,388,385));
#5576=IFCINDEXEDPOLYGONALFACE((388,387,385));
#5577=IFCINDEXEDPOLYGONALFACE((399,398,396));
#5578=IFCINDEXEDPOLYGONALFACE((394,393,400));
#5579=IFCINDEXEDPOLYGONALFACE((396,398,395));
#5580=IFCINDEXEDPOLYGONALFACE((398,397,395));
#5581=IFCINDEXEDPOLYGONALFACE((398,399,397));
#5582=IFCINDEXEDPOLYGONALFACE((399,400,397));
#5583=IFCINDEXEDPOLYGONALFACE((395,397,400));
#5584=IFCINDEXEDPOLYGONALFACE((399,396,394));
#5585=IFCINDEXEDPOLYGONALFACE((393,395,400));
#5586=IFCINDEXEDPOLYGONALFACE((399,394,400));
#5587=IFCINDEXEDPOLYGONALFACE((394,396,393));
#5588=IFCINDEXEDPOLYGONALFACE((396,395,393));
#5589=IFCINDEXEDPOLYGONALFACE((404,406,407));
#5590=IFCINDEXEDPOLYGONALFACE((408,401,402));
#5591=IFCINDEXEDPOLYGONALFACE((403,406,404));
#5592=IFCINDEXEDPOLYGONALFACE((403,405,406));
#5593=IFCINDEXEDPOLYGONALFACE((405,407,406));
#5594=IFCINDEXEDPOLYGONALFACE((405,408,407));
#5595=IFCINDEXEDPOLYGONALFACE((408,405,403));
#5596=IFCINDEXEDPOLYGONALFACE((408,403,401));
#5597=IFCINDEXEDPOLYGONALFACE((402,404,407));
#5598=IFCINDEXEDPOLYGONALFACE((408,402,407));
#5599=IFCINDEXEDPOLYGONALFACE((401,404,402));
#5600=IFCINDEXEDPOLYGONALFACE((401,403,404));
#5601=IFCINDEXEDPOLYGONALFACE((415,414,412));
#5602=IFCINDEXEDPOLYGONALFACE((410,409,416));
#5603=IFCINDEXEDPOLYGONALFACE((412,414,411));
#5604=IFCINDEXEDPOLYGONALFACE((414,413,411));
#5605=IFCINDEXEDPOLYGONALFACE((414,415,413));
#5606=IFCINDEXEDPOLYGONALFACE((415,416,413));
#5607=IFCINDEXEDPOLYGONALFACE((411,413,416));
#5608=IFCINDEXEDPOLYGONALFACE((409,411,416));
#5609=IFCINDEXEDPOLYGONALFACE((415,412,410));
#5610=IFCINDEXEDPOLYGONALFACE((415,410,416));
#5611=IFCINDEXEDPOLYGONALFACE((410,412,409));
#5612=IFCINDEXEDPOLYGONALFACE((412,411,409));
#5613=IFCINDEXEDPOLYGONALFACE((423,422,420));
#5614=IFCINDEXEDPOLYGONALFACE((418,417,424));
#5615=IFCINDEXEDPOLYGONALFACE((420,422,419));
#5616=IFCINDEXEDPOLYGONALFACE((422,421,419));
#5617=IFCINDEXEDPOLYGONALFACE((422,423,421));
#5618=IFCINDEXEDPOLYGONALFACE((423,424,421));
#5619=IFCINDEXEDPOLYGONALFACE((419,421,424));
#5620=IFCINDEXEDPOLYGONALFACE((423,420,418));
#5621=IFCINDEXEDPOLYGONALFACE((417,419,424));
#5622=IFCINDEXEDPOLYGONALFACE((423,418,424));
#5623=IFCINDEXEDPOLYGONALFACE((418,420,417));
#5624=IFCINDEXEDPOLYGONALFACE((420,419,417));
#5625=IFCPOLYGONALFACESET(#4988,.T.,(#4989,#4990,#4991,#4992,#4993,#4994,#4995,#4996,#4997,#4998,#4999,#5000,#5001,#5002,#5003,#5004,#5005,#5006,#5007,#5008,#5009,#5010,#5011,#5012,#5013,#5014,#5015,#5016,#5017,#5018,#5019,#5020,#5021,#5022,#5023,#5024,#5025,#5026,#5027,#5028,#5029,#5030,#5031,#5032,#5033,#5034,#5035,#5036,#5037,#5038,#5039,#5040,#5041,#5042,#5043,#5044,#5045,#5046,#5047,#5048,#5049,#5050,#5051,#5052,#5053,#5054,#5055,#5056,#5057,#5058,#5059,#5060,#5061,#5062,#5063,#5064,#5065,#5066,#5067,#5068,#5069,#5070,#5071,#5072,#5073,#5074,#5075,#5076,#5077,#5078,#5079,#5080,#5081,#5082,#5083,#5084,#5085,#5086,#5087,#5088,#5089,#5090,#5091,#5092,#5093,#5094,#5095,#5096,#5097,#5098,#5099,#5100,#5101,#5102,#5103,#5104,#5105,#5106,#5107,#5108,#5109,#5110,#5111,#5112,#5113,#5114,#5115,#5116,#5117,#5118,#5119,#5120,#5121,#5122,#5123,#5124,#5125,#5126,#5127,#5128,#5129,#5130,#5131,#5132,#5133,#5134,#5135,#5136,#5137,#5138,#5139,#5140,#5141,#5142,#5143,#5144,#5145,#5146,#5147,#5148,#5149,#5150,#5151,#5152,#5153,#5154,#5155,#5156,#5157,#5158,#5159,#5160,#5161,#5162,#5163,#5164,#5165,#5166,#5167,#5168,#5169,#5170,#5171,#5172,#5173,#5174,#5175,#5176,#5177,#5178,#5179,#5180,#5181,#5182,#5183,#5184,#5185,#5186,#5187,#5188,#5189,#5190,#5191,#5192,#5193,#5194,#5195,#5196,#5197,#5198,#5199,#5200,#5201,#5202,#5203,#5204,#5205,#5206,#5207,#5208,#5209,#5210,#5211,#5212,#5213,#5214,#5215,#5216,#5217,#5218,#5219,#5220,#5221,#5222,#5223,#5224,#5225,#5226,#5227,#5228,#5229,#5230,#5231,#5232,#5233,#5234,#5235,#5236,#5237,#5238,#5239,#5240,#5241,#5242,#5243,#5244,#5245,#5246,#5247,#5248,#5249,#5250,#5251,#5252,#5253,#5254,#5255,#5256,#5257,#5258,#5259,#5260,#5261,#5262,#5263,#5264,#5265,#5266,#5267,#5268,#5269,#5270,#5271,#5272,#5273,#5274,#5275,#5276,#5277,#5278,#5279,#5280,#5281,#5282,#5283,#5284,#5285,#5286,#5287,#5288,#5289,#5290,#5291,#5292,#5293,#5294,#5295,#5296,#5297,#5298,#5299,#5300,#5301,#5302,#5303,#5304,#5305,#5306,#5307,#5308,#5309,#5310,#5311,#5312,#5313,#5314,#5315,#5316,#5317,#5318,#5319,#5320,#5321,#5322,#5323,#5324,#5325,#5326,#5327,#5328,#5329,#5330,#5331,#5332,#5333,#5334,#5335,#5336,#5337,#5338,#5339,#5340,#5341,#5342,#5343,#5344,#5345,#5346,#5347,#5348,#5349,#5350,#5351,#5352,#5353,#5354,#5355,#5356,#5357,#5358,#5359,#5360,#5361,#5362,#5363,#5364,#5365,#5366,#5367,#5368,#5369,#5370,#5371,#5372,#5373,#5374,#5375,#5376,#5377,#5378,#5379,#5380,#5381,#5382,#5383,#5384,#5385,#5386,#5387,#5388,#5389,#5390,#5391,#5392,#5393,#5394,#5395,#5396,#5397,#5398,#5399,#5400,#5401,#5402,#5403,#5404,#5405,#5406,#5407,#5408,#5409,#5410,#5411,#5412,#5413,#5414,#5415,#5416,#5417,#5418,#5419,#5420,#5421,#5422,#5423,#5424,#5425,#5426,#5427,#5428,#5429,#5430,#5431,#5432,#5433,#5434,#5435,#5436,#5437,#5438,#5439,#5440,#5441,#5442,#5443,#5444,#5445,#5446,#5447,#5448,#5449,#5450,#5451,#5452,#5453,#5454,#5455,#5456,#5457,#5458,#5459,#5460,#5461,#5462,#5463,#5464,#5465,#5466,#5467,#5468,#5469,#5470,#5471,#5472,#5473,#5474,#5475,#5476,#5477,#5478,#5479,#5480,#5481,#5482,#5483,#5484,#5485,#5486,#5487,#5488,#5489,#5490,#5491,#5492,#5493,#5494,#5495,#5496,#5497,#5498,#5499,#5500,#5501,#5502,#5503,#5504,#5505,#5506,#5507,#5508,#5509,#5510,#5511,#5512,#5513,#5514,#5515,#5516,#5517,#5518,#5519,#5520,#5521,#5522,#5523,#5524,#5525,#5526,#5527,#5528,#5529,#5530,#5531,#5532,#5533,#5534,#5535,#5536,#5537,#5538,#5539,#5540,#5541,#5542,#5543,#5544,#5545,#5546,#5547,#5548,#5549,#5550,#5551,#5552,#5553,#5554,#5555,#5556,#5557,#5558,#5559,#5560,#5561,#5562,#5563,#5564,#5565,#5566,#5567,#5568,#5569,#5570,#5571,#5572,#5573,#5574,#5575,#5576,#5577,#5578,#5579,#5580,#5581,#5582,#5583,#5584,#5585,#5586,#5587,#5588,#5589,#5590,#5591,#5592,#5593,#5594,#5595,#5596,#5597,#5598,#5599,#5600,#5601,#5602,#5603,#5604,#5605,#5606,#5607,#5608,#5609,#5610,#5611,#5612,#5613,#5614,#5615,#5616,#5617,#5618,#5619,#5620,#5621,#5622,#5623,#5624),$);
#5626=IFCSHAPEREPRESENTATION(#15,'Body','Tessellation',(#5625));
#5627=IFCREPRESENTATIONMAP(#4986,#5626);
#5628=IFCFURNITURETYPE('05og5P70P0HRUR6BP1v2RL',$,'8 Seater Dining Table',$,$,$,(#4982,#5627),$,$,.NOTDEFINED.,.TABLE.);
#5629=IFCCARTESIANPOINT((0.,0.,0.));
#5630=IFCDIRECTION((0.,0.,1.));
#5631=IFCDIRECTION((1.,0.,0.));
#5632=IFCAXIS2PLACEMENT3D(#5629,#5630,#5631);
#5639=IFCCARTESIANPOINTLIST2D(((0.,0.),(0.175,0.),(0.175,0.9),(0.,0.9)),$);
#5640=IFCINDEXEDPOLYCURVE(#5639,(IFCLINEINDEX((1,2,3,4,1))),$);
#5641=IFCARBITRARYCLOSEDPROFILEDEF(.AREA.,$,#5640);
#5642=IFCCARTESIANPOINT((-0.45,-0.9,0.));
#5643=IFCDIRECTION((0.,0.,1.));
#5644=IFCDIRECTION((1.,0.,0.));
#5645=IFCAXIS2PLACEMENT3D(#5642,#5643,#5644);
#5646=IFCDIRECTION((0.,0.,1.));
#5647=IFCEXTRUDEDAREASOLID(#5641,#5645,#5646,0.63);
#5648=IFCCARTESIANPOINTLIST2D(((0.,0.),(0.175,0.),(0.175,0.9),(0.,0.9)),$);
#5649=IFCINDEXEDPOLYCURVE(#5648,(IFCLINEINDEX((1,2,3,4,1))),$);
#5650=IFCARBITRARYCLOSEDPROFILEDEF(.AREA.,$,#5649);
#5651=IFCCARTESIANPOINT((0.275,-0.9,0.));
#5652=IFCDIRECTION((0.,0.,1.));
#5653=IFCDIRECTION((1.,0.,0.));
#5654=IFCAXIS2PLACEMENT3D(#5651,#5652,#5653);
#5655=IFCDIRECTION((0.,0.,1.));
#5656=IFCEXTRUDEDAREASOLID(#5650,#5654,#5655,0.63);
#5657=IFCCARTESIANPOINTLIST2D(((0.175,0.),(0.725,0.),(0.725,0.725),(0.175,0.725)),$);
#5658=IFCINDEXEDPOLYCURVE(#5657,(IFCLINEINDEX((1,2,3,4,1))),$);
#5659=IFCARBITRARYCLOSEDPROFILEDEF(.AREA.,$,#5658);
#5660=IFCCARTESIANPOINT((-0.45,-0.9,0.));
#5661=IFCDIRECTION((0.,0.,1.));
#5662=IFCDIRECTION((1.,0.,0.));
#5663=IFCAXIS2PLACEMENT3D(#5660,#5661,#5662);
#5664=IFCDIRECTION((0.,0.,1.));
#5665=IFCEXTRUDEDAREASOLID(#5659,#5663,#5664,0.45);
#5666=IFCCARTESIANPOINTLIST2D(((0.174999997019768,0.899999976158142),(0.174999997019768,0.725000023841858),(0.725000023841858,0.725000023841858),(0.725000023841858,0.899999976158142),(0.174999997019768,0.899999976158142)),$);
#5667=IFCINDEXEDPOLYCURVE(#5666,$,$);
#5668=IFCARBITRARYCLOSEDPROFILEDEF(.AREA.,$,#5667);
#5669=IFCCARTESIANPOINT((-0.45,-0.9,0.));
#5670=IFCDIRECTION((0.,0.,1.));
#5671=IFCDIRECTION((1.,0.,0.));
#5672=IFCAXIS2PLACEMENT3D(#5669,#5670,#5671);
#5673=IFCDIRECTION((0.,0.,1.));
#5674=IFCEXTRUDEDAREASOLID(#5668,#5672,#5673,0.9);
#5675=IFCSHAPEREPRESENTATION(#15,'Body','SweptSolid',(#5647,#5656,#5665,#5674));
#5676=IFCREPRESENTATIONMAP(#5632,#5675);
#5677=IFCCARTESIANPOINT((0.,0.,0.));
#5678=IFCDIRECTION((0.,0.,1.));
#5679=IFCDIRECTION((1.,0.,0.));
#5680=IFCAXIS2PLACEMENT3D(#5677,#5678,#5679);
#5686=IFCCARTESIANPOINTLIST2D(((0.275000005960464,-0.174999997019768),(0.275000005960464,-0.899999976158142),(0.449999988079071,-0.899999976158142),(0.449999988079071,0.),(0.275000005960464,0.),(0.275000005960464,-0.899999976158142),(-0.275000005960464,-0.899999976158142),(-0.275000005960464,0.),(-0.275000005960464,-0.174999997019768),(0.275000005960464,-0.174999997019768),(0.275000005960464,0.),(-0.275000005960464,0.),(-0.449999988079071,0.),(-0.449999988079071,-0.899999976158142),(-0.275000005960464,-0.899999976158142),(-0.275000005960464,-0.174999997019768)),$);
#5687=IFCINDEXEDPOLYCURVE(#5686,$,$);
#5688=IFCGEOMETRICCURVESET((#5687));
#5689=IFCSHAPEREPRESENTATION(#28,'Body','Annotation2D',(#5688));
#5690=IFCREPRESENTATIONMAP(#5680,#5689);
#5691=IFCFURNITURETYPE('3bVqVpmED2tPmFTl5JwiGp',$,'1SeatSofa_0.75x0.7x0.9',$,$,$,(#5676,#5690),$,$,.NOTDEFINED.,.NOTDEFINED.);
#5692=IFCRELASSOCIATESMATERIAL('0nuHUF4tvDyuvjmT99l5TK',$,$,$,(#5793,#5691),#5693);
#5693=IFCMATERIAL('Wood',$,'Finishes');
#5694=IFCMATERIALDEFINITIONREPRESENTATION($,$,(#5699),#5693);
#5695=IFCCOLOURRGB($,0.0682746395468712,0.0382177457213402,0.0188808739185333);
#5696=IFCSURFACESTYLESHADING(#5695,$);
#5697=IFCSURFACESTYLE('Wood',.BOTH.,(#5696));
#5698=IFCSTYLEDITEM($,(#5697),'Wood');
#5699=IFCSTYLEDREPRESENTATION(#14,$,$,(#5698));
#5700=IFCSTYLEDITEM(#5647,(#5697),$);
#5701=IFCSTYLEDITEM(#5656,(#5697),$);
#5702=IFCSTYLEDITEM(#5665,(#5697),$);
#5703=IFCSTYLEDITEM(#5674,(#5697),$);
#5704=IFCCARTESIANPOINT((0.,0.,0.));
#5705=IFCDIRECTION((0.,0.,1.));
#5706=IFCDIRECTION((1.,0.,0.));
#5707=IFCAXIS2PLACEMENT3D(#5704,#5705,#5706);
#5714=IFCCARTESIANPOINTLIST2D(((0.,0.),(0.175,0.),(0.175,0.9),(0.,0.9)),$);
#5715=IFCINDEXEDPOLYCURVE(#5714,(IFCLINEINDEX((1,2,3,4,1))),$);
#5716=IFCARBITRARYCLOSEDPROFILEDEF(.AREA.,$,#5715);
#5717=IFCCARTESIANPOINT((-1.05,-0.9,0.));
#5718=IFCDIRECTION((0.,0.,1.));
#5719=IFCDIRECTION((1.,0.,0.));
#5720=IFCAXIS2PLACEMENT3D(#5717,#5718,#5719);
#5721=IFCDIRECTION((0.,0.,1.));
#5722=IFCEXTRUDEDAREASOLID(#5716,#5720,#5721,0.63);
#5723=IFCCARTESIANPOINTLIST2D(((0.,0.),(0.175,0.),(0.175,0.9),(0.,0.9)),$);
#5724=IFCINDEXEDPOLYCURVE(#5723,(IFCLINEINDEX((1,2,3,4,1))),$);
#5725=IFCARBITRARYCLOSEDPROFILEDEF(.AREA.,$,#5724);
#5726=IFCCARTESIANPOINT((0.875,-0.9,0.));
#5727=IFCDIRECTION((0.,0.,1.));
#5728=IFCDIRECTION((1.,0.,0.));
#5729=IFCAXIS2PLACEMENT3D(#5726,#5727,#5728);
#5730=IFCDIRECTION((0.,0.,1.));
#5731=IFCEXTRUDEDAREASOLID(#5725,#5729,#5730,0.63);
#5732=IFCCARTESIANPOINTLIST2D(((0.175,0.),(0.758333312988281,0.),(0.758333312988281,0.725),(0.175,0.725)),$);
#5733=IFCINDEXEDPOLYCURVE(#5732,(IFCLINEINDEX((1,2,3,4,1))),$);
#5734=IFCARBITRARYCLOSEDPROFILEDEF(.AREA.,$,#5733);
#5735=IFCCARTESIANPOINT((-1.05,-0.9,0.));
#5736=IFCDIRECTION((0.,0.,1.));
#5737=IFCDIRECTION((1.,0.,0.));
#5738=IFCAXIS2PLACEMENT3D(#5735,#5736,#5737);
#5739=IFCDIRECTION((0.,0.,1.));
#5740=IFCEXTRUDEDAREASOLID(#5734,#5738,#5739,0.45);
#5741=IFCCARTESIANPOINTLIST2D(((0.758333312988281,0.),(1.34166662597656,0.),(1.34166662597656,0.725),(0.758333312988281,0.725)),$);
#5742=IFCINDEXEDPOLYCURVE(#5741,(IFCLINEINDEX((1,2,3,4,1))),$);
#5743=IFCARBITRARYCLOSEDPROFILEDEF(.AREA.,$,#5742);
#5744=IFCCARTESIANPOINT((-1.05,-0.9,0.));
#5745=IFCDIRECTION((0.,0.,1.));
#5746=IFCDIRECTION((1.,0.,0.));
#5747=IFCAXIS2PLACEMENT3D(#5744,#5745,#5746);
#5748=IFCDIRECTION((0.,0.,1.));
#5749=IFCEXTRUDEDAREASOLID(#5743,#5747,#5748,0.45);
#5750=IFCCARTESIANPOINTLIST2D(((1.34166662597656,0.),(1.925,0.),(1.925,0.725),(1.34166662597656,0.725)),$);
#5751=IFCINDEXEDPOLYCURVE(#5750,(IFCLINEINDEX((1,2,3,4,1))),$);
#5752=IFCARBITRARYCLOSEDPROFILEDEF(.AREA.,$,#5751);
#5753=IFCCARTESIANPOINT((-1.05,-0.9,0.));
#5754=IFCDIRECTION((0.,0.,1.));
#5755=IFCDIRECTION((1.,0.,0.));
#5756=IFCAXIS2PLACEMENT3D(#5753,#5754,#5755);
#5757=IFCDIRECTION((0.,0.,1.));
#5758=IFCEXTRUDEDAREASOLID(#5752,#5756,#5757,0.45);
#5759=IFCCARTESIANPOINTLIST2D(((0.175,0.725),(1.925,0.725),(1.925,0.9),(0.175,0.9)),$);
#5760=IFCINDEXEDPOLYCURVE(#5759,(IFCLINEINDEX((1,2,3,4,1))),$);
#5761=IFCARBITRARYCLOSEDPROFILEDEF(.AREA.,$,#5760);
#5762=IFCCARTESIANPOINT((-1.05,-0.9,0.));
#5763=IFCDIRECTION((0.,0.,1.));
#5764=IFCDIRECTION((1.,0.,0.));
#5765=IFCAXIS2PLACEMENT3D(#5762,#5763,#5764);
#5766=IFCDIRECTION((0.,0.,1.));
#5767=IFCEXTRUDEDAREASOLID(#5761,#5765,#5766,0.9);
#5768=IFCSHAPEREPRESENTATION(#15,'Body','SweptSolid',(#5722,#5731,#5740,#5749,#5758,#5767));
#5769=IFCREPRESENTATIONMAP(#5707,#5768);
#5770=IFCCARTESIANPOINT((0.,0.,0.));
#5771=IFCDIRECTION((0.,0.,1.));
#5772=IFCDIRECTION((1.,0.,0.));
#5773=IFCAXIS2PLACEMENT3D(#5770,#5771,#5772);
#5779=IFCCARTESIANPOINTLIST2D(((-1.05,-0.9),(-0.875,-0.9),(-0.875,0.),(-1.05,0.)),$);
#5780=IFCINDEXEDPOLYCURVE(#5779,(IFCLINEINDEX((1,2,3,4,1))),$);
#5781=IFCCARTESIANPOINTLIST2D(((0.875,-0.9),(1.05,-0.9),(1.05,0.),(0.875,0.)),$);
#5782=IFCINDEXEDPOLYCURVE(#5781,(IFCLINEINDEX((1,2,3,4,1))),$);
#5783=IFCCARTESIANPOINTLIST2D(((-0.875,-0.9),(-0.291666687011719,-0.9),(-0.291666687011719,-0.175),(-0.875,-0.175)),$);
#5784=IFCINDEXEDPOLYCURVE(#5783,(IFCLINEINDEX((1,2,3,4,1))),$);
#5785=IFCCARTESIANPOINTLIST2D(((-0.291666687011719,-0.9),(0.291666625976562,-0.9),(0.291666625976562,-0.175),(-0.291666687011719,-0.175)),$);
#5786=IFCINDEXEDPOLYCURVE(#5785,(IFCLINEINDEX((1,2,3,4,1))),$);
#5787=IFCCARTESIANPOINTLIST2D(((0.291666625976562,-0.9),(0.875,-0.9),(0.875,-0.175),(0.291666625976562,-0.175)),$);
#5788=IFCINDEXEDPOLYCURVE(#5787,(IFCLINEINDEX((1,2,3,4,1))),$);
#5789=IFCCARTESIANPOINTLIST2D(((-0.875,-0.175),(0.875,-0.175),(0.875,0.),(-0.875,0.)),$);
#5790=IFCINDEXEDPOLYCURVE(#5789,(IFCLINEINDEX((1,2,3,4,1))),$);
#5791=IFCSHAPEREPRESENTATION(#28,'Body','Curve2D',(#5780,#5782,#5784,#5786,#5788,#5790));
#5792=IFCREPRESENTATIONMAP(#5773,#5791);
#5793=IFCFURNITURETYPE('2NcvlrWhnFIRwWWGyL86Q1',$,'3SeatSofa_2.1x0.9x0.9',$,$,$,(#5769,#5792),$,$,.NOTDEFINED.,.NOTDEFINED.);
#5794=IFCFURNITURE('3$O2Gcc8v3rfCVBFLdnoHG',$,'Furniture',$,$,#28567,#5803,$,$);
#5795=IFCRELDEFINESBYTYPE('2dSmWigIrC$fbq$W4TE6Mk',$,$,$,(#5794,#6030,#22196),#5793);
#5796=IFCCARTESIANPOINT((0.,0.,0.));
#5797=IFCDIRECTION((1.,0.,0.));
#5798=IFCDIRECTION((0.,1.,0.));
#5799=IFCDIRECTION((0.,0.,1.));
#5800=IFCCARTESIANTRANSFORMATIONOPERATOR3D(#5797,#5798,#5796,1.,#5799);
#5801=IFCMAPPEDITEM(#5769,#5800);
#5802=IFCSHAPEREPRESENTATION(#15,'Body','MappedRepresentation',(#5801));
#5803=IFCPRODUCTDEFINITIONSHAPE($,$,(#5802,#5810));
#5804=IFCCARTESIANPOINT((0.,0.,0.));
#5805=IFCDIRECTION((1.,0.,0.));
#5806=IFCDIRECTION((0.,1.,0.));
#5807=IFCDIRECTION((0.,0.,1.));
#5808=IFCCARTESIANTRANSFORMATIONOPERATOR3D(#5805,#5806,#5804,1.,#5807);
#5809=IFCMAPPEDITEM(#5792,#5808);
#5810=IFCSHAPEREPRESENTATION(#28,'Body','MappedRepresentation',(#5809));
#5816=IFCFURNITURE('1TP2jwvPz3N9eubg1GiWow',$,'Furniture',$,$,#28887,#23934,$,$);
#5817=IFCRELDEFINESBYTYPE('20N07dEffArgDrXr3Th8v6',$,$,$,(#22217,#23018,#22992,#22175,#22898,#22154,#22945,#22919,#22238),#5691);
#5868=IFCFURNITURE('2twaoDL_TATg70B1ykHqHo',$,'Furniture',$,$,#28862,#23824,$,$);
#5894=IFCFURNITURE('0c6LkkJ9j6hucZ6Ntdg6au',$,'Furniture',$,$,#28892,#23956,$,$);
#5915=IFCFURNITURE('0b$x38wef6yw8qaTh6uwjG',$,'Furniture',$,$,#28857,#23802,$,$);
#5936=IFCFURNITURE('1or9zLL254_wKY1HGIzcGw',$,'Furniture',$,$,#28852,#23780,$,$);
#5962=IFCFURNITURE('2MS0etz098_v$FoR6_4mkZ',$,'Furniture',$,$,#28897,#23978,$,$);
#5983=IFCFURNITURE('2vZ5VtkXfBAPjGd$YPtvHY',$,'Furniture',$,$,#28867,#23846,$,$);
#6009=IFCFURNITURE('0UkmDjdcj7HwifWsFE8IKa',$,'Furniture',$,$,#28902,#24000,$,$);
#6030=IFCFURNITURE('3gD11dh7T2SPAde6fVBVr4',$,'Furniture',$,$,#28572,#6043,$,$);
#6036=IFCCARTESIANPOINT((0.,0.,0.));
#6037=IFCDIRECTION((1.,0.,0.));
#6038=IFCDIRECTION((0.,1.,0.));
#6039=IFCDIRECTION((0.,0.,1.));
#6040=IFCCARTESIANTRANSFORMATIONOPERATOR3D(#6037,#6038,#6036,1.,#6039);
#6041=IFCMAPPEDITEM(#5769,#6040);
#6042=IFCSHAPEREPRESENTATION(#15,'Body','MappedRepresentation',(#6041));
#6043=IFCPRODUCTDEFINITIONSHAPE($,$,(#6042,#6050));
#6044=IFCCARTESIANPOINT((0.,0.,0.));
#6045=IFCDIRECTION((1.,0.,0.));
#6046=IFCDIRECTION((0.,1.,0.));
#6047=IFCDIRECTION((0.,0.,1.));
#6048=IFCCARTESIANTRANSFORMATIONOPERATOR3D(#6045,#6046,#6044,1.,#6047);
#6049=IFCMAPPEDITEM(#5792,#6048);
#6050=IFCSHAPEREPRESENTATION(#28,'Body','MappedRepresentation',(#6049));
#6115=IFCFURNITURE('1Ow7mZlIzByeAl452SPrCl',$,'Furniture',$,$,#28822,#6124,$,$);
#6116=IFCRELDEFINESBYTYPE('2fG44aAwP8fA0oJ97B6cL6',$,$,$,(#6115),#5628);
#6117=IFCCARTESIANPOINT((0.,0.,0.));
#6118=IFCDIRECTION((1.,0.,0.));
#6119=IFCDIRECTION((0.,1.,0.));
#6120=IFCDIRECTION((0.,0.,1.));
#6121=IFCCARTESIANTRANSFORMATIONOPERATOR3D(#6118,#6119,#6117,1.,#6120);
#6122=IFCMAPPEDITEM(#4982,#6121);
#6123=IFCSHAPEREPRESENTATION(#17,'Box','MappedRepresentation',(#6122));
#6124=IFCPRODUCTDEFINITIONSHAPE($,$,(#6123,#6131));
#6125=IFCCARTESIANPOINT((0.,0.,0.));
#6126=IFCDIRECTION((1.,0.,0.));
#6127=IFCDIRECTION((0.,1.,0.));
#6128=IFCDIRECTION((0.,0.,1.));
#6129=IFCCARTESIANTRANSFORMATIONOPERATOR3D(#6126,#6127,#6125,1.,#6128);
#6130=IFCMAPPEDITEM(#5627,#6129);
#6131=IFCSHAPEREPRESENTATION(#15,'Body','MappedRepresentation',(#6130));
#6174=IFCPROPERTYSINGLEVALUE('Data',$,IFCTEXT('{"stair_type": "CONCRETE", "width": 1.0, "height": 2.25, "number_of_treads": 13, "tread_run": 0.30000001192092896, "nosing_length": 0.0, "nosing_depth": 0.0, "base_slab_depth": 0.0, "top_slab_depth": 0.10000000149011612, "has_top_nib": true, "tread_depth": 0.15000000596046448, "custom_first_last_tread_run": [0.0, 1.0]}'),$);
#6175=IFCPROPERTYSET('2AUjFAF398sgR_Plkf2Cti',$,'BBIM_Stair',$,(#6174));
#6176=IFCPROPERTYSINGLEVALUE('NumberOfRiser',$,IFCCOUNTMEASURE(14),$);
#6177=IFCPROPERTYSINGLEVALUE('NumberOfTreads',$,IFCCOUNTMEASURE(13),$);
#6178=IFCPROPERTYSINGLEVALUE('RiserHeight',$,IFCPOSITIVELENGTHMEASURE(0.160714285714286),$);
#6179=IFCPROPERTYSINGLEVALUE('TreadLength',$,IFCPOSITIVELENGTHMEASURE(0.150000005960464),$);
#6180=IFCPROPERTYSINGLEVALUE('NosingLength',$,IFCLENGTHMEASURE(0.),$);
#6181=IFCPROPERTYSET('1Kgwb15LTFIhhvoP_hZgi_',$,'Pset_StairFlightCommon',$,(#6176,#6177,#6178,#6179,#6180));
#6182=IFCCARTESIANPOINT((0.,0.,0.));
#6183=IFCDIRECTION((0.,0.,1.));
#6184=IFCDIRECTION((1.,0.,0.));
#6185=IFCAXIS2PLACEMENT3D(#6182,#6183,#6184);
#6303=IFCREPRESENTATIONMAP(#6185,#26626);
#6313=IFCSTAIRFLIGHTTYPE('2zJzWMrWT1bhU5xkuAHeEd',$,'ST-01',$,$,(#6175,#6181),(#6303,#26635),$,$,.STRAIGHT.);
#6314=IFCPROPERTYSINGLEVALUE('Data',$,IFCTEXT('{"stair_type": "CONCRETE", "width": 1.0, "height": 0.9070000052452087, "number_of_treads": 4, "tread_run": 0.30000001192092896, "nosing_length": 0.0, "nosing_depth": 0.0, "base_slab_depth": 0.0, "top_slab_depth": 0.10000000149011612, "has_top_nib": true, "tread_depth": 0.10000000149011612, "custom_first_last_tread_run": [0.0, 1.0]}'),$);
#6315=IFCPROPERTYSET('12mVTBbF1BXvCNKll2cgs2',$,'BBIM_Stair',$,(#6314));
#6316=IFCPROPERTYSINGLEVALUE('NumberOfRiser',$,IFCCOUNTMEASURE(5),$);
#6317=IFCPROPERTYSINGLEVALUE('NumberOfTreads',$,IFCCOUNTMEASURE(4),$);
#6318=IFCPROPERTYSINGLEVALUE('RiserHeight',$,IFCPOSITIVELENGTHMEASURE(0.181400001049042),$);
#6319=IFCPROPERTYSINGLEVALUE('TreadLength',$,IFCPOSITIVELENGTHMEASURE(0.100000001490116),$);
#6320=IFCPROPERTYSINGLEVALUE('NosingLength',$,IFCLENGTHMEASURE(0.),$);
#6321=IFCPROPERTYSET('3hYrM3AoL16f0iEIo0z$tk',$,'Pset_StairFlightCommon',$,(#6316,#6317,#6318,#6319,#6320));
#6322=IFCCARTESIANPOINT((0.,0.,0.));
#6323=IFCDIRECTION((0.,0.,1.));
#6324=IFCDIRECTION((1.,0.,0.));
#6325=IFCAXIS2PLACEMENT3D(#6322,#6323,#6324);
#6332=IFCCARTESIANPOINTLIST3D(((0.,0.,0.),(0.,0.,0.181400001049042),(0.300000011920929,0.,0.181400001049042),(0.300000011920929,0.,0.362800002098083),(0.600000023841858,0.,0.362800002098083),(0.600000023841858,0.,0.544200003147125),(0.900000035762787,0.,0.544200003147125),(0.900000035762787,0.,0.725600004196167),(1.20000004768372,0.,0.725600004196167),(1.20000004768372,0.,0.907000005245209),(2.20000004768372,0.,0.907000005245209),(2.20000004768372,0.,0.806999981403351),(1.52788293361664,0.,0.806999981403351),(0.193263232707977,0.,0.),(0.,0.,0.),(0.,1.,0.181400001049042),(0.300000011920929,1.,0.181400001049042),(0.300000011920929,1.,0.362800002098083),(0.600000023841858,1.,0.362800002098083),(0.600000023841858,1.,0.544200003147125),(0.900000035762787,1.,0.544200003147125),(0.900000035762787,1.,0.725600004196167),(1.20000004768372,1.,0.725600004196167),(1.20000004768372,1.,0.907000005245209),(2.20000004768372,1.,0.907000005245209),(2.20000004768372,1.,0.806999981403351),(1.52788293361664,1.,0.806999981403351),(0.193263232707977,1.,0.),(0.,1.,0.),(0.,1.,0.)),$);
#6333=IFCINDEXEDPOLYGONALFACE((2,1,15,14,13,12,11,10,9,8,7,6,5,4,3));
#6334=IFCINDEXEDPOLYGONALFACE((16,17,18,19,20,21,22,23,24,25,26,27,28,29,30));
#6335=IFCINDEXEDPOLYGONALFACE((1,2,16,30));
#6336=IFCINDEXEDPOLYGONALFACE((9,10,24,23));
#6337=IFCINDEXEDPOLYGONALFACE((2,3,17,16));
#6338=IFCINDEXEDPOLYGONALFACE((10,11,25,24));
#6339=IFCINDEXEDPOLYGONALFACE((3,4,18,17));
#6340=IFCINDEXEDPOLYGONALFACE((11,12,26,25));
#6341=IFCINDEXEDPOLYGONALFACE((4,5,19,18));
#6342=IFCINDEXEDPOLYGONALFACE((12,13,27,26));
#6343=IFCINDEXEDPOLYGONALFACE((5,6,20,19));
#6344=IFCINDEXEDPOLYGONALFACE((15,30,29));
#6345=IFCINDEXEDPOLYGONALFACE((6,7,21,20));
#6346=IFCINDEXEDPOLYGONALFACE((14,15,29,28));
#6347=IFCINDEXEDPOLYGONALFACE((7,8,22,21));
#6348=IFCINDEXEDPOLYGONALFACE((13,14,28,27));
#6349=IFCINDEXEDPOLYGONALFACE((8,9,23,22));
#6350=IFCINDEXEDPOLYGONALFACE((15,1,30));
#6351=IFCPOLYGONALFACESET(#6332,.T.,(#6333,#6334,#6335,#6336,#6337,#6338,#6339,#6340,#6341,#6342,#6343,#6344,#6345,#6346,#6347,#6348,#6349,#6350),$);
#6352=IFCSHAPEREPRESENTATION(#15,'Body','Tessellation',(#6351));
#6353=IFCREPRESENTATIONMAP(#6325,#6352);
#6354=IFCCARTESIANPOINT((0.,0.,0.));
#6355=IFCDIRECTION((0.,0.,1.));
#6356=IFCDIRECTION((1.,0.,0.));
#6357=IFCAXIS2PLACEMENT3D(#6354,#6355,#6356);
#6359=IFCCARTESIANPOINT((0.,0.,0.));
#6360=IFCBOUNDINGBOX(#6359,2.20000004768372,1.,0.907000005245209);
#6361=IFCSHAPEREPRESENTATION(#17,'Box','BoundingBox',(#6360));
#6362=IFCREPRESENTATIONMAP(#6357,#6361);
#6363=IFCSTAIRFLIGHTTYPE('3t18qZFKr24PLtILX7fj8w',$,'ST-02',$,$,(#6315,#6321),(#6353,#6362),$,$,.STRAIGHT.);
#6364=IFCPROPERTYSINGLEVALUE('Data',$,IFCTEXT('{"stair_type": "CONCRETE", "width": 2.009000062942505, "height": 0.699999988079071, "number_of_treads": 4, "tread_run": 0.30000001192092896, "nosing_length": 0.0, "nosing_depth": 0.0, "base_slab_depth": 0.10000000149011612, "top_slab_depth": 0.10000000149011612, "has_top_nib": false, "tread_depth": 0.30000001192092896, "custom_first_last_tread_run": [0.0, 0.0]}'),$);
#6365=IFCPROPERTYSET('38L72IzorDax1c$VLmkIOD',$,'BBIM_Stair',$,(#6364));
#6366=IFCPROPERTYSINGLEVALUE('NumberOfRiser',$,IFCCOUNTMEASURE(5),$);
#6367=IFCPROPERTYSINGLEVALUE('NumberOfTreads',$,IFCCOUNTMEASURE(4),$);
#6368=IFCPROPERTYSINGLEVALUE('RiserHeight',$,IFCPOSITIVELENGTHMEASURE(0.139999997615814),$);
#6369=IFCPROPERTYSINGLEVALUE('TreadLength',$,IFCPOSITIVELENGTHMEASURE(0.300000011920929),$);
#6370=IFCPROPERTYSINGLEVALUE('NosingLength',$,IFCLENGTHMEASURE(0.),$);
#6371=IFCPROPERTYSET('38Idn6wfb3fB6oRpEaiPIZ',$,'Pset_StairFlightCommon',$,(#6366,#6367,#6368,#6369,#6370));
#6372=IFCCARTESIANPOINT((0.,0.,0.));
#6373=IFCDIRECTION((0.,0.,1.));
#6374=IFCDIRECTION((1.,0.,0.));
#6375=IFCAXIS2PLACEMENT3D(#6372,#6373,#6374);
#6382=IFCCARTESIANPOINTLIST3D(((0.,0.,0.),(0.,0.,0.140000000596046),(0.300000011920929,0.,0.140000000596046),(0.300000011920929,0.,0.280000001192093),(0.600000023841858,0.,0.280000001192093),(0.600000023841858,0.,0.420000016689301),(0.900000035762787,0.,0.420000016689301),(0.900000035762787,0.,0.560000002384186),(1.20000004768372,0.,0.560000002384186),(1.20000004768372,0.,0.699999988079071),(1.5,0.,0.699999988079071),(1.5,0.,0.368941068649292),(0.495126217603683,0.,-0.100000001490116),(0.,0.,-0.100000001490116),(0.,2.0090000629425,0.140000000596046),(0.300000011920929,2.0090000629425,0.140000000596046),(0.300000011920929,2.0090000629425,0.280000001192093),(0.600000023841858,2.0090000629425,0.280000001192093),(0.600000023841858,2.0090000629425,0.420000016689301),(0.900000035762787,2.0090000629425,0.420000016689301),(0.900000035762787,2.0090000629425,0.560000002384186),(1.20000004768372,2.0090000629425,0.560000002384186),(1.20000004768372,2.0090000629425,0.699999988079071),(1.5,2.0090000629425,0.699999988079071),(1.5,2.0090000629425,0.368941068649292),(0.495126217603683,2.0090000629425,-0.100000001490116),(0.,2.0090000629425,-0.100000001490116),(0.,2.0090000629425,0.)),$);
#6383=IFCINDEXEDPOLYGONALFACE((2,1,14,13,12,11,10,9,8,7,6,5,4,3));
#6384=IFCINDEXEDPOLYGONALFACE((15,16,17,18,19,20,21,22,23,24,25,26,27,28));
#6385=IFCINDEXEDPOLYGONALFACE((6,7,20,19));
#6386=IFCINDEXEDPOLYGONALFACE((12,13,26,25));
#6387=IFCINDEXEDPOLYGONALFACE((7,8,21,20));
#6388=IFCINDEXEDPOLYGONALFACE((8,9,22,21));
#6389=IFCINDEXEDPOLYGONALFACE((1,2,15,28));
#6390=IFCINDEXEDPOLYGONALFACE((9,10,23,22));
#6391=IFCINDEXEDPOLYGONALFACE((2,3,16,15));
#6392=IFCINDEXEDPOLYGONALFACE((10,11,24,23));
#6393=IFCINDEXEDPOLYGONALFACE((3,4,17,16));
#6394=IFCINDEXEDPOLYGONALFACE((11,12,25,24));
#6395=IFCINDEXEDPOLYGONALFACE((4,5,18,17));
#6396=IFCINDEXEDPOLYGONALFACE((14,1,28,27));
#6397=IFCINDEXEDPOLYGONALFACE((5,6,19,18));
#6398=IFCINDEXEDPOLYGONALFACE((13,14,27,26));
#6399=IFCPOLYGONALFACESET(#6382,.T.,(#6383,#6384,#6385,#6386,#6387,#6388,#6389,#6390,#6391,#6392,#6393,#6394,#6395,#6396,#6397,#6398),$);
#6400=IFCSHAPEREPRESENTATION(#15,'Body','Tessellation',(#6399));
#6401=IFCREPRESENTATIONMAP(#6375,#6400);
#6402=IFCCARTESIANPOINT((0.,0.,0.));
#6403=IFCDIRECTION((0.,0.,1.));
#6404=IFCDIRECTION((1.,0.,0.));
#6405=IFCAXIS2PLACEMENT3D(#6402,#6403,#6404);
#6407=IFCCARTESIANPOINT((0.,0.,-0.100000001490116));
#6408=IFCBOUNDINGBOX(#6407,1.5,2.0090000629425,0.800000011920929);
#6409=IFCSHAPEREPRESENTATION(#17,'Box','BoundingBox',(#6408));
#6410=IFCREPRESENTATIONMAP(#6405,#6409);
#6411=IFCSTAIRFLIGHTTYPE('3IBCrKYdHDp95rQsvu0ADi',$,'O_STAIR_6',$,$,(#6365,#6371),(#6401,#6410),$,$,.STRAIGHT.);
#6663=IFCWALL('3CNdPA2aL1Me_d4dATwif6',$,'Wall',$,$,#28917,#6674,$,$);
#6669=IFCRELDEFINESBYPROPERTIES('2Aud$YYnv5HBnDJZJcLfyR',$,$,$,(#6663),#6670);
#6670=IFCPROPERTYSET('0ys$jIwGX9oRSTK8f8alhH',$,'EPset_Parametric',$,(#6671));
#6671=IFCPROPERTYSINGLEVALUE('Engine',$,IFCLABEL('Bonsai.DumbLayer2'),$);
#6672=IFCRELASSOCIATESMATERIAL('0$JVfrOJj5Uw2edglXq7Kw',$,$,$,(#6663),#6673);
#6673=IFCMATERIALLAYERSETUSAGE(#396,.AXIS2.,.POSITIVE.,0.,$);
#6674=IFCPRODUCTDEFINITIONSHAPE($,$,(#24674,#24671));
#7229=IFCWALL('0VXwuVfIX3AxZD5kkE8tT$',$,'Wall',$,$,#28812,#7240,$,$);
#7235=IFCRELASSOCIATESMATERIAL('0zUBDqylT20eK$ky3QDE0k',$,$,$,(#7229),#7236);
#7236=IFCMATERIALLAYERSETUSAGE(#396,.AXIS2.,.POSITIVE.,0.,$);
#7237=IFCRELDEFINESBYPROPERTIES('2RVYt7Yef9l9K4sbTN6VLg',$,$,$,(#7229),#7238);
#7238=IFCPROPERTYSET('0FPBrwM6f5uva8XmnBS0k8',$,'EPset_Parametric',$,(#7239));
#7239=IFCPROPERTYSINGLEVALUE('Engine',$,IFCLABEL('Bonsai.DumbLayer2'),$);
#7240=IFCPRODUCTDEFINITIONSHAPE($,$,(#21216,#21213));
#7327=IFCWALL('1VtzA2s_LClRug3OlP8Np1',$,'Wall',$,$,#12559,#7338,$,$);
#7333=IFCRELASSOCIATESMATERIAL('0LYEmfRob2pev3DtfhoGpS',$,$,$,(#7327),#7334);
#7334=IFCMATERIALLAYERSETUSAGE(#396,.AXIS2.,.POSITIVE.,0.,$);
#7335=IFCRELDEFINESBYPROPERTIES('1$M5$z2yb3JxUncoVeCf9u',$,$,$,(#7327),#7336);
#7336=IFCPROPERTYSET('3BIw5yEiH48BEr4uYW5FU8',$,'EPset_Parametric',$,(#7337));
#7337=IFCPROPERTYSINGLEVALUE('Engine',$,IFCLABEL('Bonsai.DumbLayer2'),$);
#7338=IFCPRODUCTDEFINITIONSHAPE($,$,(#7339,#7342));
#7339=IFCSHAPEREPRESENTATION(#27,'Axis','Curve2D',(#7340));
#7340=IFCINDEXEDPOLYCURVE(#7341,$,$);
#7341=IFCCARTESIANPOINTLIST2D(((0.,0.),(4.32517004013062,3.38126824317442E-06)),$);
#7342=IFCSHAPEREPRESENTATION(#15,'Body','SweptSolid',(#7343));
#7343=IFCEXTRUDEDAREASOLID(#7344,#7347,#7351,1.);
#7344=IFCARBITRARYCLOSEDPROFILEDEF(.AREA.,$,#7345);
#7345=IFCINDEXEDPOLYCURVE(#7346,(IFCLINEINDEX((1,2,3,4,1))),$);
#7346=IFCCARTESIANPOINTLIST2D(((0.,0.),(0.,0.2),(4.32517004013062,0.2),(4.32517004013062,0.)),$);
#7347=IFCAXIS2PLACEMENT3D(#7348,#7349,#7350);
#7348=IFCCARTESIANPOINT((0.,0.,0.));
#7349=IFCDIRECTION((0.,0.,1.));
#7350=IFCDIRECTION((1.,0.,0.));
#7351=IFCDIRECTION((0.,0.,1.));
#7352=IFCVEHICLE('2aFKieQE9BoP8N4s6x7NP3',$,'Vehicle',$,$,#26379,#7365,$,$);
#7358=IFCCARTESIANPOINT((0.,0.,0.));
#7359=IFCDIRECTION((1.,0.,0.));
#7360=IFCDIRECTION((0.,1.,0.));
#7361=IFCDIRECTION((0.,0.,1.));
#7362=IFCCARTESIANTRANSFORMATIONOPERATOR3D(#7359,#7360,#7358,1.,#7361);
#7363=IFCMAPPEDITEM(#1273,#7362);
#7364=IFCSHAPEREPRESENTATION(#17,'Box','MappedRepresentation',(#7363));
#7365=IFCPRODUCTDEFINITIONSHAPE($,$,(#7364,#7372,#7379));
#7366=IFCCARTESIANPOINT((0.,0.,0.));
#7367=IFCDIRECTION((1.,0.,0.));
#7368=IFCDIRECTION((0.,1.,0.));
#7369=IFCDIRECTION((0.,0.,1.));
#7370=IFCCARTESIANTRANSFORMATIONOPERATOR3D(#7367,#7368,#7366,1.,#7369);
#7371=IFCMAPPEDITEM(#1754,#7370);
#7372=IFCSHAPEREPRESENTATION(#15,'Body','MappedRepresentation',(#7371));
#7373=IFCCARTESIANPOINT((0.,0.,0.));
#7374=IFCDIRECTION((1.,0.,0.));
#7375=IFCDIRECTION((0.,1.,0.));
#7376=IFCDIRECTION((0.,0.,1.));
#7377=IFCCARTESIANTRANSFORMATIONOPERATOR3D(#7374,#7375,#7373,1.,#7376);
#7378=IFCMAPPEDITEM(#1786,#7377);
#7379=IFCSHAPEREPRESENTATION(#28,'Body','MappedRepresentation',(#7378));
#7405=IFCWALL('08jibRuvzD8P8xgSykkvp0',$,'Wall',$,$,#28847,#7416,$,$);
#7411=IFCRELDEFINESBYPROPERTIES('2pmSoQ52v2Rh8iBsULVjWF',$,$,$,(#7405),#7412);
#7412=IFCPROPERTYSET('1IfIoj27nB1PBPggwENuiv',$,'EPset_Parametric',$,(#7413));
#7413=IFCPROPERTYSINGLEVALUE('Engine',$,IFCLABEL('Bonsai.DumbLayer2'),$);
#7414=IFCRELASSOCIATESMATERIAL('16TQmdBVj3$gHzIYTL6nHZ',$,$,$,(#7405),#7415);
#7415=IFCMATERIALLAYERSETUSAGE(#396,.AXIS2.,.POSITIVE.,0.,$);
#7416=IFCPRODUCTDEFINITIONSHAPE($,$,(#24545,#24542));
#7662=IFCWALL('0qs$5sDxD6oxQ1AxGHqRzO',$,'Wall',$,$,#28742,#7673,$,$);
#7668=IFCRELDEFINESBYPROPERTIES('0pS4ncPEj99BUsrL5d3MRg',$,$,$,(#7662),#7669);
#7669=IFCPROPERTYSET('3gg1GvHNX2hh6d7sxjiBEC',$,'EPset_Parametric',$,(#7670));
#7670=IFCPROPERTYSINGLEVALUE('Engine',$,IFCLABEL('Bonsai.DumbLayer2'),$);
#7671=IFCRELASSOCIATESMATERIAL('1tMumXIKr9veK4j8b2U70G',$,$,$,(#7662),#7672);
#7672=IFCMATERIALLAYERSETUSAGE(#396,.AXIS2.,.POSITIVE.,0.,$);
#7673=IFCPRODUCTDEFINITIONSHAPE($,$,(#20555,#20552));
#7719=IFCCARTESIANPOINT((0.,0.,0.));
#7720=IFCDIRECTION((0.,0.,1.));
#7721=IFCDIRECTION((1.,0.,0.));
#7722=IFCAXIS2PLACEMENT3D(#7719,#7720,#7721);
#7729=IFCCARTESIANPOINTLIST2D(((1.83000004291534,2.02999997138977),(1.83000004291534,-1.28346435701587E-08),(0.,0.),(0.,2.02999997138977)),$);
#7730=IFCINDEXEDPOLYCURVE(#7729,(IFCLINEINDEX((4,1)),IFCLINEINDEX((1,2)),IFCLINEINDEX((2,3)),IFCLINEINDEX((3,4))),.F.);
#7731=IFCARBITRARYCLOSEDPROFILEDEF(.AREA.,$,#7730);
#7732=IFCCARTESIANPOINT((0.,0.,0.));
#7733=IFCDIRECTION((0.,0.,1.));
#7734=IFCDIRECTION((1.,0.,0.));
#7735=IFCAXIS2PLACEMENT3D(#7732,#7733,#7734);
#7736=IFCDIRECTION((0.,0.,1.));
#7737=IFCEXTRUDEDAREASOLID(#7731,#7735,#7736,0.55);
#7738=IFCSHAPEREPRESENTATION(#15,'Body','SweptSolid',(#7737));
#7739=IFCREPRESENTATIONMAP(#7722,#7738);
#7740=IFCCARTESIANPOINT((0.,0.,0.));
#7741=IFCDIRECTION((0.,0.,1.));
#7742=IFCDIRECTION((1.,0.,0.));
#7743=IFCAXIS2PLACEMENT3D(#7740,#7741,#7742);
#7749=IFCCARTESIANPOINTLIST2D(((1.83000004291534,2.02999997138977),(0.,2.02999997138977),(0.,0.),(1.83000004291534,-1.28346435701587E-08)),$);
#7750=IFCINDEXEDPOLYCURVE(#7749,(IFCLINEINDEX((1,2,3,4,1))),$);
#7751=IFCCARTESIANPOINTLIST2D(((0.,1.72549998760223),(0.36599999666214,1.72549998760223),(0.36599999666214,2.02999997138977),(0.36599999666214,1.72549998760223),(1.28100001811981,1.72549998760223),(1.46399998664856,1.64969897270203),(1.46399998664856,2.02999997138977),(1.46399998664856,1.64969897270203),(1.83000004291534,1.49809670448303)),$);
#7752=IFCINDEXEDPOLYCURVE(#7751,$,$);
#7753=IFCGEOMETRICCURVESET((#7750,#7752));
#7754=IFCSHAPEREPRESENTATION(#28,'Body','Annotation2D',(#7753));
#7755=IFCREPRESENTATIONMAP(#7743,#7754);
#7756=IFCFURNITURETYPE('0EGDkbFtb5oOmXeBnxvGeA',$,'King bed',$,$,$,(#7739,#7755),$,$,.NOTDEFINED.,.NOTDEFINED.);
#7757=IFCCARTESIANPOINT((0.,0.,0.));
#7758=IFCDIRECTION((0.,0.,1.));
#7759=IFCDIRECTION((1.,0.,0.));
#7760=IFCAXIS2PLACEMENT3D(#7757,#7758,#7759);
#7767=IFCCARTESIANPOINTLIST2D(((0.,0.),(1.53,0.),(1.53,2.03),(0.,2.03)),$);
#7768=IFCINDEXEDPOLYCURVE(#7767,(IFCLINEINDEX((1,2,3,4,1))),$);
#7769=IFCARBITRARYCLOSEDPROFILEDEF(.AREA.,$,#7768);
#7770=IFCCARTESIANPOINT((0.,0.,0.));
#7771=IFCDIRECTION((0.,0.,1.));
#7772=IFCDIRECTION((1.,0.,0.));
#7773=IFCAXIS2PLACEMENT3D(#7770,#7771,#7772);
#7774=IFCDIRECTION((0.,0.,1.));
#7775=IFCEXTRUDEDAREASOLID(#7769,#7773,#7774,0.55);
#7776=IFCSHAPEREPRESENTATION(#15,'Body','SweptSolid',(#7775));
#7777=IFCREPRESENTATIONMAP(#7760,#7776);
#7778=IFCCARTESIANPOINT((0.,0.,0.));
#7779=IFCDIRECTION((0.,0.,1.));
#7780=IFCDIRECTION((1.,0.,0.));
#7781=IFCAXIS2PLACEMENT3D(#7778,#7779,#7780);
#7787=IFCCARTESIANPOINTLIST2D(((0.,0.),(1.53,0.),(1.53,2.03),(0.,2.03)),$);
#7788=IFCINDEXEDPOLYCURVE(#7787,(IFCLINEINDEX((1,2,3,4,1))),$);
#7789=IFCCARTESIANPOINTLIST2D(((0.,1.7255),(0.306,1.7255),(0.306,2.03),(0.306,1.7255),(1.071,1.7255),(1.224,1.66212532495692),(1.224,2.03),(1.224,1.66212532495692),(1.53,1.53537597487075)),$);
#7790=IFCINDEXEDPOLYCURVE(#7789,$,$);
#7791=IFCSHAPEREPRESENTATION(#28,'Body','Curve2D',(#7788,#7790));
#7792=IFCREPRESENTATIONMAP(#7781,#7791);
#7793=IFCFURNITURETYPE('3czLG7$QTC$9N_4xZ1W9S4',$,'Queen bed',$,$,$,(#7777,#7792),$,$,.NOTDEFINED.,.NOTDEFINED.);
#7794=IFCFURNITURE('15j9J8yEzDNPwqQB2w5U0R',$,'Furniture',$,$,#28547,#7803,$,$);
#7795=IFCRELDEFINESBYTYPE('38qOyclab5490QOVgvem7q',$,$,$,(#7794,#7821,#10961,#10987),#7756);
#7796=IFCCARTESIANPOINT((0.,0.,0.));
#7797=IFCDIRECTION((1.,0.,0.));
#7798=IFCDIRECTION((0.,1.,0.));
#7799=IFCDIRECTION((0.,0.,1.));
#7800=IFCCARTESIANTRANSFORMATIONOPERATOR3D(#7797,#7798,#7796,1.,#7799);
#7801=IFCMAPPEDITEM(#7739,#7800);
#7802=IFCSHAPEREPRESENTATION(#15,'Body','MappedRepresentation',(#7801));
#7803=IFCPRODUCTDEFINITIONSHAPE($,$,(#7802,#7810));
#7804=IFCCARTESIANPOINT((0.,0.,0.));
#7805=IFCDIRECTION((1.,0.,0.));
#7806=IFCDIRECTION((0.,1.,0.));
#7807=IFCDIRECTION((0.,0.,1.));
#7808=IFCCARTESIANTRANSFORMATIONOPERATOR3D(#7805,#7806,#7804,1.,#7807);
#7809=IFCMAPPEDITEM(#7755,#7808);
#7810=IFCSHAPEREPRESENTATION(#28,'Body','MappedRepresentation',(#7809));
#7821=IFCFURNITURE('3H_3Dhy6HDRuCuyoaZOjI7',$,'Furniture',$,$,#28552,#7834,$,$);
#7827=IFCCARTESIANPOINT((0.,0.,0.));
#7828=IFCDIRECTION((1.,0.,0.));
#7829=IFCDIRECTION((0.,1.,0.));
#7830=IFCDIRECTION((0.,0.,1.));
#7831=IFCCARTESIANTRANSFORMATIONOPERATOR3D(#7828,#7829,#7827,1.,#7830);
#7832=IFCMAPPEDITEM(#7739,#7831);
#7833=IFCSHAPEREPRESENTATION(#15,'Body','MappedRepresentation',(#7832));
#7834=IFCPRODUCTDEFINITIONSHAPE($,$,(#7833,#7841));
#7835=IFCCARTESIANPOINT((0.,0.,0.));
#7836=IFCDIRECTION((1.,0.,0.));
#7837=IFCDIRECTION((0.,1.,0.));
#7838=IFCDIRECTION((0.,0.,1.));
#7839=IFCCARTESIANTRANSFORMATIONOPERATOR3D(#7836,#7837,#7835,1.,#7838);
#7840=IFCMAPPEDITEM(#7755,#7839);
#7841=IFCSHAPEREPRESENTATION(#28,'Body','MappedRepresentation',(#7840));
#7842=IFCWALL('2mUcR1cvbE9gBHqjOC5SKc',$,'Wall',$,$,#28842,#7853,$,$);
#7848=IFCRELASSOCIATESMATERIAL('3mqpQyonbDevOwyKdZje1w',$,$,$,(#7842),#7849);
#7849=IFCMATERIALLAYERSETUSAGE(#396,.AXIS2.,.POSITIVE.,0.,$);
#7850=IFCRELDEFINESBYPROPERTIES('3smfCEqVfC_P2UJi4FNDJA',$,$,$,(#7842),#7851);
#7851=IFCPROPERTYSET('24uas3XIT639GnekdRjQNq',$,'EPset_Parametric',$,(#7852));
#7852=IFCPROPERTYSINGLEVALUE('Engine',$,IFCLABEL('Bonsai.DumbLayer2'),$);
#7853=IFCPRODUCTDEFINITIONSHAPE($,$,(#24532,#24529));
#7867=IFCRELCONNECTSPATHELEMENTS('2ALNFux3L8z8MF6B0lmZnU',$,$,$,$,#4569,#7842,(),(),.ATEND.,.ATSTART.);
#8326=IFCWALL('3QFvIzYvz37QTvghvyjFx5',$,'Wall',$,$,#28627,#8337,$,$);
#8332=IFCRELASSOCIATESMATERIAL('30Tzm3cLD0ov5IGWXy5c6p',$,$,$,(#8326),#8333);
#8333=IFCMATERIALLAYERSETUSAGE(#396,.AXIS2.,.POSITIVE.,0.,$);
#8334=IFCRELDEFINESBYPROPERTIES('23eW1MvuT0s87NfDM1P6VJ',$,$,$,(#8326),#8335);
#8335=IFCPROPERTYSET('2MXX5JbCn09QgUYSOwtcqB',$,'EPset_Parametric',$,(#8336));
#8336=IFCPROPERTYSINGLEVALUE('Engine',$,IFCLABEL('Bonsai.DumbLayer2'),$);
#8337=IFCPRODUCTDEFINITIONSHAPE($,$,(#18598,#18595));
#8388=IFCRELCONNECTSPATHELEMENTS('3TQ7Z4CIv6qvOaa5pFbfgm',$,$,$,$,#8326,#6663,(),(),.ATPATH.,.ATSTART.);
#8484=IFCWALL('1pw_hQT9L5MP4_BQmH5BKI',$,'Wall',$,$,#29107,#8495,$,$);
#8490=IFCRELASSOCIATESMATERIAL('03t70e67vAyhl8884ov8NM',$,$,$,(#8484),#8491);
#8491=IFCMATERIALLAYERSETUSAGE(#396,.AXIS2.,.POSITIVE.,0.,$);
#8492=IFCRELDEFINESBYPROPERTIES('3tdD0GDr1A7gHPfgRAdfLr',$,$,$,(#8484),#8493);
#8493=IFCPROPERTYSET('0dw7HWAhP2ZgExi41NQ8vw',$,'EPset_Parametric',$,(#8494));
#8494=IFCPROPERTYSINGLEVALUE('Engine',$,IFCLABEL('Bonsai.DumbLayer2'),$);
#8495=IFCPRODUCTDEFINITIONSHAPE($,$,(#24372,#24369));
#8514=IFCWALL('0eDXp1qynBRBa0$aXkdNBU',$,'Wall',$,$,#28922,#8525,$,$);
#8520=IFCRELDEFINESBYPROPERTIES('1Pbb1QKDv6CRtKSYhdOORu',$,$,$,(#8514),#8521);
#8521=IFCPROPERTYSET('1FyUDnjmL5gBMn1IfTtvlS',$,'EPset_Parametric',$,(#8522));
#8522=IFCPROPERTYSINGLEVALUE('Engine',$,IFCLABEL('Bonsai.DumbLayer2'),$);
#8523=IFCRELASSOCIATESMATERIAL('3IEuaKiOX2oekyDIbWCuJR',$,$,$,(#8514),#8524);
#8524=IFCMATERIALLAYERSETUSAGE(#396,.AXIS2.,.POSITIVE.,0.,$);
#8525=IFCPRODUCTDEFINITIONSHAPE($,$,(#24693,#24690));
#8673=IFCCARTESIANPOINT((0.,0.,0.));
#8674=IFCDIRECTION((0.,0.,1.));
#8675=IFCDIRECTION((1.,0.,0.));
#8676=IFCAXIS2PLACEMENT3D(#8673,#8674,#8675);
#8683=IFCCARTESIANPOINTLIST2D(((-0.2,0.),(0.2,0.),(0.2,-0.33),(0.141421356201172,-0.471421356201172),(0.,-0.53),(-0.141421356201172,-0.471421356201172),(-0.2,-0.33)),$);
#8684=IFCINDEXEDPOLYCURVE(#8683,(IFCLINEINDEX((1,2)),IFCLINEINDEX((2,3)),IFCARCINDEX((3,4,5)),IFCARCINDEX((5,6,7)),IFCLINEINDEX((7,1))),$);
#8685=IFCCARTESIANPOINT((0.,-0.33));
#8686=IFCAXIS2PLACEMENT2D(#8685,$);
#8687=IFCCIRCLE(#8686,0.15);
#8688=IFCARBITRARYPROFILEDEFWITHVOIDS(.AREA.,$,#8684,(#8687));
#8689=IFCCARTESIANPOINT((0.,0.,0.25));
#8690=IFCDIRECTION((0.,0.,1.));
#8691=IFCDIRECTION((1.,0.,0.));
#8692=IFCAXIS2PLACEMENT3D(#8689,#8690,#8691);
#8693=IFCDIRECTION((0.,0.,1.));
#8694=IFCEXTRUDEDAREASOLID(#8688,#8692,#8693,0.15);
#8695=IFCCARTESIANPOINTLIST2D(((-0.2,0.),(0.2,0.),(0.2,-0.33),(0.141421356201172,-0.471421356201172),(0.,-0.53),(-0.141421356201172,-0.471421356201172),(-0.2,-0.33)),$);
#8696=IFCINDEXEDPOLYCURVE(#8695,(IFCLINEINDEX((1,2)),IFCLINEINDEX((2,3)),IFCARCINDEX((3,4,5)),IFCARCINDEX((5,6,7)),IFCLINEINDEX((7,1))),$);
#8697=IFCARBITRARYCLOSEDPROFILEDEF(.AREA.,$,#8696);
#8698=IFCCARTESIANPOINT((0.,0.,0.2));
#8699=IFCDIRECTION((0.,0.,1.));
#8700=IFCDIRECTION((1.,0.,0.));
#8701=IFCAXIS2PLACEMENT3D(#8698,#8699,#8700);
#8702=IFCDIRECTION((0.,0.,1.));
#8703=IFCEXTRUDEDAREASOLID(#8697,#8701,#8702,0.05);
#8704=IFCCARTESIANPOINTLIST2D(((-0.2,-0.17666667175293),(0.2,-0.17666667175293),(0.2,-0.353333343505859),(-0.2,-0.353333343505859)),$);
#8705=IFCINDEXEDPOLYCURVE(#8704,(IFCLINEINDEX((1,2,3,4,1))),$);
#8706=IFCARBITRARYCLOSEDPROFILEDEF(.AREA.,$,#8705);
#8707=IFCCARTESIANPOINT((0.,0.,0.));
#8708=IFCDIRECTION((0.,0.,1.));
#8709=IFCDIRECTION((1.,0.,0.));
#8710=IFCAXIS2PLACEMENT3D(#8707,#8708,#8709);
#8711=IFCDIRECTION((0.,0.,1.));
#8712=IFCEXTRUDEDAREASOLID(#8706,#8710,#8711,0.2);
#8713=IFCSHAPEREPRESENTATION(#15,'Body','SweptSolid',(#8694,#8703,#8712));
#8714=IFCREPRESENTATIONMAP(#8676,#8713);
#8715=IFCCARTESIANPOINT((0.,0.,0.));
#8716=IFCDIRECTION((0.,0.,1.));
#8717=IFCDIRECTION((1.,0.,0.));
#8718=IFCAXIS2PLACEMENT3D(#8715,#8716,#8717);
#8724=IFCCARTESIANPOINTLIST2D(((-0.106833711266518,-0.124049238860607),(-0.0956681817770004,-0.112883716821671),(-0.0804157853126526,-0.10879684984684),(0.0804157853126526,-0.10879684984684),(0.0956681817770004,-0.112883716821671),(0.106833711266518,-0.124049238860607),(0.110920570790768,-0.139301627874374),(0.110920570790768,-0.347629934549332),(0.102477245032787,-0.392624229192734),(0.0784326940774918,-0.430768579244614),(0.0424474701285362,-0.456255853176117),(3.14889159191978E-09,-0.465205669403076),(-0.0424474626779556,-0.456255853176117),(-0.0784326940774918,-0.430768579244614),(-0.102477245032787,-0.392624229192734),(-0.110920570790768,-0.347629934549332),(-0.110920570790768,-0.139301627874374)),$);
#8725=IFCINDEXEDPOLYCURVE(#8724,(IFCLINEINDEX((1,2,3,4,5,6,7,8,9,10,11,12,13,14,15,16,17,1))),$);
#8726=IFCCARTESIANPOINTLIST2D(((-0.200000002980232,-0.158999994397163),(-0.187171846628189,-2.93617463675844E-09),(0.187171846628189,2.93617463675844E-09),(0.200000002980232,-0.158999994397163),(0.196157053112984,-0.231378510594368),(0.184775903820992,-0.300975561141968),(0.176384255290031,-0.333888202905655),(0.166293919086456,-0.365116566419601),(0.154602095484734,-0.394359916448593),(0.141421362757683,-0.421336621046066),(0.126878663897514,-0.445786863565445),(0.111114047467709,-0.467475235462189),(0.0942793488502502,-0.486192792654037),(0.0765366852283478,-0.50175929069519),(0.0580569356679916,-0.51402485370636),(0.0390180647373199,-0.522871315479279),(0.0196034274995327,-0.528213560581207),(-4.89858707946843E-17,-0.529999971389771),(-0.0196034274995327,-0.528213560581207),(-0.0390180647373199,-0.522871315479279),(-0.0580569356679916,-0.51402485370636),(-0.0765366852283478,-0.50175929069519),(-0.0942793488502502,-0.486192792654037),(-0.111114047467709,-0.467475235462189),(-0.126878663897514,-0.445786863565445),(-0.141421362757683,-0.421336621046066),(-0.154602095484734,-0.394359916448593),(-0.166293919086456,-0.365116566419601),(-0.176384255290031,-0.333888202905655),(-0.184775903820992,-0.300975561141968),(-0.196157053112984,-0.231378510594368),(-0.200000002980232,-0.158999994397163)),$);
#8727=IFCINDEXEDPOLYCURVE(#8726,$,$);
#8728=IFCGEOMETRICCURVESET((#8725,#8727));
#8729=IFCSHAPEREPRESENTATION(#28,'Body','Annotation2D',(#8728));
#8730=IFCREPRESENTATIONMAP(#8718,#8729);
#8731=IFCSANITARYTERMINALTYPE('2vY_mwxpT4KgZns4S6eU9l',$,'WC',$,$,$,(#8714,#8730),$,$,.NOTDEFINED.);
#8732=IFCCARTESIANPOINT((0.,0.,0.));
#8733=IFCDIRECTION((0.,0.,1.));
#8734=IFCDIRECTION((1.,0.,0.));
#8735=IFCAXIS2PLACEMENT3D(#8732,#8733,#8734);
#8742=IFCCARTESIANPOINTLIST3D(((0.,0.,0.),(0.0199999995529652,0.,0.),(0.,0.300000011920929,0.),(0.0199999995529652,0.300000011920929,0.),(0.,0.450000017881393,0.),(0.0199999995529652,0.450000017881393,0.),(0.0849999934434891,0.300000011920929,0.),(0.0849999934434891,0.450000017881393,0.),(-0.0649999976158142,0.300000011920929,0.),(-0.0649999976158142,0.450000017881393,0.),(0.,0.300000011920929,0.0199999995529652),(0.,0.,0.0199999995529652),(0.0199999995529652,0.,0.0199999995529652),(0.0199999995529652,0.300000011920929,0.0199999995529652),(0.0199999995529652,0.450000017881393,0.0199999995529652),(0.,0.450000017881393,0.0199999995529652),(0.0849999934434891,0.300000011920929,0.0199999995529652),(0.0849999934434891,0.450000017881393,0.0199999995529652),(-0.0649999976158142,0.450000017881393,0.0199999995529652),(-0.0649999976158142,0.300000011920929,0.0199999995529652)),$);
#8743=IFCINDEXEDPOLYGONALFACE((1,3,4,2));
#8744=IFCINDEXEDPOLYGONALFACE((3,9,10,5,6,8,7,4));
#8745=IFCINDEXEDPOLYGONALFACE((12,13,14,11));
#8746=IFCINDEXEDPOLYGONALFACE((11,14,17,18,15,16,19,20));
#8747=IFCINDEXEDPOLYGONALFACE((10,9,20,19));
#8748=IFCINDEXEDPOLYGONALFACE((7,8,18,17));
#8749=IFCINDEXEDPOLYGONALFACE((2,4,14,13));
#8750=IFCINDEXEDPOLYGONALFACE((9,3,11,20));
#8751=IFCINDEXEDPOLYGONALFACE((8,6,15,18));
#8752=IFCINDEXEDPOLYGONALFACE((5,10,19,16));
#8753=IFCINDEXEDPOLYGONALFACE((3,1,12,11));
#8754=IFCINDEXEDPOLYGONALFACE((4,7,17,14));
#8755=IFCINDEXEDPOLYGONALFACE((6,5,16,15));
#8756=IFCINDEXEDPOLYGONALFACE((1,2,13,12));
#8757=IFCPOLYGONALFACESET(#8742,$,(#8743,#8744,#8745,#8746,#8747,#8748,#8749,#8750,#8751,#8752,#8753,#8754,#8755,#8756),$);
#8758=IFCSHAPEREPRESENTATION(#15,'Body','Tessellation',(#8757));
#8759=IFCREPRESENTATIONMAP(#8735,#8758);
#8760=IFCSANITARYTERMINALTYPE('2YBhbeJcjE3e_CB77_ND9Z',$,'OH_Shower',$,$,$,(#8759),$,$,.SHOWER.);
#8761=IFCCARTESIANPOINT((0.,0.,0.));
#8762=IFCDIRECTION((0.,0.,1.));
#8763=IFCDIRECTION((1.,0.,0.));
#8764=IFCAXIS2PLACEMENT3D(#8761,#8762,#8763);
#8771=IFCCARTESIANPOINTLIST2D(((0.,0.05),(0.0146446609406726,0.0146446609406726),(0.05,0.),(0.55,0.),(0.585355339059327,0.0146446609406726),(0.6,0.05),(0.6,0.5),(0.585355339059327,0.535355339059327),(0.55,0.55),(0.05,0.55),(0.0146446609406726,0.535355339059327),(0.,0.5)),$);
#8772=IFCINDEXEDPOLYCURVE(#8771,(IFCLINEINDEX((12,1)),IFCARCINDEX((1,2,3)),IFCLINEINDEX((3,4)),IFCARCINDEX((4,5,6)),IFCLINEINDEX((6,7)),IFCARCINDEX((7,8,9)),IFCLINEINDEX((9,10)),IFCARCINDEX((10,11,12)),IFCLINEINDEX((12,1))),$);
#8773=IFCCARTESIANPOINTLIST2D(((0.03,0.1995),(0.0739339828220179,0.0934339828220179),(0.18,0.0495),(0.42,0.0495),(0.526066017177982,0.0934339828220179),(0.57,0.1995),(0.57,0.3845),(0.555355339059327,0.419855339059327),(0.52,0.4345),(0.08,0.4345),(0.0446446609406726,0.419855339059327),(0.03,0.3845)),$);
#8774=IFCINDEXEDPOLYCURVE(#8773,(IFCLINEINDEX((12,1)),IFCARCINDEX((1,2,3)),IFCLINEINDEX((3,4)),IFCARCINDEX((4,5,6)),IFCLINEINDEX((6,7)),IFCARCINDEX((7,8,9)),IFCLINEINDEX((9,10)),IFCARCINDEX((10,11,12)),IFCLINEINDEX((12,1))),$);
#8775=IFCARBITRARYPROFILEDEFWITHVOIDS(.AREA.,$,#8772,(#8774));
#8776=IFCCARTESIANPOINT((-0.3,-0.55,0.1));
#8777=IFCDIRECTION((0.,0.,1.));
#8778=IFCDIRECTION((1.,0.,0.));
#8779=IFCAXIS2PLACEMENT3D(#8776,#8777,#8778);
#8780=IFCDIRECTION((0.,0.,1.));
#8781=IFCEXTRUDEDAREASOLID(#8775,#8779,#8780,0.15);
#8782=IFCARBITRARYCLOSEDPROFILEDEF(.AREA.,$,#8774);
#8783=IFCCARTESIANPOINT((-0.3,-0.55,0.));
#8784=IFCDIRECTION((0.,0.,1.));
#8785=IFCDIRECTION((1.,0.,0.));
#8786=IFCAXIS2PLACEMENT3D(#8783,#8784,#8785);
#8787=IFCDIRECTION((0.,0.,1.));
#8788=IFCEXTRUDEDAREASOLID(#8782,#8786,#8787,0.1);
#8789=IFCSHAPEREPRESENTATION(#15,'Body','SweptSolid',(#8781,#8788));
#8790=IFCREPRESENTATIONMAP(#8764,#8789);
#8791=IFCCARTESIANPOINT((0.,0.,0.));
#8792=IFCDIRECTION((0.,0.,1.));
#8793=IFCDIRECTION((1.,0.,0.));
#8794=IFCAXIS2PLACEMENT3D(#8791,#8792,#8793);
#8800=IFCCARTESIANPOINTLIST2D(((-0.3,-0.5),(-0.285355346679688,-0.535355346679688),(-0.25,-0.55),(0.25,-0.55),(0.285355346679688,-0.535355346679688),(0.3,-0.5),(0.3,-0.05),(0.285355346679688,-0.0146446533203125),(0.25,0.),(-0.25,0.),(-0.285355346679688,-0.0146446533203125),(-0.3,-0.05)),$);
#8801=IFCINDEXEDPOLYCURVE(#8800,(IFCLINEINDEX((12,1)),IFCARCINDEX((1,2,3)),IFCLINEINDEX((3,4)),IFCARCINDEX((4,5,6)),IFCLINEINDEX((6,7)),IFCARCINDEX((7,8,9)),IFCLINEINDEX((9,10)),IFCARCINDEX((10,11,12)),IFCLINEINDEX((12,1))),$);
#8802=IFCCARTESIANPOINTLIST2D(((-0.27,-0.3505),(-0.226066009521484,-0.456566009521484),(-0.12,-0.5005),(0.12,-0.5005),(0.226066040039062,-0.456566009521484),(0.27,-0.3505),(0.27,-0.1655),(0.255355346679688,-0.130144653320312),(0.22,-0.1155),(-0.22,-0.1155),(-0.255355346679688,-0.130144653320312),(-0.27,-0.1655)),$);
#8803=IFCINDEXEDPOLYCURVE(#8802,(IFCLINEINDEX((12,1)),IFCARCINDEX((1,2,3)),IFCLINEINDEX((3,4)),IFCARCINDEX((4,5,6)),IFCLINEINDEX((6,7)),IFCARCINDEX((7,8,9)),IFCLINEINDEX((9,10)),IFCARCINDEX((10,11,12)),IFCLINEINDEX((12,1))),$);
#8804=IFCCARTESIANPOINTLIST2D(((0.,-0.04125),(0.,-0.16125)),$);
#8805=IFCINDEXEDPOLYCURVE(#8804,$,$);
#8806=IFCSHAPEREPRESENTATION(#28,'Body','Curve2D',(#8801,#8803,#8805));
#8807=IFCREPRESENTATIONMAP(#8794,#8806);
#8808=IFCSANITARYTERMINALTYPE('0DhF1owWTBQBX24vCUdbCL',$,'Wash_0.6x0.55',$,$,$,(#8790,#8807),$,$,.NOTDEFINED.);
#8809=IFCSANITARYTERMINAL('2ceiORpGn0YeZf1Cmw3SUP',$,'SanitaryTerminal',$,$,#28557,#8818,$,$);
#8810=IFCRELDEFINESBYTYPE('2nrcJEDAbE0hkPIPl8E2lC',$,$,$,(#8809,#23426,#25378,#26051),#8760);
#8811=IFCCARTESIANPOINT((0.,0.,0.));
#8812=IFCDIRECTION((1.,0.,0.));
#8813=IFCDIRECTION((0.,1.,0.));
#8814=IFCDIRECTION((0.,0.,1.));
#8815=IFCCARTESIANTRANSFORMATIONOPERATOR3D(#8812,#8813,#8811,1.,#8814);
#8816=IFCMAPPEDITEM(#8759,#8815);
#8817=IFCSHAPEREPRESENTATION(#15,'Body','MappedRepresentation',(#8816));
#8818=IFCPRODUCTDEFINITIONSHAPE($,$,(#8817));
#8824=IFCSANITARYTERMINAL('0ngCrSP_X0SBiiIcJZXNNb',$,'SanitaryTerminal',$,$,#28932,#8833,$,$);
#8825=IFCRELDEFINESBYTYPE('2lsYkOaST538_CEtj15gbk',$,$,$,(#8824,#16782,#17159,#17185,#25498,#25999),#8808);
#8826=IFCCARTESIANPOINT((0.,0.,0.));
#8827=IFCDIRECTION((1.,0.,0.));
#8828=IFCDIRECTION((0.,1.,0.));
#8829=IFCDIRECTION((0.,0.,1.));
#8830=IFCCARTESIANTRANSFORMATIONOPERATOR3D(#8827,#8828,#8826,1.,#8829);
#8831=IFCMAPPEDITEM(#8790,#8830);
#8832=IFCSHAPEREPRESENTATION(#15,'Body','MappedRepresentation',(#8831));
#8833=IFCPRODUCTDEFINITIONSHAPE($,$,(#8832,#8840));
#8834=IFCCARTESIANPOINT((0.,0.,0.));
#8835=IFCDIRECTION((1.,0.,0.));
#8836=IFCDIRECTION((0.,1.,0.));
#8837=IFCDIRECTION((0.,0.,1.));
#8838=IFCCARTESIANTRANSFORMATIONOPERATOR3D(#8835,#8836,#8834,1.,#8837);
#8839=IFCMAPPEDITEM(#8807,#8838);
#8840=IFCSHAPEREPRESENTATION(#28,'Body','MappedRepresentation',(#8839));
#8846=IFCSANITARYTERMINAL('0cO_R06pDDtP91mPeNa8EZ',$,'SanitaryTerminal',$,$,#28612,#8855,$,$);
#8847=IFCRELDEFINESBYTYPE('233jzWqmXAPQGhb7d4Zldw',$,$,$,(#8846,#17465,#20882,#25422,#26025),#8731);
#8848=IFCCARTESIANPOINT((0.,0.,0.));
#8849=IFCDIRECTION((1.,0.,0.));
#8850=IFCDIRECTION((0.,1.,0.));
#8851=IFCDIRECTION((0.,0.,1.));
#8852=IFCCARTESIANTRANSFORMATIONOPERATOR3D(#8849,#8850,#8848,1.,#8851);
#8853=IFCMAPPEDITEM(#8714,#8852);
#8854=IFCSHAPEREPRESENTATION(#15,'Body','MappedRepresentation',(#8853));
#8855=IFCPRODUCTDEFINITIONSHAPE($,$,(#8854,#8862));
#8856=IFCCARTESIANPOINT((0.,0.,0.));
#8857=IFCDIRECTION((1.,0.,0.));
#8858=IFCDIRECTION((0.,1.,0.));
#8859=IFCDIRECTION((0.,0.,1.));
#8860=IFCCARTESIANTRANSFORMATIONOPERATOR3D(#8857,#8858,#8856,1.,#8859);
#8861=IFCMAPPEDITEM(#8730,#8860);
#8862=IFCSHAPEREPRESENTATION(#28,'Body','MappedRepresentation',(#8861));
#8868=IFCWALL('1lYybgRfP3Lxn6LSpPB$Jl',$,'Wall',$,$,#28962,#8879,$,$);
#8874=IFCRELASSOCIATESMATERIAL('3bQltow7LFMhFh3oXciskU',$,$,$,(#8868),#8875);
#8875=IFCMATERIALLAYERSETUSAGE(#396,.AXIS2.,.POSITIVE.,0.,$);
#8876=IFCRELDEFINESBYPROPERTIES('2mxV1GCuL6U8DG73dMKb_F',$,$,$,(#8868),#8877);
#8877=IFCPROPERTYSET('1iVyTxY6L86OEcSYpYNAuT',$,'EPset_Parametric',$,(#8878));
#8878=IFCPROPERTYSINGLEVALUE('Engine',$,IFCLABEL('Bonsai.DumbLayer2'),$);
#8879=IFCPRODUCTDEFINITIONSHAPE($,$,(#24706,#24703));
#8914=IFCWALL('1Sdsxvnin8QxIAQQ7RLntB',$,'Wall',$,$,#28972,#8925,$,$);
#8920=IFCRELDEFINESBYPROPERTIES('0bkZqE4IPA09BBWHXSnSN_',$,$,$,(#8914),#8921);
#8921=IFCPROPERTYSET('32DCke5l9BkhC9hNFJ2yGM',$,'EPset_Parametric',$,(#8922));
#8922=IFCPROPERTYSINGLEVALUE('Engine',$,IFCLABEL('Bonsai.DumbLayer2'),$);
#8923=IFCRELASSOCIATESMATERIAL('1itBfS$jfDTx8pjcKhX7Qt',$,$,$,(#8914),#8924);
#8924=IFCMATERIALLAYERSETUSAGE(#396,.AXIS2.,.POSITIVE.,0.,$);
#8925=IFCPRODUCTDEFINITIONSHAPE($,$,(#23221,#23218));
#9235=IFCWALL('3huuly5xf8dBsCb2$1PF_5',$,'Wall',$,$,#28802,#9246,$,$);
#9241=IFCRELASSOCIATESMATERIAL('0r8$0Iftn4oPKitxy9dOOV',$,$,$,(#9235),#9242);
#9242=IFCMATERIALLAYERSETUSAGE(#396,.AXIS2.,.POSITIVE.,0.,$);
#9243=IFCRELDEFINESBYPROPERTIES('02hGIddLbBFe9DyXi8TU_u',$,$,$,(#9235),#9244);
#9244=IFCPROPERTYSET('05LceZKKnE$hgLJHlWnvo9',$,'EPset_Parametric',$,(#9245));
#9245=IFCPROPERTYSINGLEVALUE('Engine',$,IFCLABEL('Bonsai.DumbLayer2'),$);
#9246=IFCPRODUCTDEFINITIONSHAPE($,$,(#21144,#21141));
#9684=IFCBUILDINGSTOREY('0GW8AoQ6z9OfFkHNDnUrmB',$,'FF',$,$,#9700,$,$,$,$);
#9696=IFCCARTESIANPOINT((0.,0.,0.));
#9697=IFCDIRECTION((0.,0.,1.));
#9698=IFCDIRECTION((1.,0.,0.));
#9699=IFCAXIS2PLACEMENT3D(#9696,#9697,#9698);
#9700=IFCLOCALPLACEMENT(#60,#9699);
#9726=IFCWALL('2SXm$tAFDD8xUXrlpWoFV8',$,'Wall',$,$,#26924,#9737,$,$);
#9732=IFCRELASSOCIATESMATERIAL('3rQHSmC45CCeVyGK2$g0DD',$,$,$,(#9726),#9733);
#9733=IFCMATERIALLAYERSETUSAGE(#396,.AXIS2.,.POSITIVE.,0.,$);
#9734=IFCRELDEFINESBYPROPERTIES('2xBgwjQHPFkB580kwvBIZM',$,$,$,(#9726),#9735);
#9735=IFCPROPERTYSET('3aHrede4L1_9OfPvSGoZfr',$,'EPset_Parametric',$,(#9736));
#9736=IFCPROPERTYSINGLEVALUE('Engine',$,IFCLABEL('Bonsai.DumbLayer2'),$);
#9737=IFCPRODUCTDEFINITIONSHAPE($,$,(#26919,#26916));
#9751=IFCWALL('0hwhNHGUTFpgG380oY5v7n',$,'Wall',$,$,#26994,#9762,$,$);
#9757=IFCRELDEFINESBYPROPERTIES('3gx967ZVP6JBzpHR0DtDx9',$,$,$,(#9751),#9758);
#9758=IFCPROPERTYSET('3QrIDspx19exdzNfdQBAth',$,'EPset_Parametric',$,(#9759));
#9759=IFCPROPERTYSINGLEVALUE('Engine',$,IFCLABEL('Bonsai.DumbLayer2'),$);
#9760=IFCRELASSOCIATESMATERIAL('3bFmxLXQ59SQkWtgv5T8ma',$,$,$,(#9751),#9761);
#9761=IFCMATERIALLAYERSETUSAGE(#396,.AXIS2.,.POSITIVE.,0.,$);
#9762=IFCPRODUCTDEFINITIONSHAPE($,$,(#27031,#27028));
#9801=IFCWALL('2QI2sBkUn7yPNNOAU4nmNx',$,'Wall',$,$,#26934,#9812,$,$);
#9807=IFCRELASSOCIATESMATERIAL('2LMPlX6z57Te_Axwlat$gw',$,$,$,(#9801),#9808);
#9808=IFCMATERIALLAYERSETUSAGE(#396,.AXIS2.,.POSITIVE.,0.,$);
#9809=IFCRELDEFINESBYPROPERTIES('18YqmhGOzEq8E4XFYCukLC',$,$,$,(#9801),#9810);
#9810=IFCPROPERTYSET('30wJQYuS1BTfh9yW8Ly9he',$,'EPset_Parametric',$,(#9811));
#9811=IFCPROPERTYSINGLEVALUE('Engine',$,IFCLABEL('Bonsai.DumbLayer2'),$);
#9812=IFCPRODUCTDEFINITIONSHAPE($,$,(#26948,#26945));
#9901=IFCWALL('3glgCrS2bAROSbl$a0hy_7',$,'Wall',$,$,#27293,#9912,$,$);
#9907=IFCRELDEFINESBYPROPERTIES('0fA1CrkR16fR5kbOtL8_9U',$,$,$,(#9901),#9908);
#9908=IFCPROPERTYSET('2QP8XYujP9jRRKnzfqMQtf',$,'EPset_Parametric',$,(#9909));
#9909=IFCPROPERTYSINGLEVALUE('Engine',$,IFCLABEL('Bonsai.DumbLayer2'),$);
#9910=IFCRELASSOCIATESMATERIAL('1KWfIP7xr1zPz3NpgfM98B',$,$,$,(#9901),#9911);
#9911=IFCMATERIALLAYERSETUSAGE(#396,.AXIS2.,.POSITIVE.,0.,$);
#9912=IFCPRODUCTDEFINITIONSHAPE($,$,(#25727,#25724));
#9926=IFCWALL('1Wi$OkIhb0keV68lSlqI_i',$,'Wall',$,$,#26929,#9937,$,$);
#9932=IFCRELASSOCIATESMATERIAL('3j1cquugv2z9njPhSalxvY',$,$,$,(#9926),#9933);
#9933=IFCMATERIALLAYERSETUSAGE(#396,.AXIS2.,.POSITIVE.,0.,$);
#9934=IFCRELDEFINESBYPROPERTIES('2ki4G9zaD7fRDcJB8bpX3A',$,$,$,(#9926),#9935);
#9935=IFCPROPERTYSET('1Y$o7qNZv7Rf4elS0CiVj7',$,'EPset_Parametric',$,(#9936));
#9936=IFCPROPERTYSINGLEVALUE('Engine',$,IFCLABEL('Bonsai.DumbLayer2'),$);
#9937=IFCPRODUCTDEFINITIONSHAPE($,$,(#26961,#26958));
#9951=IFCWALL('2k5wEJ4793ZAoY52hJW33v',$,'Wall',$,$,#27064,#9962,$,$);
#9957=IFCRELASSOCIATESMATERIAL('2Pc6Fqd_518Pb2ep3BMKYv',$,$,$,(#9951),#9958);
#9958=IFCMATERIALLAYERSETUSAGE(#396,.AXIS2.,.POSITIVE.,0.,$);
#9959=IFCRELDEFINESBYPROPERTIES('2b6AJVLEL4uOy8766ZyIP3',$,$,$,(#9951),#9960);
#9960=IFCPROPERTYSET('0pFnmZh8n2EPKyUrwkFN8s',$,'EPset_Parametric',$,(#9961));
#9961=IFCPROPERTYSINGLEVALUE('Engine',$,IFCLABEL('Bonsai.DumbLayer2'),$);
#9962=IFCPRODUCTDEFINITIONSHAPE($,$,(#26857,#26854));
#9976=IFCWALL('0z_MKI5bf5_R_CRWv1W2Le',$,'Wall',$,$,#27248,#9987,$,$);
#9982=IFCRELDEFINESBYPROPERTIES('2eYrUemALAYQmPO6TAGYj$',$,$,$,(#9976),#9983);
#9983=IFCPROPERTYSET('2VK919Ofz0TBmXvw33xU75',$,'EPset_Parametric',$,(#9984));
#9984=IFCPROPERTYSINGLEVALUE('Engine',$,IFCLABEL('Bonsai.DumbLayer2'),$);
#9985=IFCRELASSOCIATESMATERIAL('1BchXmg5jAYwUiAA$ROJPH',$,$,$,(#9976),#9986);
#9986=IFCMATERIALLAYERSETUSAGE(#396,.AXIS2.,.POSITIVE.,0.,$);
#9987=IFCPRODUCTDEFINITIONSHAPE($,$,(#21662,#21659));
#10001=IFCWALL('2TYQ0pXbn3GRQbbpujs6E$',$,'Wall',$,$,#27253,#10012,$,$);
#10007=IFCRELDEFINESBYPROPERTIES('0uAdRWxxX84uf3Y5SB2P4k',$,$,$,(#10001),#10008);
#10008=IFCPROPERTYSET('0ycISFWKb5DegByxrsHz81',$,'EPset_Parametric',$,(#10009));
#10009=IFCPROPERTYSINGLEVALUE('Engine',$,IFCLABEL('Bonsai.DumbLayer2'),$);
#10010=IFCRELASSOCIATESMATERIAL('1Wokfo2yrBwfoa9tmQ$HWi',$,$,$,(#10001),#10011);
#10011=IFCMATERIALLAYERSETUSAGE(#396,.AXIS2.,.POSITIVE.,0.,$);
#10012=IFCPRODUCTDEFINITIONSHAPE($,$,(#21732,#21729));
#10026=IFCWALL('32_LfXzNz94Q4b0X2egTt0',$,'Wall',$,$,#27313,#10037,$,$);
#10032=IFCRELDEFINESBYPROPERTIES('2r5U4Eynn7ovxRXoy5yydi',$,$,$,(#10026),#10033);
#10033=IFCPROPERTYSET('3v$ljpC9X8E8u8lSMZMK7B',$,'EPset_Parametric',$,(#10034));
#10034=IFCPROPERTYSINGLEVALUE('Engine',$,IFCLABEL('Bonsai.DumbLayer2'),$);
#10035=IFCRELASSOCIATESMATERIAL('1aB7oUBu1APf0oazPGsqB8',$,$,$,(#10026),#10036);
#10036=IFCMATERIALLAYERSETUSAGE(#396,.AXIS2.,.POSITIVE.,0.,$);
#10037=IFCPRODUCTDEFINITIONSHAPE($,$,(#25968,#25965));
#10051=IFCWALL('31_z1XWvDBkuTYoXmr8Fwz',$,'Wall',$,$,#27323,#10062,$,$);
#10057=IFCRELDEFINESBYPROPERTIES('2uyb19r$z9hxCAmfbhFfId',$,$,$,(#10051),#10058);
#10058=IFCPROPERTYSET('3xfQQ1yxP1z8IEoIm52EnM',$,'EPset_Parametric',$,(#10059));
#10059=IFCPROPERTYSINGLEVALUE('Engine',$,IFCLABEL('Bonsai.DumbLayer2'),$);
#10060=IFCRELASSOCIATESMATERIAL('1e9Pq3VaL8y9GYb533sZbo',$,$,$,(#10051),#10061);
#10061=IFCMATERIALLAYERSETUSAGE(#396,.AXIS2.,.POSITIVE.,0.,$);
#10062=IFCPRODUCTDEFINITIONSHAPE($,$,(#26165,#26162));
#10080=IFCRELCONNECTSPATHELEMENTS('3piyi0XnjE9fB4yrspoY3c',$,$,$,$,#9801,#10001,(),(),.ATSTART.,.ATSTART.);
#10084=IFCRELCONNECTSPATHELEMENTS('0QJGSp8757pud1QwrSxWq7',$,$,$,$,#9976,#9926,(),(),.ATEND.,.ATEND.);
#10243=IFCWALL('2mAv1EPbj90u7Bk_7lI3Gz',$,'Wall',$,$,#27258,#10254,$,$);
#10249=IFCRELASSOCIATESMATERIAL('3j5Eu97OHCVvm7ttvnwwl0',$,$,$,(#10243),#10250);
#10250=IFCMATERIALLAYERSETUSAGE(#396,.AXIS2.,.POSITIVE.,0.,$);
#10251=IFCRELDEFINESBYPROPERTIES('0h9P95JHv4Pv_$a8jWcHmH',$,$,$,(#10243),#10252);
#10252=IFCPROPERTYSET('1jTyu0XgrCiQYDAiG6TSyM',$,'EPset_Parametric',$,(#10253));
#10253=IFCPROPERTYSINGLEVALUE('Engine',$,IFCLABEL('Bonsai.DumbLayer2'),$);
#10254=IFCPRODUCTDEFINITIONSHAPE($,$,(#21758,#21755));
#10268=IFCRELCONNECTSPATHELEMENTS('3YjW1ErYfDsRRznUc3bU0S',$,$,$,$,#10001,#10243,(),(),.ATEND.,.ATEND.);
#10410=IFCWALL('0PJ4t4STzAvvbJf9sku6of',$,'Wall',$,$,#27303,#10421,$,$);
#10416=IFCRELASSOCIATESMATERIAL('0lTae$s7zFq8$TiYPX_x0L',$,$,$,(#10410),#10417);
#10417=IFCMATERIALLAYERSETUSAGE(#396,.AXIS2.,.POSITIVE.,0.,$);
#10418=IFCRELDEFINESBYPROPERTIES('09xgmYHab6JBc1IdvtA2Do',$,$,$,(#10410),#10419);
#10419=IFCPROPERTYSET('0eJ$GIqKr0pwGAnU87P7UW',$,'EPset_Parametric',$,(#10420));
#10420=IFCPROPERTYSINGLEVALUE('Engine',$,IFCLABEL('Bonsai.DumbLayer2'),$);
#10421=IFCPRODUCTDEFINITIONSHAPE($,$,(#25867,#25864));
#10435=IFCWALL('1NsKiIhGzFNeqqhYFYeOQM',$,'Wall',$,$,#27273,#10446,$,$);
#10441=IFCRELDEFINESBYPROPERTIES('2uFP8fQgr6_usgZd9H8Juq',$,$,$,(#10435),#10442);
#10442=IFCPROPERTYSET('0BP7y826z9dwQr2bSAkSSa',$,'EPset_Parametric',$,(#10443));
#10443=IFCPROPERTYSINGLEVALUE('Engine',$,IFCLABEL('Bonsai.DumbLayer2'),$);
#10444=IFCRELASSOCIATESMATERIAL('367Ex0eMT7xOX7ecPQ7ASk',$,$,$,(#10435),#10445);
#10445=IFCMATERIALLAYERSETUSAGE(#396,.AXIS2.,.POSITIVE.,0.,$);
#10446=IFCPRODUCTDEFINITIONSHAPE($,$,(#22720,#22717));
#10460=IFCWALL('17$_bl5Fr2vRjV8o0pqR0c',$,'Wall',$,$,#27120,#10471,$,$);
#10466=IFCRELASSOCIATESMATERIAL('2oV0Fe57H8V85RTVDOEGId',$,$,$,(#10460),#10467);
#10467=IFCMATERIALLAYERSETUSAGE(#396,.AXIS2.,.POSITIVE.,0.,$);
#10468=IFCRELDEFINESBYPROPERTIES('0L$1T9_ZLFOPtJooQe4QIZ',$,$,$,(#10460),#10469);
#10469=IFCPROPERTYSET('066kVTTMP8xfT5oyNj$kQ$',$,'EPset_Parametric',$,(#10470));
#10470=IFCPROPERTYSINGLEVALUE('Engine',$,IFCLABEL('Bonsai.DumbLayer2'),$);
#10471=IFCPRODUCTDEFINITIONSHAPE($,$,(#22733,#22730));
#10573=IFCWALL('3U6dy0X2b3XgZCF1MH7$5a',$,'Wall',$,$,#27263,#10584,$,$);
#10579=IFCRELASSOCIATESMATERIAL('3TpKPmMhz1HebTbfkF$LHw',$,$,$,(#10573),#10580);
#10580=IFCMATERIALLAYERSETUSAGE(#396,.AXIS2.,.POSITIVE.,0.,$);
#10581=IFCRELDEFINESBYPROPERTIES('3auIdUOs53hxUtUJOEv89u',$,$,$,(#10573),#10582);
#10582=IFCPROPERTYSET('0RvUdX8k95bgGc3AbPhJIF',$,'EPset_Parametric',$,(#10583));
#10583=IFCPROPERTYSINGLEVALUE('Engine',$,IFCLABEL('Bonsai.DumbLayer2'),$);
#10584=IFCPRODUCTDEFINITIONSHAPE($,$,(#21964,#21961));
#10751=IFCRELCONTAINEDINSPATIALSTRUCTURE('3T9lylV6b64Ri_5mr$tf9B',$,$,$,(#9751,#10026,#9951,#25210,#25498,#10961,#25443,#10435,#9801,#9726,#10001,#25544,#25392,#10987,#10243,#9926,#10573,#10410,#22055,#25519,#25422,#10051,#25642,#9976,#10460,#9901,#22532,#22589,#25378,#25468,#25569,#25969,#25999,#26025,#26051,#27121),#9684);
#10857=IFCCARTESIANPOINT((69.8887252807617,-15.0647888183594,78.8939208984375));
#10858=IFCDIRECTION((0.317870374800462,-0.502432876947295,0.804064443304563));
#10859=IFCDIRECTION((0.845075238922961,0.534647398347079,2.66487628571752E-08));
#10860=IFCAXIS2PLACEMENT3D(#10857,#10858,#10859);
#10861=IFCLOCALPLACEMENT($,#10860);
#10862=IFCCARTESIANPOINT((-42.7900009155273,-23.1736822060338,-1000.));
#10863=IFCAXIS2PLACEMENT3D(#10862,$,$);
#10864=IFCBLOCK(#10863,85.5800018310547,46.3473644120676,1000.);
#10865=IFCCSGSOLID(#10864);
#10866=IFCSHAPEREPRESENTATION(#15,'Body','CSG',(#10865));
#10961=IFCFURNITURE('0xnByYCN973wVYkQgT8b7M',$,'Furniture',$,$,#27163,#10974,$,$);
#10967=IFCCARTESIANPOINT((0.,0.,0.));
#10968=IFCDIRECTION((1.,0.,0.));
#10969=IFCDIRECTION((0.,1.,0.));
#10970=IFCDIRECTION((0.,0.,1.));
#10971=IFCCARTESIANTRANSFORMATIONOPERATOR3D(#10968,#10969,#10967,1.,#10970);
#10972=IFCMAPPEDITEM(#7739,#10971);
#10973=IFCSHAPEREPRESENTATION(#15,'Body','MappedRepresentation',(#10972));
#10974=IFCPRODUCTDEFINITIONSHAPE($,$,(#10973,#10981));
#10975=IFCCARTESIANPOINT((0.,0.,0.));
#10976=IFCDIRECTION((1.,0.,0.));
#10977=IFCDIRECTION((0.,1.,0.));
#10978=IFCDIRECTION((0.,0.,1.));
#10979=IFCCARTESIANTRANSFORMATIONOPERATOR3D(#10976,#10977,#10975,1.,#10978);
#10980=IFCMAPPEDITEM(#7755,#10979);
#10981=IFCSHAPEREPRESENTATION(#28,'Body','MappedRepresentation',(#10980));
#10987=IFCFURNITURE('2un5gDoKn4fx7pwUJr87yN',$,'Furniture',$,$,#27168,#11000,$,$);
#10993=IFCCARTESIANPOINT((0.,0.,0.));
#10994=IFCDIRECTION((1.,0.,0.));
#10995=IFCDIRECTION((0.,1.,0.));
#10996=IFCDIRECTION((0.,0.,1.));
#10997=IFCCARTESIANTRANSFORMATIONOPERATOR3D(#10994,#10995,#10993,1.,#10996);
#10998=IFCMAPPEDITEM(#7739,#10997);
#10999=IFCSHAPEREPRESENTATION(#15,'Body','MappedRepresentation',(#10998));
#11000=IFCPRODUCTDEFINITIONSHAPE($,$,(#10999,#11007));
#11001=IFCCARTESIANPOINT((0.,0.,0.));
#11002=IFCDIRECTION((1.,0.,0.));
#11003=IFCDIRECTION((0.,1.,0.));
#11004=IFCDIRECTION((0.,0.,1.));
#11005=IFCCARTESIANTRANSFORMATIONOPERATOR3D(#11002,#11003,#11001,1.,#11004);
#11006=IFCMAPPEDITEM(#7755,#11005);
#11007=IFCSHAPEREPRESENTATION(#28,'Body','MappedRepresentation',(#11006));
#11024=IFCSLAB('3XTbi19Cf1GO7AH07CoMiD',$,'Slab',$,$,#22872,#11045,$,$);
#11032=IFCRELDEFINESBYPROPERTIES('1X6Wi68tb4WP0NWkwr5wlK',$,$,$,(#11024),#11033);
#11033=IFCPROPERTYSET('1SDoVQftDC6vGL_KrF9jY1',$,'EPset_Parametric',$,(#11034));
#11034=IFCPROPERTYSINGLEVALUE('Engine',$,IFCLABEL('Bonsai.DumbLayer3'),$);
#11035=IFCRELDEFINESBYPROPERTIES('0JQTj3EBXBWejC_Nmpw3wK',$,$,$,(#11024),#11036);
#11036=IFCELEMENTQUANTITY('1p4_EDj21ACx6w7lTcRNFu',$,'Qto_SlabBaseQuantities',$,$,(#11037,#11038,#11039,#11040,#11041,#11042,#11043,#11044));
#11037=IFCQUANTITYAREA('GrossArea',$,$,266.626346880462,$);
#11038=IFCQUANTITYVOLUME('GrossVolume',$,$,53.3252693760924,$);
#11039=IFCQUANTITYLENGTH('Depth',$,$,0.2,$);
#11040=IFCQUANTITYLENGTH('Length',$,$,31.849718093872,$);
#11041=IFCQUANTITYAREA('NetArea',$,$,266.626346880462,$);
#11042=IFCQUANTITYVOLUME('NetVolume',$,$,53.3252693760924,$);
#11043=IFCQUANTITYLENGTH('Perimeter',$,$,107.577291488659,$);
#11044=IFCQUANTITYLENGTH('Width',$,$,11.2692394256592,$);
#11045=IFCPRODUCTDEFINITIONSHAPE($,$,(#11046));
#11046=IFCSHAPEREPRESENTATION(#15,'Body','SweptSolid',(#11047));
#11047=IFCEXTRUDEDAREASOLID(#27150,$,#11055,0.2);
#11055=IFCDIRECTION((0.,0.,1.));
#11150=IFCWALL('1CKoPsobT4dQirkGpUnaB9',$,'Wall',$,$,#28607,#11161,$,$);
#11156=IFCRELASSOCIATESMATERIAL('08F45omAjDjekIO51GCNrr',$,$,$,(#11150),#11157);
#11157=IFCMATERIALLAYERSETUSAGE(#396,.AXIS2.,.POSITIVE.,0.,$);
#11158=IFCRELDEFINESBYPROPERTIES('2eKXtCh0XB2AiP91Tstgww',$,$,$,(#11150),#11159);
#11159=IFCPROPERTYSET('3qHg$0clj28xQmtvj259RY',$,'EPset_Parametric',$,(#11160));
#11160=IFCPROPERTYSINGLEVALUE('Engine',$,IFCLABEL('Bonsai.DumbLayer2'),$);
#11161=IFCPRODUCTDEFINITIONSHAPE($,$,(#18572,#18569));
#11175=IFCRELCONNECTSPATHELEMENTS('3gupGRoHfEavUjMZILuYxv',$,$,$,$,#8326,#11150,(),(),.ATEND.,.ATEND.);
#11275=IFCRELCONNECTSPATHELEMENTS('3RUwxXbAn7SxmL77PIV5u_',$,$,$,$,#8484,#11150,(),(),.ATSTART.,.ATEND.);
#11334=IFCWALL('3ahS2f9_P7BQ8uJsb_98rn',$,'Wall',$,$,#28827,#11345,$,$);
#11340=IFCRELDEFINESBYPROPERTIES('2MuGojLDPE$v2hajkTxOgi',$,$,$,(#11334),#11341);
#11341=IFCPROPERTYSET('1JTy3V3aD6POaPeMqr9154',$,'EPset_Parametric',$,(#11342));
#11342=IFCPROPERTYSINGLEVALUE('Engine',$,IFCLABEL('Bonsai.DumbLayer2'),$);
#11343=IFCRELASSOCIATESMATERIAL('3w9oZrk697ZRs$RKz1kCCF',$,$,$,(#11334),#11344);
#11344=IFCMATERIALLAYERSETUSAGE(#396,.AXIS2.,.POSITIVE.,0.,$);
#11345=IFCPRODUCTDEFINITIONSHAPE($,$,(#23116,#23113));
#11523=IFCRELCONNECTSPATHELEMENTS('1WX3n7Sjb3cvx1TVgtmsBc',$,$,$,$,#4261,#4324,(),(),.ATSTART.,.ATSTART.);
#11812=IFCWALL('2vYKWgYnf3AAZvsc_bF34J',$,'Wall',$,$,#28692,#11823,$,$);
#11818=IFCRELDEFINESBYPROPERTIES('2TROiftzT7DxBppk7kS42K',$,$,$,(#11812),#11819);
#11819=IFCPROPERTYSET('0bamlLMxT0Gg4xy4ijA8f2',$,'EPset_Parametric',$,(#11820));
#11820=IFCPROPERTYSINGLEVALUE('Engine',$,IFCLABEL('Bonsai.DumbLayer2'),$);
#11821=IFCRELASSOCIATESMATERIAL('3H5yteB4HF$hmXueQKEiYj',$,$,$,(#11812),#11822);
#11822=IFCMATERIALLAYERSETUSAGE(#396,.AXIS2.,.POSITIVE.,0.,$);
#11823=IFCPRODUCTDEFINITIONSHAPE($,$,(#20300,#20297));
#12378=IFCRELDEFINESBYTYPE('3SRFwXWz9BKeVL9FgXHLjL',$,$,$,(#11024,#26166),#377);
#12379=IFCMATERIALLAYERSETUSAGE(#380,.AXIS3.,.POSITIVE.,0.,$);
#12380=IFCRELASSOCIATESMATERIAL('2LbOqJbvT5nAE7IB9Z2NYA',$,$,$,(#11024),#12379);
#12540=IFCCARTESIANPOINT((48.4895896911621,27.0512275695801,0.));
#12541=IFCDIRECTION((0.,0.,1.));
#12542=IFCDIRECTION((0.010437851800798,-0.999945524141083,0.));
#12543=IFCAXIS2PLACEMENT3D(#12540,#12541,#12542);
#12544=IFCLOCALPLACEMENT(#54,#12543);
#12555=IFCCARTESIANPOINT((73.1338653564453,37.1430778503418,5.55111512312578E-17));
#12556=IFCDIRECTION((0.,0.,1.));
#12557=IFCDIRECTION((3.13916473260163E-07,0.999999999999951,0.));
#12558=IFCAXIS2PLACEMENT3D(#12555,#12556,#12557);
#12559=IFCLOCALPLACEMENT(#2111,#12558);
#12630=IFCCARTESIANPOINT((0.,0.,0.));
#12631=IFCDIRECTION((0.,0.,1.));
#12632=IFCDIRECTION((1.,0.,0.));
#12633=IFCAXIS2PLACEMENT3D(#12630,#12631,#12632);
#12640=IFCCARTESIANPOINTLIST3D(((-0.255011796951294,-0.0200174301862717,0.934216499328613),(-0.250822097063065,-0.0182155091315508,1.41777002811432),(-0.302074164152145,0.046305425465107,0.940575301647186),(-0.297349214553833,0.0104353213682771,1.41891825199127),(-0.323642671108246,0.0921813026070595,0.931135356426239),(-0.311018735170364,0.0450051166117191,1.42067563533783),(-0.304968327283859,0.138057187199593,0.917340040206909),(-0.293404668569565,0.0791389346122742,1.41707909107208),(-0.269889533519745,0.171640619635582,0.891623795032501),(-0.248519107699394,0.104533404111862,1.41354084014893),(-0.263312548398972,-0.0492060706019402,1.34084463119507),(-0.271761775016785,-0.0371380373835564,1.25041913986206),(-0.255106508731842,-0.0122881969437003,1.16380500793457),(-0.248135149478912,0.0157340951263905,1.07803046703339),(-0.313228785991669,-0.0189570784568787,1.32487118244171),(-0.323688119649887,-0.0118936514481902,1.26900732517242),(-0.304984718561172,0.0380208902060986,1.16380488872528),(-0.287296861410141,0.0505023151636124,1.06819725036621),(-0.325509607791901,0.0491765737533569,1.24358773231506),(-0.320686101913452,0.0927663743495941,1.16542029380798),(-0.303505092859268,0.0979965552687645,1.05476486682892),(-0.322066575288773,0.120837487280369,1.33634066581726),(-0.341059893369675,0.117129281163216,1.26959276199341),(-0.304984629154205,0.147840321063995,1.16380488872528),(-0.287296801805496,0.145490780472755,1.04133272171021),(-0.273132860660553,0.166201919317245,1.31088018417358),(-0.291299432516098,0.186836630105972,1.22725522518158),(-0.25510647892952,0.187690317630768,1.16380488872528),(-0.243014991283417,0.180258959531784,1.03149938583374),(-0.212554708123207,0.00950499810278416,1.46066951751709),(-0.242238834500313,0.0272319968789816,1.4554797410965),(-0.254144072532654,0.0572099462151527,1.44735038280487),(-0.242238819599152,0.0871878936886787,1.4413013458252),(-0.212554693222046,0.109804436564445,1.43442630767822),(-0.211802244186401,0.0227320026606321,1.49426054954529),(-0.228694006800652,0.0430061928927898,1.48726737499237),(-0.235846012830734,0.0731893554329872,1.47631299495697),(-0.228693962097168,0.103372469544411,1.46535885334015),(-0.209154188632965,0.122925981879234,1.45865023136139),(-0.371903479099274,0.0279148332774639,1.39169764518738),(-0.362354159355164,0.00481685250997543,1.38809311389923),(-0.359339326620102,0.0607667416334152,1.38794267177582),(-0.408526510000229,-0.00167114799842238,1.3561247587204),(-0.414628744125366,-0.00676245056092739,1.29240751266479),(-0.422147303819656,0.0241181347519159,1.35223543643951),(-0.429054319858551,0.023597177118063,1.28608441352844),(-0.411527186632156,0.0615221783518791,1.35276198387146),(-0.417659908533096,0.0655784755945206,1.28555619716644),(-0.255690366029739,0.131692916154861,1.37411677837372),(-0.357456624507904,0.0966373831033707,1.34381234645844),(-0.310852944850922,0.103994660079479,1.37400031089783),(-0.369245916604996,0.102665476500988,1.2769148349762),(-0.339397758245468,0.0895793586969376,1.37335610389709),(-0.364487081766129,-0.0246514733880758,1.2893294095993),(-0.360615819692612,-0.0232767462730408,1.35303950309753),(-0.308961093425751,-0.0165540296584368,1.3790807723999),(-0.258055835962296,-0.038362730294466,1.37717604637146),(-0.337872266769409,-0.0199006646871567,1.37099778652191),(-0.33679461479187,0.045701052993536,1.21321070194244),(-0.352577358484268,0.0783518701791763,1.20834720134735),(-0.386230856180191,0.0860880389809608,1.21396267414093),(-0.341866016387939,0.00435719173401594,1.21540129184723),(-0.432447761297226,0.0218708720058203,1.22394478321075),(-0.425467967987061,0.0625459253787994,1.21932673454285),(-0.415233701467514,-0.0124312248080969,1.22495067119598),(-0.371060162782669,-0.0208267848938704,1.22306942939758),(-0.368581563234329,0.0307894311845303,1.13387405872345),(-0.382195681333542,0.0549908094108105,1.13678777217865),(-0.407878845930099,0.0618119686841965,1.14292848110199),(-0.375122308731079,0.00316948327235878,1.13527166843414),(-0.437691211700439,0.0195658635348082,1.1471825838089),(-0.430961132049561,0.0471292473375797,1.14666867256165),(-0.423966914415359,-0.00473637413233519,1.14478719234467),(-0.398057132959366,-0.0115283904597163,1.13982164859772),(-0.446836888790131,0.0980487763881683,0.920084536075592),(-0.448840260505676,0.122487410902977,0.92610239982605),(-0.461176514625549,0.131798386573792,0.928000032901764),(-0.454535633325577,0.0850496217608452,0.918406844139099),(-0.484971642494202,0.102718092501163,0.925131142139435),(-0.475748926401138,0.126224562525749,0.927652478218079),(-0.481338679790497,0.0883148685097694,0.92214173078537),(-0.46904069185257,0.0791416168212891,0.91964864730835),(-0.404474377632141,-0.0055075753480196,1.11261558532715),(-0.416018933057785,0.0125377411022782,1.0582412481308),(-0.426294207572937,0.033274944871664,1.01808214187622),(-0.451987087726593,0.0598408132791519,0.966101169586182),(-0.432106703519821,0.0700193122029305,0.965453386306763),(-0.401750683784485,0.0504345372319221,1.01491665840149),(-0.388404250144958,0.0311527904123068,1.05428957939148),(-0.376528412103653,0.0124355526641011,1.1078360080719),(-0.435792535543442,0.0027074278332293,1.11924064159393),(-0.447400629520416,0.0198941119015217,1.065016746521),(-0.454754531383514,0.039378933608532,1.02387416362762),(-0.471626132726669,0.0664401799440384,0.97100830078125),(-0.444171339273453,0.0661022886633873,1.12507152557373),(-0.457043200731277,0.0822909250855446,1.07189571857452),(-0.464422553777695,0.0953799188137054,1.03022456169128),(-0.471673488616943,0.110111445188522,0.981752336025238),(-0.47963473200798,0.0846410617232323,0.977285385131836),(-0.470483213663101,0.0650670677423477,1.02887392044067),(-0.464315503835678,0.0487033911049366,1.07062435150146),(-0.452213943004608,0.0322446562349796,1.12411451339722),(-0.423746824264526,0.0888379588723183,0.969394862651825),(-0.395543813705444,0.0808845013380051,1.016268491745),(-0.380919694900513,0.0649517923593521,1.05556643009186),(-0.368451625108719,0.0463197566568851,1.10783290863037),(-0.43204665184021,0.112927049398422,0.976386249065399),(-0.411423891782761,0.106714934110641,1.02135586738586),(-0.398074358701706,0.0939680710434914,1.0613067150116),(-0.384956896305084,0.0761742368340492,1.11342716217041),(-0.416338115930557,0.0842543467879295,1.12075126171112),(-0.429657310247421,0.101089552044868,1.06806635856628),(-0.44000318646431,0.112677037715912,1.0271372795105),(-0.451912134885788,0.120645582675934,0.981314480304718),(-0.210908085107803,0.177786856889725,0.848857998847961),(-0.214451670646667,0.10918090492487,1.41155934333801),(-0.21276992559433,0.186621978878975,1.02969992160797),(-0.221039041876793,0.195046812295914,1.16380488872528),(-0.227000847458839,0.201725006103516,1.22725522518158),(-0.22128438949585,0.175599470734596,1.30999076366425),(-0.194308623671532,0.121817111968994,1.43347656726837),(-0.195808291435242,0.126969769597054,1.45718264579773),(-0.218037292361259,0.138000637292862,1.37419629096985),(-0.190601125359535,-0.0244103297591209,0.917489469051361),(-0.200411334633827,-0.0234027113765478,1.41583108901978),(-0.203711375594139,0.014188171364367,1.07944273948669),(-0.208901479840279,-0.0196447409689426,1.16380512714386),(-0.211301788687706,-0.0462022498250008,1.24650073051453),(-0.205588236451149,-0.0579879507422447,1.33634078502655),(-0.189600467681885,0.00156663684174418,1.46161925792694),(-0.195808351039886,0.0163188390433788,1.49646103382111),(-0.204326406121254,-0.0449437722563744,1.37376737594604),(-0.194446668028831,0.17410908639431,0.815041661262512),(-0.190719202160835,0.0921814143657684,0.797836363315582),(-0.194006070494652,-0.00861649308353662,0.836924076080322),(-0.278520971536636,0.00839533843100071,0.723984062671661),(-0.324229389429092,0.0429706089198589,0.741500556468964),(-0.356464684009552,0.0902012661099434,0.753853976726532),(-0.332303524017334,0.137431964278221,0.744595050811768),(-0.286918133497238,0.172007232904434,0.727202653884888),(-0.239674612879753,0.178334966301918,0.709097981452942),(-0.232181772589684,0.00206765648908913,0.706225991249084),(-0.209402695298195,0.148020461201668,0.697997629642487),(-0.201138243079185,0.09020134806633,0.694108247756958),(-0.212614685297012,0.0210197437554598,0.69922810792923),(-0.20324370265007,0.153102844953537,0.756063342094421),(-0.237052530050278,0.186004444956779,0.788378059864044),(-0.195478722453117,0.0900524631142616,0.748440325260162),(-0.279568672180176,0.179115369915962,0.810112357139587),(-0.233937919139862,-0.0225269831717014,0.823743283748627),(-0.205779671669006,0.0148356705904007,0.776673495769501),(-0.320412695407867,0.141472890973091,0.8319011926651),(-0.342156171798706,0.0900523066520691,0.843553066253662),(-0.276886969804764,-0.016273258253932,0.839491546154022),(-0.313146412372589,0.0348729752004147,0.841929793357849),(-0.228140756487846,0.181895613670349,0.826314806938171),(-0.27472910284996,0.175377979874611,0.850868105888367),(-0.202374294400215,0.0127277877181768,0.817107915878296),(-0.31269046664238,0.139764994382858,0.874620676040649),(-0.332899391651154,0.0911167562007904,0.887344181537628),(-0.309184074401855,0.0343860201537609,0.891252517700195),(-0.200907275080681,0.150543570518494,0.784790813922882),(-0.193383067846298,0.0911169275641441,0.775112628936768),(-0.207195192575455,-0.0326128304004669,0.860159814357758),(-0.264364451169968,-0.0260952468961477,0.886105179786682),(-0.250838369131088,-0.00746302586048841,0.965317666530609),(-0.293555915355682,0.0500971749424934,0.967846095561981),(-0.315131217241287,0.0945827811956406,0.957461714744568),(-0.296824157238007,0.139068365097046,0.943752229213715),(-0.258978009223938,0.171634033322334,0.921793341636658),(-0.223543137311935,0.177593946456909,0.902376592159271),(-0.189770698547363,-0.0129379136487842,0.952973306179047),(-0.249513223767281,0.0147918639704585,1.00302112102509),(-0.290629982948303,0.058212585747242,0.999368846416473),(-0.309409856796265,0.100454814732075,0.987460553646088),(-0.29285603761673,0.142697006464005,0.973889768123627),(-0.25331637263298,0.17362043261528,0.957993805408478),(-0.221831545233727,0.179279804229736,0.947385549545288),(-0.198233008384705,0.00937500316649675,0.997748792171478),(-0.282554358243942,0.0106268711388111,0.653078973293304),(-0.326547056436539,0.0430724993348122,0.653079152107239),(-0.357572376728058,0.0873940140008926,0.653079271316528),(-0.334318190813065,0.131715506315231,0.653079330921173),(-0.290636330842972,0.164161041378975,0.653079390525818),(-0.245166048407555,0.170099005103111,0.653079330921173),(-0.23795448243618,0.0046888766810298,0.653078854084015),(-0.216309905052185,0.142165929079056,0.653079211711884),(-0.207519963383675,0.0873939245939255,0.653079092502594),(-0.219401314854622,0.0229878351092339,0.65307891368866),(-0.288473397493362,0.0195837859064341,0.580687046051025),(-0.324558466672897,0.0468050837516785,0.58068710565567),(-0.350007146596909,0.0839900299906731,0.58068722486496),(-0.330932825803757,0.121174976229668,0.580687344074249),(-0.295102626085281,0.148396223783493,0.580687284469604),(-0.257805585861206,0.153378054499626,0.580687284469604),(-0.251890271902084,0.0146019114181399,0.580686986446381),(-0.235646724700928,0.130148142576218,0.58068722486496),(-0.226926296949387,0.0839899927377701,0.58068710565567),(-0.238182440400124,0.0301598310470581,0.580686986446381),(-0.297417014837265,0.0291089173406363,0.532841861248016),(-0.327880412340164,0.0516078695654869,0.532841920852661),(-0.349364399909973,0.0823419839143753,0.532841920852661),(-0.333261698484421,0.113076098263264,0.532841980457306),(-0.303013503551483,0.135575026273727,0.532842040061951),(-0.271526992321014,0.139692634344101,0.532842040061951),(-0.266533225774765,0.0249913260340691,0.532841920852661),(-0.25471904873848,0.120682939887047,0.532841980457306),(-0.245458364486694,0.0823419690132141,0.532841920852661),(-0.256859689950943,0.038040567189455,0.532841920852661),(-0.310914188623428,0.00355828809551895,0.471134305000305),(-0.337437123060226,0.0264862962067127,0.471134305000305),(-0.356142073869705,0.0578064881265163,0.471134185791016),(-0.342122286558151,0.0891266837716103,0.471134126186371),(-0.315786778926849,0.112054660916328,0.471134066581726),(-0.288373112678528,0.116250790655613,0.471134066581726),(-0.284025222063065,-0.000637794786598533,0.47113436460495),(-0.273739278316498,0.0968786180019379,0.471134126186371),(-0.265676498413086,0.0578065142035484,0.471134185791016),(-0.275603026151657,0.0126602929085493,0.47113436460495),(-0.331628739833832,-0.0304803755134344,0.38486310839653),(-0.354337185621262,-0.00687420228496194,0.384862989187241),(-0.37035208940506,0.0253724530339241,0.384862959384918),(-0.358348578214645,0.0576191246509552,0.384862899780273),(-0.335800588130951,0.0812253057956696,0.384862780570984),(-0.31232950091362,0.0855455473065376,0.384862780570984),(-0.308606863021851,-0.0348006375133991,0.38486310839653),(-0.299800246953964,0.0656003430485725,0.384862899780273),(-0.292897015810013,0.0253724548965693,0.384862989187241),(-0.301395922899246,-0.0211091563105583,0.38486310839653),(-0.34829369187355,-0.021265834569931,0.0811041221022606),(-0.360342353582382,-0.00444364175200462,0.0812112241983414),(-0.367424547672272,0.0137708801776171,0.0813461691141129),(-0.360632628202438,0.0378633476793766,0.085175484418869),(-0.343880444765091,0.0552565418183804,0.0849284455180168),(-0.325993210077286,0.0537303648889065,0.0807561054825783),(-0.334478825330734,-0.0234207753092051,0.0806524679064751),(-0.312810838222504,0.0297724884003401,0.0806475281715393),(-0.309850424528122,0.0137437246739864,0.0806043967604637),(-0.315546929836273,-0.0100257592275739,0.0807056427001953),(-0.382583141326904,0.015352482907474,0.30832713842392),(-0.374839395284653,0.0147955808788538,0.229394912719727),(-0.367697566747665,0.0155446222051978,0.151660963892937),(-0.356379479169846,-0.00332965445704758,0.151661023497581),(-0.35959330201149,-0.00841427035629749,0.229394853115082),(-0.361877262592316,-0.0151091124862432,0.30832713842392),(-0.293428957462311,-0.0285561122000217,0.308327376842499),(-0.30919349193573,-0.0186600740998983,0.229395017027855),(-0.318964749574661,-0.011661546304822,0.151661083102226),(-0.312958359718323,0.0155445896089077,0.151661023497581),(-0.301102578639984,0.0147955501452088,0.229394793510437),(-0.282440602779388,0.0153524708002806,0.308327108621597),(-0.302752047777176,-0.0414896383881569,0.308327436447144),(-0.316058307886124,-0.0285146106034517,0.229395017027855),(-0.326678186655045,-0.0192256886512041,0.151719406247139),(-0.367063641548157,0.0458140857517719,0.308327108621597),(-0.363412111997604,0.0380054451525211,0.229394793510437),(-0.359214425086975,0.0344189032912254,0.151660919189453),(-0.332517296075821,-0.0374085679650307,0.308327376842499),(-0.337974935770035,-0.0254050903022289,0.229395017027855),(-0.340330988168716,-0.0171465929597616,0.151661083102226),(-0.291365832090378,0.053353488445282,0.308327108621597),(-0.307674407958984,0.043749988079071,0.229394793510437),(-0.317837059497833,0.0390903539955616,0.151660919189453),(-0.326691687107086,0.0507644899189472,0.151660859584808),(-0.319602161645889,0.058105755597353,0.229394689202309),(-0.307565063238144,0.0721946135163307,0.308326929807663),(-0.337911069393158,0.0681135356426239,0.308327049016953),(-0.341946512460709,0.0549962371587753,0.229394793510437),(-0.343279272317886,0.0482358261942863,0.151660859584808),(-0.247287034988403,0.00677907932549715,1.11554372310638),(-0.291807025671005,0.0442615747451782,1.11062717437744),(-0.309039413928986,0.0954635664820671,1.10391104221344),(-0.291806936264038,0.146665543317795,1.09719491004944),(-0.244726911187172,0.183974623680115,1.09227848052979),(-0.212570667266846,0.190834388136864,1.09137868881226),(-0.205361798405647,0.00232785963453352,1.11624991893768),(-0.44986167550087,0.160489574074745,0.828359365463257),(-0.469981014728546,0.165012031793594,0.829262614250183),(-0.466476798057556,0.0896873027086258,0.812763333320618),(-0.486025780439377,0.0940815135836601,0.813640952110291),(-0.454015493392944,0.142789006233215,0.824460387229919),(-0.458169281482697,0.125088438391685,0.820561408996582),(-0.462323129177094,0.107387870550156,0.8166623711586),(-0.482442408800125,0.111910335719585,0.817565619945526),(-0.480390548706055,0.130083367228508,0.821558833122253),(-0.476236701011658,0.147783920168877,0.825457870960236),(-0.464936882257462,0.0843371078372002,0.835411131381989),(-0.465642511844635,0.0787400975823402,0.870687961578369),(-0.462453663349152,0.0791064277291298,0.894306600093842),(-0.487434655427933,0.084577202796936,0.8958380818367),(-0.490863382816315,0.0843146368861198,0.871876180171967),(-0.488659828901291,0.0896696001291275,0.83647608757019),(-0.448441058397293,0.140697628259659,0.91492748260498),(-0.442413657903671,0.168513774871826,0.881789922714233),(-0.448321580886841,0.1551393866539,0.851007223129272),(-0.47204452753067,0.160471871495247,0.852072179317474),(-0.467820048332214,0.174224659800529,0.88293045759201),(-0.473607510328293,0.146353244781494,0.916186273097992),(-0.48766303062439,0.0999460965394974,0.899328231811523),(-0.491002947092056,0.10375053435564,0.876136839389801),(-0.488168448209763,0.108193412423134,0.840539574623108),(-0.48575034737587,0.113295830786228,0.902321755886078),(-0.488502681255341,0.118868283927441,0.879581153392792),(-0.485015243291855,0.126093909144402,0.844596862792969),(-0.47975280880928,0.132499039173126,0.906303226947784),(-0.48291540145874,0.138213947415352,0.883728265762329),(-0.479860842227936,0.143594548106194,0.848337531089783),(-0.464771598577499,0.110484436154366,0.841144561767578),(-0.465516895055771,0.106358923017979,0.876820683479309),(-0.454481840133667,0.0926491171121597,0.897342681884766),(-0.452290952205658,0.133243903517723,0.848472058773041),(-0.450963765382767,0.118239536881447,0.881013572216034),(-0.451295375823975,0.105681858956814,0.900370895862579),(-0.450442314147949,0.142929911613464,0.850603878498077),(-0.438965380191803,0.133573681116104,0.885442435741425),(-0.446622759103775,0.125149428844452,0.904785692691803),(-0.456554412841797,0.170260921120644,0.749535322189331),(-0.464563220739365,0.172061160206795,0.749894917011261),(-0.462985813617706,0.17878332734108,0.751375615596771),(-0.454976856708527,0.176983073353767,0.751016020774841),(-0.470847517251968,0.107701018452644,0.744396805763245),(-0.478856265544891,0.109501287341118,0.744756162166595),(-0.477278798818588,0.11622342467308,0.74623692035675),(-0.469269990921021,0.114423170685768,0.745877504348755),(-0.466141641139984,0.130051031708717,0.737309515476227),(-0.474150508642197,0.13185128569603,0.737669050693512),(-0.472573131322861,0.138573452830315,0.739149808883667),(-0.464564055204391,0.136773198843002,0.738790273666382),(-0.461353063583374,0.151586785912514,0.736147046089172),(-0.469361811876297,0.153387010097504,0.736506581306458),(-0.467784404754639,0.160109162330627,0.737987339496613),(-0.459775626659393,0.158308938145638,0.737627744674683),(-0.472062557935715,0.14893427491188,0.817829012870789),(-0.453886806964874,0.144848734140396,0.817013025283813),(-0.467908829450607,0.16663484275341,0.821727991104126),(-0.449732959270477,0.162549301981926,0.820912003517151),(-0.476290315389633,0.130919769406319,0.813855946063995),(-0.458114594221115,0.12683416903019,0.81303995847702),(-0.472136467695236,0.148620322346687,0.817754983901978),(-0.453960686922073,0.144534736871719,0.816938996315002),(-0.48050320148468,0.112966008484364,0.809907853603363),(-0.46232745051384,0.108880415558815,0.809091985225677),(-0.476349472999573,0.130666583776474,0.813806772232056),(-0.458173632621765,0.126580983400345,0.812990963459015),(-0.484722375869751,0.0949834138154984,0.805967211723328),(-0.466546505689621,0.090897835791111,0.805151224136353),(-0.480568528175354,0.112683966755867,0.80986624956131),(-0.462392687797546,0.108598403632641,0.809050261974335),(-0.475564658641815,0.0917300879955292,0.81317138671875),(-0.458949595689774,0.162532359361649,0.828767359256744),(-0.471410930156708,0.109430648386478,0.817070364952087),(-0.467257082462311,0.127131208777428,0.82096940279007),(-0.463103324174881,0.144831776618958,0.824868321418762),(-0.458693981170654,0.163222149014473,0.852733731269836),(-0.454022258520126,0.17614957690239,0.883703470230103),(-0.45915099978447,0.149455681443214,0.916800558567047),(-0.475831300020218,0.0756428241729736,0.893746316432953),(-0.479896754026413,0.0754988640546799,0.869991600513458),(-0.477873265743256,0.0814937576651573,0.834730982780457),(-0.460558712482452,0.171161040663719,0.749715030193329),(-0.458981275558472,0.177883192896843,0.751195728778839),(-0.474851816892624,0.108601145446301,0.744576394557953),(-0.473274290561676,0.115323297679424,0.746057152748108),(-0.470146119594574,0.130951166152954,0.737489283084869),(-0.468568623065948,0.137673318386078,0.73896998167038),(-0.465357571840286,0.152486905455589,0.73632675409317),(-0.463779926300049,0.159209057688713,0.737807512283325),(-0.458528727293015,0.16583688557148,0.821594297885895),(-0.462974637746811,0.146891489624977,0.817421078681946),(-0.463048696517944,0.146577566862106,0.8173468708992),(-0.467202574014664,0.128876984119415,0.813447892665863),(-0.467261552810669,0.128623768687248,0.813398957252502),(-0.471415281295776,0.110923208296299,0.80949991941452),(-0.47148060798645,0.110641211271286,0.809458255767822),(-0.475634455680847,0.0929406359791756,0.805559277534485),(-0.469551771879196,0.154157519340515,0.804425597190857),(-0.469541639089584,0.158547192811966,0.787918329238892),(-0.46657383441925,0.164846688508987,0.771579682826996),(-0.466239660978317,0.168271005153656,0.807534456253052),(-0.466127395629883,0.173096552491188,0.79112321138382),(-0.464151948690414,0.175167456269264,0.773853063583374),(-0.451747477054596,0.165013417601585,0.806883990764618),(-0.451187312602997,0.169738322496414,0.790452420711517),(-0.453554093837738,0.172785252332687,0.773377418518066),(-0.455976039171219,0.162464514374733,0.771103918552399),(-0.454601585865021,0.155188947916031,0.787247598171234),(-0.455059468746185,0.150899916887283,0.803775072097778),(-0.458682745695114,0.174702197313309,0.773775041103363),(-0.45841720700264,0.172440633177757,0.791013240814209),(-0.458760499954224,0.16763474047184,0.807427942752838),(-0.461274862289429,0.16365559399128,0.771341860294342),(-0.462071597576141,0.156868055462837,0.787582993507385),(-0.462305516004562,0.152528688311577,0.804100394248962),(-0.473951756954193,0.135765716433525,0.799142599105835),(-0.474701166152954,0.139943942427635,0.778660595417023),(-0.471889674663544,0.145851343870163,0.760612189769745),(-0.47062736749649,0.149932354688644,0.802263081073761),(-0.471042603254318,0.15553392469883,0.782094717025757),(-0.469227313995361,0.157196551561356,0.763111174106598),(-0.456080406904221,0.146662473678589,0.801610052585602),(-0.455034255981445,0.151935562491417,0.78137594461441),(-0.457577496767044,0.154577925801277,0.762588202953339),(-0.460239887237549,0.143232733011246,0.760089099407196),(-0.458692818880081,0.136345580220222,0.777941882610321),(-0.459404796361923,0.13249583542347,0.798489511013031),(-0.463402509689331,0.155887261033058,0.762849688529968),(-0.463038384914398,0.153734758496284,0.781735301017761),(-0.463353842496872,0.148297369480133,0.801936626434326),(-0.466064780950546,0.144542068243027,0.76035064458847),(-0.466697007417679,0.13814477622509,0.778301179409027),(-0.466678261756897,0.134130731225014,0.7988161444664),(-0.477903991937637,0.117515221238136,0.795256078243256),(-0.478178054094315,0.120672293007374,0.778384745121002),(-0.475877523422241,0.125673115253448,0.760486483573914),(-0.474720448255539,0.13108104467392,0.79824435710907),(-0.474896311759949,0.134657070040703,0.781465232372284),(-0.473455518484116,0.135993868112564,0.762759923934937),(-0.460790514945984,0.127949833869934,0.797618985176086),(-0.460536152124405,0.131429180502892,0.780820608139038),(-0.462857514619827,0.133611664175987,0.762284159660339),(-0.465279698371887,0.123290926218033,0.760010659694672),(-0.463817954063416,0.11744437366724,0.777740061283112),(-0.463973999023438,0.114384010434151,0.794630825519562),(-0.468156665563583,0.134802788496017,0.762521862983704),(-0.467716187238693,0.133043169975281,0.781142950057983),(-0.467755407094955,0.129515439271927,0.797931730747223),(-0.470578551292419,0.124482043087482,0.760248482227325),(-0.470998018980026,0.119058363139629,0.778062403202057),(-0.470938980579376,0.115949608385563,0.794943451881409),(-0.482046216726303,0.0987133085727692,0.793596923351288),(-0.48243123292923,0.100745812058449,0.779774129390717),(-0.480452418327332,0.104496784508228,0.764609694480896),(-0.47893163561821,0.111985668540001,0.796520531177521),(-0.479220420122147,0.114428080618382,0.782787978649139),(-0.478030413389206,0.114817537367344,0.766883134841919),(-0.465302914381027,0.10892216861248,0.795908749103546),(-0.465170949697495,0.111270017921925,0.782157242298126),(-0.467432677745819,0.112435318529606,0.766407489776611),(-0.469854533672333,0.10211456567049,0.764134109020233),(-0.468381762504578,0.0975877493619919,0.779143393039703),(-0.468417584896088,0.0956498011946678,0.792985200881958),(-0.472731590270996,0.113626427948475,0.766645312309265),(-0.472195744514465,0.112849049270153,0.782472610473633),(-0.472117334604263,0.11045391112566,0.796214699745178),(-0.475153505802155,0.103305652737617,0.764371931552887),(-0.475406557321548,0.0991667807102203,0.77945876121521),(-0.475231945514679,0.0971815511584282,0.793291091918945),(-0.461228787899017,0.167444825172424,0.753398418426514),(-0.454928338527679,0.166028618812561,0.753115653991699),(-0.464649498462677,0.181132465600967,0.756384432315826),(-0.467529237270355,0.168861016631126,0.753681361675262),(-0.458349019289017,0.179716229438782,0.756101608276367),(-0.452048629522324,0.17830003798008,0.755818724632263),(-0.475521802902222,0.104884922504425,0.748259902000427),(-0.469221413135529,0.103468701243401,0.747976958751678),(-0.478942483663559,0.11857258528471,0.751245737075806),(-0.481822162866592,0.106301136314869,0.748542726039886),(-0.472642004489899,0.117156349122524,0.750963032245636),(-0.466341644525528,0.115740105509758,0.750680088996887),(-0.470816135406494,0.127234980463982,0.741172552108765),(-0.464515715837479,0.125818759202957,0.74088978767395),(-0.474236875772476,0.140922605991364,0.744158565998077),(-0.477116584777832,0.128651186823845,0.741455435752869),(-0.467936396598816,0.139506414532661,0.743875682353973),(-0.461635857820511,0.138090193271637,0.743592977523804),(-0.466027349233627,0.148770689964294,0.740010201931),(-0.459726959466934,0.147354453802109,0.739727377891541),(-0.469448089599609,0.162458330392838,0.742996156215668),(-0.472327888011932,0.150186896324158,0.740293085575104),(-0.463147729635239,0.161042124032974,0.742713212966919),(-0.456847280263901,0.159625917673111,0.742430448532104),(-0.446465343236923,0.198485538363457,0.813617825508118),(-0.456123143434525,0.200656443834305,0.814051330089569),(-0.454329460859299,0.207738667726517,0.81854921579361),(-0.444671541452408,0.205567747354507,0.818115592002869),(-0.451294302940369,0.199570968747139,0.813834667205811),(-0.449500471353531,0.206653192639351,0.818332493305206),(-0.465803802013397,0.169182881712914,0.85736471414566),(-0.464450806379318,0.176750048995018,0.846238911151886),(-0.459901303052902,0.187321707606316,0.833266019821167),(-0.46185901761055,0.184756681323051,0.867255210876465),(-0.46056804060936,0.192078784108162,0.855973720550537),(-0.457146912813187,0.198195293545723,0.840171456336975),(-0.443554997444153,0.180642291903496,0.866433560848236),(-0.442552119493484,0.188029140233994,0.855164885520935),(-0.444366961717606,0.195322588086128,0.839597821235657),(-0.447121351957321,0.184449031949043,0.832692325115204),(-0.446434646844864,0.172700390219688,0.845430254936218),(-0.447499632835388,0.165068477392197,0.856543064117432),(-0.450563311576843,0.197523653507233,0.840370297431946),(-0.451287150382996,0.191131964325905,0.856253921985626),(-0.452429592609406,0.185085892677307,0.867539823055267),(-0.453511089086533,0.185885339975357,0.832979202270508),(-0.455442756414413,0.174725219607353,0.84583455324173),(-0.456747382879257,0.166978284716606,0.855559468269348),(-0.452402621507645,0.194093987345695,0.816570222377777),(-0.444804936647415,0.192386195063591,0.816229164600372),(-0.456725627183914,0.208730593323708,0.825121998786926),(-0.460000336170197,0.195801824331284,0.816911339759827),(-0.449127972126007,0.207022801041603,0.824780941009521),(-0.4415303170681,0.205314949154854,0.824439942836761),(-0.2696912586689,-0.0272767245769501,1.21677577495575),(-0.315962344408035,0.0071881590411067,1.23287916183472),(-0.328653872013092,0.0776709243655205,1.20429873466492),(-0.331043690443039,0.122273907065392,1.22953033447266),(-0.286871045827866,0.182507783174515,1.21503114700317),(-0.226271390914917,0.196474611759186,1.21503114700317),(-0.211320236325264,-0.0359623804688454,1.21417856216431),(-0.219967529177666,0.0296701323240995,1.51083242893219),(-0.213694512844086,0.0685627683997154,1.66457712650299),(-0.233393043279648,0.0470772087574005,1.50483906269073),(-0.226172372698784,0.0836797207593918,1.65961802005768),(-0.24237123131752,0.0820297002792358,1.49248075485229),(-0.235009104013443,0.114519558846951,1.6479332447052),(-0.232198745012283,0.127684354782104,1.47241926193237),(-0.226172342896461,0.145359367132187,1.63624846935272),(-0.217346742749214,0.152231320738792,1.46059274673462),(-0.212252452969551,0.159137159585953,1.62845432758331),(-0.218340173363686,0.0431088395416737,1.65233600139618),(-0.219958335161209,0.0257102455943823,1.6242915391922),(-0.223542764782906,0.0181767735630274,1.58811509609222),(-0.22085677087307,0.0165257379412651,1.54501283168793),(-0.237064003944397,0.0658277794718742,1.64129793643951),(-0.239601910114288,0.0513186790049076,1.61149930953979),(-0.242585435509682,0.0449987575411797,1.57451713085175),(-0.236362412571907,0.0454589836299419,1.53338134288788),(-0.246503263711929,0.101251810789108,1.62621974945068),(-0.250818938016891,0.0929904729127884,1.5940248966217),(-0.254634886980057,0.0895757749676704,1.55594193935394),(-0.247426986694336,0.0865987315773964,1.51610851287842),(-0.235100120306015,0.141048103570938,1.61114156246185),(-0.237603634595871,0.139111146330833,1.57655036449432),(-0.240587159991264,0.138601690530777,1.5409334897995),(-0.23436413705349,0.132187381386757,1.49883556365967),(-0.214122593402863,0.159272849559784,1.6001033782959),(-0.214740991592407,0.157979518175125,1.56797921657562),(-0.217376917600632,0.165453419089317,1.53219199180603),(-0.218333721160889,0.156418681144714,1.48765504360199),(-0.21293431520462,0.0861122980713844,1.6652125120163),(-0.21283458173275,0.113064251840115,1.66174924373627),(-0.209757938981056,0.142750322818756,1.64754951000214),(-0.199088543653488,0.0193367935717106,1.51458597183228),(-0.19966222345829,0.0584550797939301,1.66607093811035),(-0.198666229844093,0.171540766954422,1.4500572681427),(-0.19705918431282,0.1682059019804,1.62567329406738),(-0.196986898779869,0.171595916152,1.48174941539764),(-0.197383463382721,0.184309273958206,1.52834618091583),(-0.197217732667923,0.173565417528152,1.56411850452423),(-0.196627110242844,0.173757880926132,1.59688866138458),(-0.200176239013672,0.00527916615828872,1.55027067661285),(-0.203133672475815,0.00706540234386921,1.59355854988098),(-0.203350514173508,0.0159644167870283,1.6285320520401),(-0.202456712722778,0.0350354723632336,1.6547212600708),(-0.198883533477783,0.0860266983509064,1.66869103908539),(-0.19883368909359,0.114319525659084,1.66392421722412),(-0.197295337915421,0.143979415297508,1.64939546585083),(-0.321444869041443,0.159758687019348,-0.00205055042169988),(-0.321884632110596,0.158794075250626,0.0251624323427677),(-0.312147706747055,-0.0126914838328958,0.00473017804324627),(-0.394976764917374,0.136224761605263,-0.00105566019192338),(-0.394046038389206,0.136573508381844,0.0217211190611124),(-0.36277824640274,-0.0220395755022764,0.00491270469501615),(-0.320259988307953,0.0623636171221733,0.0176423732191324),(-0.377716541290283,0.0547490827739239,0.0110278939828277),(-0.372871726751328,0.00807118602097034,0.00513559998944402),(-0.309987485408783,0.0137265315279365,0.00470847450196743),(-0.351849317550659,-0.0279833357781172,0.00477119768038392),(-0.340873897075653,-0.0296169780194759,0.00462610926479101),(-0.330874353647232,-0.028448449447751,0.00500147230923176),(-0.321490108966827,-0.0244356114417315,0.00487309554591775),(-0.338114619255066,0.156617149710655,-0.00309069245122373),(-0.351422160863876,0.153320968151093,-0.00309069245122373),(-0.365638017654419,0.147800490260124,-0.00309069245122373),(-0.381380289793015,0.137993901968002,-0.00309069245122373),(-0.381829857826233,0.137967944145203,0.0251608043909073),(-0.366103261709213,0.147773623466492,0.0268838480114937),(-0.351887434720993,0.153294146060944,0.0263100061565638),(-0.338575094938278,0.157852306962013,0.0257947649806738),(-0.367815613746643,0.0558329746127129,0.00373485358431935),(-0.352601587772369,0.0575665608048439,0.00353040616028011),(-0.339187562465668,0.0590950362384319,0.00335004972293973),(-0.33132466673851,0.0604735128581524,0.00318749039433897),(-0.360768496990204,1.03988597288662E-07,-1.0851769616238E-07),(-0.345416396856308,-0.00439741788432002,-0.000204447336727753),(-0.332002401351929,-0.00286894361488521,-0.000384912273148075),(-0.320042818784714,0.00464061927050352,-0.000547471805475652),(-0.339318931102753,0.198349371552467,-0.00176645105239004),(-0.339579939842224,0.199301704764366,0.00986642856150866),(-0.328130483627319,0.20060633122921,0.00971255078911781),(-0.327869474887848,0.199653998017311,-0.00192043767310679),(-0.394437342882156,0.164780452847481,-0.000673352333251387),(-0.394641250371933,0.165524423122406,0.00841457024216652),(-0.387757033109665,0.166308864951134,0.00832200516015291),(-0.387553095817566,0.165564894676208,-0.000765809381846339),(-0.38176029920578,0.178478792309761,-0.000896790239494294),(-0.381964206695557,0.179222762584686,0.00819113291800022),(-0.375079959630966,0.180007189512253,0.00809856690466404),(-0.37487605214119,0.179263234138489,-0.000989247346296906),(-0.367910265922546,0.186568215489388,-0.00113194808363914),(-0.368114173412323,0.187312185764313,0.00795597489923239),(-0.361229956150055,0.188096642494202,0.00786340888589621),(-0.361026048660278,0.187352672219276,-0.0012244051322341),(-0.353614896535873,0.193380087614059,-0.00136287370696664),(-0.35381880402565,0.194124042987823,0.00772483227774501),(-0.346934527158737,0.194908499717712,0.00763226673007011),(-0.346730649471283,0.194164529442787,-0.00145543937105685),(-0.34062534570694,0.19208736717701,0.0135559225454926),(-0.340230792760849,0.190647929906845,-0.00402720039710402),(-0.325429677963257,0.193818867206573,0.0133516918867826),(-0.325035125017166,0.192379415035248,-0.00423153908923268),(-0.39593705534935,0.157070770859718,0.0128478445112705),(-0.395571857690811,0.155738160014153,-0.00343024428002536),(-0.384526044130325,0.15837100148201,0.0126945087686181),(-0.384160786867142,0.157038405537605,-0.00358368828892708),(-0.383260041475296,0.170769095420837,0.0126241892576218),(-0.382894784212112,0.169436499476433,-0.00365379080176353),(-0.371848970651627,0.172069326043129,0.0124708535149693),(-0.371483743190765,0.170736759901047,-0.00380712631158531),(-0.369410008192062,0.178858518600464,0.0123891402035952),(-0.369044750928879,0.177525922656059,-0.00388884008862078),(-0.357998937368393,0.180158764123917,0.0122356954962015),(-0.357633739709854,0.178826183080673,-0.00404239259660244),(-0.355114609003067,0.185670390725136,0.0121579971164465),(-0.354749351739883,0.184337794780731,-0.00411987444385886),(-0.343703538179398,0.186970636248589,0.0120045533403754),(-0.343338310718536,0.185638025403023,-0.00427342671900988),(-0.34049266576767,0.198198288679123,0.0115983709692955),(-0.340159356594086,0.19698204100132,-0.00325813540257514),(-0.327013581991196,0.199734196066856,0.0114172557368875),(-0.326680213212967,0.198517948389053,-0.00343925133347511),(-0.39574921131134,0.164231896400452,0.0105035360902548),(-0.395457893610001,0.163169026374817,-0.00247962935827672),(-0.386412411928177,0.165295764803886,0.0103780897334218),(-0.386121094226837,0.164232909679413,-0.00260518444702029),(-0.383072197437286,0.177930235862732,0.0102802067995071),(-0.382780820131302,0.176867365837097,-0.0027031758800149),(-0.373735368251801,0.178994119167328,0.0101545434445143),(-0.373444050550461,0.177931234240532,-0.00282873073592782),(-0.369222164154053,0.186019629240036,0.0100448317825794),(-0.368930846452713,0.184956759214401,-0.00293822516687214),(-0.359885364770889,0.187083527445793,0.00991938542574644),(-0.35959404706955,0.18602067232132,-0.00306378002278507),(-0.354926764965057,0.192831516265869,0.00981368962675333),(-0.354635447263718,0.191768646240234,-0.00316936778835952),(-0.345589965581894,0.193895414471626,0.009688351303339),(-0.345298647880554,0.192832559347153,-0.00329492287710309),(-0.351945549249649,0.158759847283363,0.0210052281618118),(-0.353718101978302,0.173972755670547,0.0151578607037663),(-0.353323966264725,0.172534704208374,-0.00240855035372078),(-0.351658761501312,0.15877640247345,-0.000375579751562327),(-0.339164078235626,0.160216256976128,0.0208336617797613),(-0.341621845960617,0.175351083278656,0.0149951921775937),(-0.338877320289612,0.160232797265053,-0.000547471805475652),(-0.34122771024704,0.173913031816483,-0.00257121818140149),(-0.339683502912521,0.168580561876297,0.0219008252024651),(-0.340717077255249,0.179328113794327,0.0165695678442717),(-0.340291410684586,0.177774980664253,-0.00240236474201083),(-0.339561969041824,0.167578876018524,-0.000273030513199046),(-0.32184225320816,0.17092964053154,0.0211699586361647),(-0.322813123464584,0.181368231773376,0.0163288749754429),(-0.32152658700943,0.170947834849358,-0.000507645774632692),(-0.322387397289276,0.179815098643303,-0.00264305691234767),(-0.366665095090866,0.155354455113411,0.021204574033618),(-0.368223041296005,0.168858245015144,0.0152273112908006),(-0.367828905582428,0.167420193552971,-0.0023388818372041),(-0.366378307342529,0.15537104010582,-0.00017644977197051),(-0.352906793355942,0.156922191381454,0.0210196599364281),(-0.355638355016708,0.170292213559151,0.0150583498179913),(-0.352620005607605,0.15693873167038,-0.000361363927368075),(-0.355244219303131,0.168854176998138,-0.00250816950574517),(-0.382571995258331,0.151370882987976,0.0210581850260496),(-0.38309833407402,0.162814348936081,0.0152698503807187),(-0.382704198360443,0.161376267671585,-0.00229645147919655),(-0.382285207509995,0.151387438178062,3.90663699363358E-05),(-0.367477834224701,0.153090834617615,0.0208553653210402),(-0.369845777750015,0.164324417710304,0.0150917731225491),(-0.367191046476364,0.153107389807701,-0.00016375319682993),(-0.369451582431793,0.162886381149292,-0.00247474596835673),(-0.396575748920441,0.145868703722954,0.019015122205019),(-0.396269500255585,0.15116648375988,0.0148255787789822),(-0.395875334739685,0.149728432297707,-0.00274083134718239),(-0.396288990974426,0.145885244011879,-0.000241777423070744),(-0.383056730031967,0.147409126162529,0.0188332460820675),(-0.383804470300674,0.152586817741394,0.0146580282598734),(-0.382769972085953,0.147425696253777,-0.000423653080360964),(-0.383410334587097,0.151148751378059,-0.00290849129669368),(-0.318094283342361,0.158918216824532,0.0151805402711034),(-0.308061242103577,-0.0201719421893358,0.0345417261123657),(-0.361728370189667,-0.0263755898922682,0.0352498032152653),(-0.397371977567673,0.135967761278152,0.0175233297049999),(-0.378819346427917,0.045864786952734,0.0364469699561596),(-0.31513524055481,0.0621282756328583,0.0355218574404716),(-0.375909209251404,0.00735363410785794,0.0364923290908337),(-0.303243637084961,0.0166728720068932,0.0354659706354141),(-0.381660133600235,0.137977749109268,0.0136077934876084),(-0.365917861461639,0.147784352302551,0.00994510389864445),(-0.351702004671097,0.153304859995842,0.0104611059650779),(-0.338394463062286,0.157862722873688,0.0135458298027515),(-0.316782802343369,-0.0315316058695316,0.0346602275967598),(-0.328480690717697,-0.0380286760628223,0.0346262603998184),(-0.336469411849976,-0.038960438221693,0.0347335860133171),(-0.351321071386337,-0.0355599075555801,0.0351245738565922),(-0.340428084135056,0.191367641091347,0.00476457783952355),(-0.323184311389923,0.193332552909851,0.00453267572447658),(-0.397698849439621,0.156182929873466,0.00473506096750498),(-0.384343415498734,0.157704710960388,0.00455546425655484),(-0.383077383041382,0.170102804899216,0.0044851447455585),(-0.371666312217712,0.17140306532383,0.00433180946856737),(-0.369227379560471,0.178192228078842,0.00425020419061184),(-0.357816308736801,0.179492458701134,0.00409675994887948),(-0.354931980371475,0.185004100203514,0.0040191700682044),(-0.343520939350128,0.186304330825806,0.00386572582647204),(-0.340326011180878,0.197590157389641,0.00417033489793539),(-0.326846897602081,0.199126079678535,0.00398900220170617),(-0.395603567361832,0.163700461387634,0.00401189923286438),(-0.386266767978668,0.164764329791069,0.00388634414412081),(-0.382926493883133,0.177398771047592,0.00378846121020615),(-0.373589724302292,0.17846268415451,0.00366301485337317),(-0.369076490402222,0.185488224029541,0.00355330342426896),(-0.359739720821381,0.186552107334137,0.00342774856835604),(-0.354781091213226,0.192300066351891,0.00332226930186152),(-0.345444321632385,0.193363964557648,0.0031968227121979),(-0.339449435472488,0.198825553059578,0.00404998892918229),(-0.328000009059906,0.200130179524422,0.0038961109239608),(-0.394539296627045,0.165152460336685,0.0038705007173121),(-0.387655079364777,0.165936887264252,0.00377804366871715),(-0.381862223148346,0.178850769996643,0.00364727969281375),(-0.374978005886078,0.179635211825371,0.00355471414513886),(-0.368012249469757,0.18694019317627,0.00341201340779662),(-0.361128002405167,0.187724649906158,0.00331944786012173),(-0.353716850280762,0.193752065300941,0.00318097928538918),(-0.346832603216171,0.194536492228508,0.00308841373771429),(-0.33905154466629,0.160222768783569,0.0122224567458034),(-0.341424763202667,0.17463207244873,0.00621209573000669),(-0.351833045482635,0.158766359090805,0.0139686148613691),(-0.353521019220352,0.173253744840622,0.00637476332485676),(-0.318870335817337,0.171261131763458,0.0106803113594651),(-0.320493370294571,0.180831745266914,0.00681480299681425),(-0.339750647544861,0.167567998170853,0.0116438400000334),(-0.340504229068756,0.178551569581032,0.00708360131829977),(-0.352794289588928,0.156928673386574,0.0139829395338893),(-0.355441302061081,0.169573187828064,0.00627503590658307),(-0.366552591323853,0.155360966920853,0.0141678536310792),(-0.368025988340378,0.168139234185219,0.00644421484321356),(-0.367365330457687,0.153097316622734,0.0141804413869977),(-0.369648665189743,0.163605391979218,0.00630856771022081),(-0.382459491491318,0.151377364993095,0.0143833691254258),(-0.382901281118393,0.162095308303833,0.00648664543405175),(-0.382944226264954,0.147415637969971,0.0106396172195673),(-0.383607387542725,0.151867792010307,0.00587471388280392),(-0.398519158363342,0.145640924572945,0.0108489478006959),(-0.398072570562363,0.150219559669495,0.00606928626075387),(-0.322753846645355,0.0980719402432442,0.0183080211281776),(-0.379978984594345,0.0869383215904236,0.0453073307871819),(-0.327922582626343,0.0952334254980087,0.0507034845650196),(-0.383975267410278,0.089747317135334,0.00734046241268516),(-0.370272129774094,0.0878361314535141,0.0521437302231789),(-0.353335469961166,0.0911878123879433,0.0556369125843048),(-0.343798726797104,0.0926009714603424,0.0564433075487614),(-0.333178162574768,0.0938403382897377,0.0556046850979328),(-0.335136741399765,0.0977062806487083,0.00338987587019801),(-0.343628078699112,0.0958858206868172,0.00314516830258071),(-0.357738763093948,0.0938672870397568,0.00287398276850581),(-0.373743057250977,0.0915778875350952,0.00256611802615225),(-0.319358825683594,0.0975255221128464,0.0294741652905941),(-0.386863321065903,0.0877671539783478,0.0285187754780054),(-0.365750551223755,0.0147471586242318,0.103764727711678),(-0.319540530443192,-0.0110038612037897,0.103286601603031),(-0.330549836158752,-0.0209600850939751,0.103260882198811),(-0.357398092746735,0.0351920798420906,0.103665165603161),(-0.345293045043945,-0.0179634261876345,0.103583991527557),(-0.318143576383591,0.0381226912140846,0.103243194520473),(-0.343220740556717,0.0501488335430622,0.103493981063366),(-0.358641594648361,-0.00206437800079584,0.10366402566433),(-0.313752412796021,0.0146818347275257,0.10321107506752),(-0.327043116092682,0.0529436953365803,0.103324361145496),(-0.321373522281647,0.140921205282211,0.00353431282564998),(-0.390528678894043,0.125485569238663,0.0261343158781528),(-0.378689289093018,0.128636121749878,0.0295291841030121),(-0.363230377435684,0.132650852203369,0.0320614464581013),(-0.350161731243134,0.135966062545776,0.0330216102302074),(-0.339340627193451,0.138662397861481,0.0341705940663815),(-0.33683505654335,0.136866450309753,-0.00255787069909275),(-0.349592447280884,0.133646383881569,-0.00252976454794407),(-0.363705039024353,0.130080983042717,-0.00255005736835301),(-0.379951655864716,0.125970497727394,-0.00266736489720643),(-0.394565314054489,0.123660787940025,0.0191102921962738),(-0.322485536336899,0.142503023147583,0.0326237827539444),(-0.391485095024109,0.123273327946663,0.00073216890450567),(-0.318399727344513,0.142602935433388,0.0182115491479635),(-0.390714317560196,0.105713970959187,0.0238144248723984),(-0.376847326755524,0.108774185180664,-5.05692478327546E-05),(-0.360721915960312,0.111974127590656,0.000161908406880684),(-0.346610277891159,0.114766091108322,0.000307756185065955),(-0.333868563175201,0.117286361753941,0.000415948336012661),(-0.336259424686432,0.11625137925148,0.0448875837028027),(-0.34698024392128,0.114283517003059,0.0447324067354202),(-0.358282923698425,0.111919328570366,0.0438492894172668),(-0.374480694532394,0.108236126601696,0.040836401283741),(-0.385253846645355,0.106211952865124,0.0357208773493767),(-0.322756081819534,0.120575949549675,0.00947912968695164),(-0.319571644067764,0.121143586933613,0.0238428562879562),(-0.387730181217194,0.106510311365128,0.00403631571680307),(-0.325115829706192,0.119947589933872,0.0416636317968369),(-0.180384278297424,-0.000755529559683055,0.901206493377686),(-0.180384278297424,-0.0187893249094486,1.41583108901978),(-0.105756752192974,-0.0200174786150455,0.934216499328613),(-0.106594540178776,-0.0205998513847589,1.4085967540741),(-0.0586943179368973,0.0463053472340107,0.940575301647186),(-0.0612128786742687,0.00552742974832654,1.40636539459229),(-0.0371258147060871,0.0921812132000923,0.931135356426239),(-0.0504256673157215,0.0387275330722332,1.40974235534668),(-0.0558001063764095,0.138057097792625,0.917340040206909),(-0.0673638209700584,0.0791388601064682,1.41707909107208),(-0.0908789038658142,0.171640574932098,0.891623795032501),(-0.112249374389648,0.104533359408379,1.41354084014893),(-0.18038421869278,0.190452441573143,0.854012310504913),(-0.180384248495102,0.113828420639038,1.41026473045349),(-0.180384263396263,0.0319395996630192,1.07936084270477),(-0.180384278297424,-0.00174064643215388,1.16380512714386),(-0.180384293198586,-0.0304241590201855,1.24650073051453),(-0.180384293198586,-0.0415536053478718,1.33634078502655),(-0.0851025655865669,-0.0464629791676998,1.328733086586),(-0.0768090486526489,-0.0305883269757032,1.24609291553497),(-0.105662025511265,-0.0122882453724742,1.16380500793457),(-0.112633399665356,0.015734052285552,1.07803046703339),(-0.0242715049535036,-0.0091587845236063,1.31027173995972),(-0.00146895833313465,0.0154447751119733,1.26818907260895),(-0.0557838082313538,0.038020808249712,1.16380488872528),(-0.0734716504812241,0.0505022443830967,1.06819725036621),(0.0253315549343824,0.118788726627827,1.28758311271667),(-0.0358269102871418,0.0969015434384346,1.16750335693359),(-0.0572633855044842,0.0979964807629585,1.05476486682892),(-0.0387018993496895,0.120837397873402,1.33634066581726),(-0.015649352222681,0.121026270091534,1.27509427070618),(-0.055783785879612,0.147840231657028,1.16380488872528),(-0.0734716355800629,0.145490720868111,1.04133272171021),(-0.0876355841755867,0.166201859712601,1.31088018417358),(-0.0694689825177193,0.186836570501328,1.22725522518158),(-0.105661951005459,0.187690258026123,1.16380488872528),(-0.117753438651562,0.180258929729462,1.03149938583374),(-0.18038421869278,0.180535227060318,1.3174797296524),(-0.18038421869278,0.202510967850685,1.26201844215393),(-0.18038421869278,0.20240330696106,1.16380488872528),(-0.18038421869278,0.192984953522682,1.02790033817291),(-0.14821383357048,0.00950497761368752,1.46066951751709),(-0.180384278297424,0.00227655656635761,1.46256899833679),(-0.118529692292213,0.0272319577634335,1.4554797410965),(-0.106624417006969,0.0572098977863789,1.44735038280487),(-0.118529684841633,0.0871878489851952,1.4413013458252),(-0.148213803768158,0.109804414212704,1.43442630767822),(-0.180384233593941,0.125833407044411,1.43252682685852),(-0.148966297507286,0.0227319821715355,1.49426054954529),(-0.180384278297424,0.0122750578448176,1.49792873859406),(-0.132074519991875,0.0430061630904675,1.48726737499237),(-0.12492248415947,0.0731893181800842,1.47631299495697),(-0.132074505090714,0.103372439742088,1.46535885334015),(-0.151614263653755,0.122925966978073,1.45865023136139),(-0.180384233593941,0.131013542413712,1.45571494102478),(0.00695381965488195,0.0177028495818377,1.37564659118652),(0.00600611511617899,-0.000778094225097448,1.36815142631531),(-0.00691751157864928,0.0510001257061958,1.37663817405701),(0.0486450418829918,0.00914567895233631,1.36051750183105),(0.0686401501297951,0.0681179240345955,1.39109086990356),(0.0319736078381538,0.018309386447072,1.36873912811279),(0.0411908626556396,0.0750633478164673,1.40525639057159),(0.00742564676329494,0.0358647890388966,1.35807454586029),(0.00617216201499104,0.0861581489443779,1.39040005207062),(-0.180384233593941,0.14430832862854,1.37427592277527),(-0.105078093707561,0.131692856550217,1.37411677837372),(-0.00606372160837054,0.0930699557065964,1.34132099151611),(-0.0499155446887016,0.103994570672512,1.37400031089783),(-0.00981687940657139,0.118256695568562,1.33833384513855),(-0.0231041498482227,0.0861294567584991,1.36948502063751),(-0.180384293198586,-0.0333313085138798,1.37390053272247),(0.0789026692509651,0.0673207864165306,1.33896172046661),(0.0448528602719307,0.00246038660407066,1.32993364334106),(-0.0396704152226448,-0.0177309233695269,1.35907804965973),(-0.094379149377346,-0.0388315692543983,1.3646092414856),(-0.00368525274097919,-0.0167076680809259,1.34748888015747),(0.0417358577251434,0.179976060986519,1.36244571208954),(0.00980352330952883,0.188533559441566,1.38843441009521),(-0.00253215059638023,0.170692726969719,1.41419720649719),(0.0750389248132706,0.169157192111015,1.36842095851898),(0.0486514046788216,0.135548263788223,1.45128786563873),(0.0134567441418767,0.147073000669479,1.44519925117493),(0.0810476541519165,0.137999325990677,1.43926644325256),(0.0937373638153076,0.15633824467659,1.4044703245163),(0.0565950721502304,0.251157909631729,1.45666182041168),(0.0347678773105145,0.249534532427788,1.47042286396027),(0.0282029304653406,0.236734867095947,1.49128365516663),(0.0801208689808846,0.240463078022003,1.45705819129944),(0.0629038140177727,0.206766992807388,1.50378108024597),(0.0398104377090931,0.218414440751076,1.50441634654999),(0.0846507325768471,0.209165990352631,1.49050748348236),(0.0917721092700958,0.223082393407822,1.4711229801178),(0.097733162343502,0.439545810222626,1.65429711341858),(0.076483465731144,0.434722185134888,1.6653265953064),(0.0731244087219238,0.426308929920197,1.67783045768738),(0.111795097589493,0.437012791633606,1.65390336513519),(0.108933046460152,0.418547451496124,1.68264007568359),(0.0843264162540436,0.419487923383713,1.68603944778442),(0.120024181902409,0.422618061304092,1.67401397228241),(0.123258255422115,0.430785536766052,1.66169095039368),(0.0958866700530052,0.242598608136177,1.48728203773499),(0.106550559401512,0.29458287358284,1.52506470680237),(0.107832543551922,0.336500644683838,1.5600334405899),(0.113778404891491,0.384640902280807,1.61637103557587),(0.0991725251078606,0.39494851231575,1.60623323917389),(0.0892174169421196,0.354005575180054,1.54908072948456),(0.0880736634135246,0.315475404262543,1.51109850406647),(0.0809313952922821,0.264269411563873,1.47098934650421),(0.0887543931603432,0.226525276899338,1.51165163516998),(0.103465773165226,0.278216123580933,1.55023539066315),(0.107804760336876,0.321259438991547,1.58281636238098),(0.113653495907784,0.373518794775009,1.63243865966797),(0.037371851503849,0.239718675613403,1.53387153148651),(0.0531104169785976,0.287205904722214,1.5788642168045),(0.0637438893318176,0.326006501913071,1.61187672615051),(0.076277531683445,0.371586203575134,1.64912629127502),(0.100097194314003,0.367824077606201,1.64463758468628),(0.0896683558821678,0.31714391708374,1.60401332378387),(0.0817037373781204,0.275424242019653,1.57214212417603),(0.0645478367805481,0.225260704755783,1.53044998645782),(0.080135315656662,0.398283690214157,1.60711586475372),(0.0625150203704834,0.363355040550232,1.55664122104645),(0.0583578310906887,0.328016519546509,1.51732397079468),(0.0521672032773495,0.278582960367203,1.47276854515076),(0.0617659315466881,0.393236428499222,1.62234449386597),(0.0438100248575211,0.358681589365005,1.578577876091),(0.0356838963925838,0.324402153491974,1.54034066200256),(0.0272734239697456,0.277437657117844,1.49301171302795),(0.0214424356818199,0.261295080184937,1.51876103878021),(0.0338307768106461,0.307313174009323,1.56593942642212),(0.0445649921894073,0.343047231435776,1.60156357288361),(0.0611096657812595,0.381906628608704,1.63931429386139),(-0.149860337376595,0.177786827087402,0.848857998847961),(-0.146316826343536,0.109180882573128,1.41155934333801),(-0.147998496890068,0.186621949076653,1.02969992160797),(-0.139729380607605,0.195046782493591,1.16380488872528),(-0.133767575025558,0.201724976301193,1.22725522518158),(-0.139484047889709,0.175599440932274,1.30999076366425),(-0.166459828615189,0.121817104518414,1.43347656726837),(-0.164960160851479,0.126969769597054,1.45718264579773),(-0.142731159925461,0.13800060749054,1.37419629096985),(-0.170167461037636,-0.0244103353470564,0.917489469051361),(-0.160357236862183,-0.0234027244150639,1.41583108901978),(-0.157057166099548,0.0141881564632058,1.07944273948669),(-0.15186707675457,-0.0196447595953941,1.16380512714386),(-0.149466782808304,-0.0462022684514523,1.24650073051453),(-0.155180335044861,-0.0579879656434059,1.33634078502655),(-0.171168088912964,0.00156663078814745,1.46161925792694),(-0.164960190653801,0.0163188297301531,1.49646103382111),(-0.156442165374756,-0.0449437871575356,1.37376737594604),(-0.166321754455566,0.17410908639431,0.815041661262512),(-0.170049279928207,0.0921814069151878,0.797836422920227),(-0.166762486100197,-0.00861650239676237,0.836924076080322),(-0.18038421869278,0.185156717896461,0.825525283813477),(-0.180384248495102,0.0921813696622849,0.807081937789917),(-0.180384278297424,0.00372615619562566,0.850589454174042),(-0.0822475627064705,0.00839527510106564,0.723984062671661),(-0.0365391559898853,0.0429705232381821,0.741500556468964),(-0.00430382322520018,0.0902011469006538,0.753853976726532),(-0.0284648928791285,0.137431874871254,0.744595050811768),(-0.0738502964377403,0.172007173299789,0.727202594280243),(-0.121093817055225,0.178334936499596,0.709097921848297),(-0.128586754202843,0.00206760922446847,0.70622593164444),(-0.151365771889687,0.148020446300507,0.697997629642487),(-0.159630253911018,0.0902013182640076,0.694108247756958),(-0.148153871297836,0.0210197027772665,0.699228048324585),(-0.157524764537811,0.153102830052376,0.756063342094421),(-0.123715907335281,0.186004415154457,0.788378059864044),(-0.165289774537086,0.0900524482131004,0.748440325260162),(-0.0811997503042221,0.179115295410156,0.810112416744232),(-0.126830607652664,-0.0225270185619593,0.823743283748627),(-0.154988884925842,0.0148356473073363,0.776673495769501),(-0.0403557755053043,0.141472801566124,0.831901252269745),(-0.0186123549938202,0.0900522097945213,0.843553066253662),(-0.0838815718889236,-0.0162733122706413,0.839491546154022),(-0.047622125595808,0.0348728969693184,0.841929852962494),(-0.132627680897713,0.181895583868027,0.826314866542816),(-0.0860393494367599,0.175377920269966,0.850868105888367),(-0.158394247293472,0.0127277728170156,0.817107975482941),(-0.0480779744684696,0.139764904975891,0.874620676040649),(-0.0278690923005342,0.0911166593432426,0.887344181537628),(-0.0515844449400902,0.0343859530985355,0.891252517700195),(-0.159861192107201,0.150543555617332,0.784790813922882),(-0.167385429143906,0.0911169201135635,0.775112628936768),(-0.153573393821716,-0.0326128341257572,0.860159814357758),(-0.0964040905237198,-0.0260952934622765,0.886105179786682),(-0.109930165112019,-0.00746307196095586,0.965317666530609),(-0.0672125816345215,0.0500971078872681,0.967846095561981),(-0.0456372909247875,0.0945826917886734,0.957461714744568),(-0.0639442652463913,0.13906829059124,0.943752229213715),(-0.10179041326046,0.17163397371769,0.921793341636658),(-0.18038421869278,0.183553859591484,0.901950836181641),(-0.180384278297424,0.00533305248245597,0.940968036651611),(-0.137225285172462,0.177593931555748,0.902376592159271),(-0.170997843146324,-0.0129379192367196,0.952973306179047),(-0.180384278297424,0.0145074706524611,0.992645978927612),(-0.111255310475826,0.0147918192669749,1.00302112102509),(-0.0701385289430618,0.0582125149667263,0.999368846416473),(-0.051358625292778,0.100454725325108,0.987460553646088),(-0.0679123848676682,0.142696931958199,0.973889768123627),(-0.107452034950256,0.173620373010635,0.957993805408478),(-0.18038421869278,0.184939131140709,0.946272790431976),(-0.138936877250671,0.179279774427414,0.947385549545288),(-0.162535533308983,0.00937499199062586,0.997748792171478),(-0.0782141834497452,0.0106267491355538,0.65307891368866),(-0.0342214331030846,0.0430723801255226,0.653079092502594),(-0.00319607555866241,0.0873938947916031,0.653079271316528),(-0.026450278237462,0.131715431809425,0.653079330921173),(-0.0701321288943291,0.164161026477814,0.653079330921173),(-0.115602381527424,0.17009899020195,0.653079330921173),(-0.122814059257507,0.00468879146501422,0.653078854084015),(-0.144458547234535,0.142165914177895,0.653079211711884),(-0.153248518705368,0.0873938873410225,0.653079092502594),(-0.141367211937904,0.0229877643287182,0.65307891368866),(-0.0722951218485832,0.0195836573839188,0.580686986446381),(-0.0362099818885326,0.0468049347400665,0.58068710565567),(-0.0107613205909729,0.0839898884296417,0.58068722486496),(-0.0298356264829636,0.12117487937212,0.580687284469604),(-0.0656657889485359,0.148396164178848,0.580687284469604),(-0.102962844073772,0.153378024697304,0.58068722486496),(-0.108878277242184,0.0146018099039793,0.580686926841736),(-0.125121757388115,0.130148112773895,0.580687165260315),(-0.133842214941978,0.0839899405837059,0.58068710565567),(-0.122586086392403,0.0301597528159618,0.580686926841736),(-0.0633514970541,0.0291087944060564,0.532841861248016),(-0.0328880995512009,0.0516077391803265,0.532841920852661),(-0.0114040980115533,0.0823418572545052,0.532841980457306),(-0.0275067705661058,0.113075986504555,0.532842099666595),(-0.057754959911108,0.13557493686676,0.532842099666595),(-0.0892414748668671,0.139692574739456,0.532842099666595),(-0.0942353457212448,0.0249912217259407,0.532841920852661),(-0.106049455702305,0.120682895183563,0.532841980457306),(-0.115310125052929,0.0823418945074081,0.532841920852661),(-0.103908836841583,0.0380404703319073,0.532841920852661),(-0.0498543605208397,0.00355819636024535,0.47113436460495),(-0.0233314167708158,0.0264861863106489,0.471134305000305),(-0.00462643010541797,0.0578063651919365,0.471134185791016),(-0.0186461862176657,0.0891265794634819,0.471134185791016),(-0.044981699436903,0.112054571509361,0.471134126186371),(-0.0723953619599342,0.116250731050968,0.471134126186371),(-0.0767433121800423,-0.000637875928077847,0.47113436460495),(-0.0870292186737061,0.0968785583972931,0.471134126186371),(-0.0950920060276985,0.0578064508736134,0.471134185791016),(-0.0851655229926109,0.0126602249220014,0.47113436460495),(-0.029139805585146,-0.0304804891347885,0.384863168001175),(-0.00643131695687771,-0.00687430892139673,0.38486310839653),(0.00958357192575932,0.0253723356872797,0.384862989187241),(-0.00241989875212312,0.0576190166175365,0.384862899780273),(-0.0249678883701563,0.0812252089381218,0.384862899780273),(-0.0484390035271645,0.0855454653501511,0.384862899780273),(-0.0521616749465466,-0.0348007194697857,0.38486322760582),(-0.0609682574868202,0.0656002685427666,0.384862959384918),(-0.0678714960813522,0.0253723822534084,0.384863048791885),(-0.05937260389328,-0.0211092364042997,0.38486310839653),(-0.0124748479574919,-0.0212659314274788,0.0811041742563248),(-0.000426204700488597,-0.00444374559447169,0.0812113359570503),(0.00665597803890705,0.0137707721441984,0.0813462734222412),(-0.000135919632157311,0.0378632433712482,0.085175596177578),(-0.0168880615383387,0.0552564486861229,0.0849285498261452),(-0.0347753055393696,0.0537302829325199,0.0807562097907066),(-0.0262897349894047,-0.0234208628535271,0.080652579665184),(-0.0479577146470547,0.0297724138945341,0.0806476399302483),(-0.0509181395173073,0.0137436538934708,0.0806044489145279),(-0.045221634209156,-0.0100258337333798,0.0807056948542595),(0.0218146406114101,0.0153523636981845,0.308327198028564),(0.0140708843246102,0.0147954672574997,0.229395017027855),(0.00692906370386481,0.0155445141717792,0.151661083102226),(-0.00438901269808412,-0.00332974875345826,0.15166112780571),(-0.00117519521154463,-0.00841437373310328,0.22939495742321),(0.00110878818668425,-0.0151092307642102,0.308327198028564),(-0.0673395693302155,-0.0285561848431826,0.308327436447144),(-0.0515750087797642,-0.0186601430177689,0.229395121335983),(-0.0418037734925747,-0.0116616236045957,0.151661187410355),(-0.0478101260960102,0.0155445178970695,0.151661083102226),(-0.0596659295260906,0.0147954914718866,0.22939495742321),(-0.078327901661396,0.0153524037450552,0.308327198028564),(-0.0580164641141891,-0.0414897277951241,0.308327436447144),(-0.0447102077305317,-0.0285146851092577,0.229395180940628),(-0.0340903401374817,-0.0192257706075907,0.151719510555267),(0.00629518087953329,0.0458139777183533,0.30832713842392),(0.00264362548477948,0.0380053333938122,0.229394912719727),(-0.00155407073907554,0.034418810158968,0.151661023497581),(-0.0282512530684471,-0.0374086685478687,0.308327436447144),(-0.0227935388684273,-0.0254051852971315,0.229395121335983),(-0.0204375497996807,-0.0171466842293739,0.151661187410355),(-0.0694026574492455,0.0533534251153469,0.308327198028564),(-0.0530940853059292,0.0437499098479748,0.22939495742321),(-0.0429314747452736,0.0390902943909168,0.151661023497581),(-0.0340767949819565,0.0507644265890121,0.151660963892937),(-0.0411663316190243,0.0581056736409664,0.229394793510437),(-0.053203422576189,0.0721945315599442,0.308326989412308),(-0.0228573586791754,0.0681134462356567,0.308327108621597),(-0.0188219416886568,0.0549961365759373,0.229394912719727),(-0.0174892116338015,0.0482357554137707,0.151660963892937),(-0.180384278297424,0.0201556142419577,1.11620891094208),(-0.113481529057026,0.00677903555333614,1.11554372310638),(-0.0689615309238434,0.0442615002393723,1.11062717437744),(-0.051729079335928,0.0954634770750999,1.10391104221344),(-0.0689615160226822,0.14666548371315,1.09719491004944),(-0.116041518747807,0.183974593877792,1.09227848052979),(-0.18038421869278,0.197694137692451,1.09047889709473),(-0.148197755217552,0.190834358334541,1.09137868881226),(-0.155406728386879,0.00232784333638847,1.11624991893768),(0.0626683831214905,0.514636933803558,1.73138058185577),(0.0672326311469078,0.503058552742004,1.74784767627716),(0.135204985737801,0.523744642734528,1.71767890453339),(0.139639914035797,0.512494683265686,1.7336790561676),(0.0808025300502777,0.516913890838623,1.72795510292053),(0.0989367291331291,0.519190728664398,1.72452974319458),(0.117070876061916,0.521467745304108,1.72110438346863),(0.121635153889656,0.509889364242554,1.73757147789001),(0.103977829217911,0.506402790546417,1.74271714687347),(0.0858436599373817,0.504125952720642,1.74614262580872),(0.134701803326607,0.505643129348755,1.70298182964325),(0.133001148700714,0.475751370191574,1.68360066413879),(0.126598000526428,0.457144767045975,1.66972267627716),(0.132247865200043,0.442755520343781,1.69003546237946),(0.138652339577675,0.461092978715897,1.70423376560211),(0.140083625912666,0.491991013288498,1.72239851951599),(0.0621016770601273,0.443068504333496,1.67879331111908),(0.0416865199804306,0.472602546215057,1.70367550849915),(0.0621650367975235,0.496535271406174,1.71668350696564),(0.0675469115376472,0.482883155345917,1.73610019683838),(0.0474502965807915,0.457981705665588,1.72446990013123),(0.0679348260164261,0.4287289083004,1.69942319393158),(0.11824357509613,0.438870877027512,1.69588267803192),(0.120781540870667,0.456152319908142,1.71145510673523),(0.122780308127403,0.487606346607208,1.72882151603699),(0.105092369019985,0.436454087495804,1.69940888881683),(0.105724461376667,0.453562825918198,1.71509373188019),(0.104872338473797,0.484658718109131,1.73299872875214),(0.0846025198698044,0.434551149606705,1.70209968090057),(0.0854739248752594,0.451719045639038,1.71812438964844),(0.086511954665184,0.483052372932434,1.73567235469818),(0.110506743192673,0.499179691076279,1.71243727207184),(0.107307925820351,0.46873077750206,1.6936491727829),(0.110778458416462,0.457994878292084,1.6689350605011),(0.0836320966482162,0.498018383979797,1.71047377586365),(0.0897219628095627,0.472015172243118,1.68654477596283),(0.0973557680845261,0.456374943256378,1.6714152097702),(0.0738930627703667,0.496552109718323,1.71266055107117),(0.0701613798737526,0.473541676998138,1.68283450603485),(0.0773516148328781,0.453914672136307,1.67514705657959),(0.0727732107043266,0.577508807182312,1.77932345867157),(0.0745901763439178,0.572899878025055,1.78587830066681),(0.0677033215761185,0.572035133838654,1.78717947006226),(0.0658864080905914,0.576644122600555,1.78062438964844),(0.134966388344765,0.578413844108582,1.76272130012512),(0.136783331632614,0.573804974555969,1.76927638053894),(0.129896506667137,0.572940111160278,1.77057707309723),(0.12807959318161,0.577549159526825,1.76402199268341),(0.114708468317986,0.585465371608734,1.77329421043396),(0.116525374352932,0.580856382846832,1.77984929084778),(0.109638601541519,0.579991638660431,1.78115022182465),(0.107821643352509,0.584600627422333,1.77459514141083),(0.0939432308077812,0.587576568126678,1.78053426742554),(0.0957601070404053,0.582967579364777,1.78708934783936),(0.0888733342289925,0.58210289478302,1.78839015960693),(0.087056428194046,0.586711883544922,1.78183531761169),(0.0845521911978722,0.512719392776489,1.74734020233154),(0.0804287940263748,0.523179113864899,1.73246383666992),(0.0664180368185043,0.51044237613678,1.75076544284821),(0.0622946210205555,0.520902097225189,1.73588919639587),(0.103009186685085,0.515040636062622,1.743856549263),(0.098885752260685,0.525500416755676,1.72898030281067),(0.0848749503493309,0.512763679027557,1.74728178977966),(0.0807515233755112,0.523223578929901,1.73240554332733),(0.12140116840601,0.51734459400177,1.74037861824036),(0.117277823388577,0.527804374694824,1.72550237178802),(0.103267051279545,0.515067636966705,1.74380433559418),(0.0991436243057251,0.525527477264404,1.72892773151398),(0.139819785952568,0.519640922546387,1.7368882894516),(0.135696485638618,0.530100762844086,1.72201180458069),(0.121685646474361,0.517363905906677,1.74031352996826),(0.117562249302864,0.527823746204376,1.72543716430664),(0.137266665697098,0.518514752388,1.72511696815491),(0.0647300183773041,0.509406983852386,1.73881864547729),(0.119132526218891,0.516237795352936,1.72854232788086),(0.100998319685459,0.513960778713226,1.7319678068161),(0.0828642249107361,0.511683881282806,1.73539328575134),(0.059212189167738,0.489125639200211,1.72727966308594),(0.0396245755255222,0.464416354894638,1.71487629413605),(0.0586722418665886,0.435314416885376,1.68988513946533),(0.135440409183502,0.450951606035233,1.67826879024506),(0.142023518681526,0.468994826078415,1.69293177127838),(0.142942637205124,0.499638915061951,1.71146357059479),(0.0736816972494125,0.575204432010651,1.78260087966919),(0.0667948350310326,0.574339687824249,1.78390169143677),(0.135874882340431,0.576109409332275,1.76599872112274),(0.128988072276115,0.575244665145874,1.76729965209961),(0.115616925060749,0.583160936832428,1.77657186985016),(0.108730114996433,0.582296133041382,1.77787280082703),(0.0948517397046089,0.585272133350372,1.78381192684174),(0.0879648849368095,0.584407389163971,1.7851128578186),(0.0630810186266899,0.515511989593506,1.74356818199158),(0.0824905186891556,0.517949223518372,1.73990201950073),(0.0828132554888725,0.517993569374084,1.73984396457672),(0.100947454571724,0.520270586013794,1.73641860485077),(0.101205319166183,0.520297527313232,1.73636591434479),(0.119339548051357,0.522574484348297,1.73294055461884),(0.119623973965645,0.522593796253204,1.73287522792816),(0.137758120894432,0.524870872497559,1.7294499874115),(0.0815595760941505,0.525089800357819,1.75449919700623),(0.0810049772262573,0.538844168186188,1.7646119594574),(0.0774566382169724,0.553879618644714,1.77337491512299),(0.0671003833413124,0.523274183273315,1.75723052024841),(0.0660991966724396,0.53697258234024,1.76742744445801),(0.0668830797076225,0.552552044391632,1.77537226676941),(0.0638125911355019,0.531614243984222,1.74536883831024),(0.0627098679542542,0.545570433139801,1.75519955158234),(0.0644788146018982,0.55865079164505,1.76669812202454),(0.0750524252653122,0.559978425502777,1.7647008895874),(0.0776156410574913,0.547442078590393,1.75238394737244),(0.0782718434929848,0.533429801464081,1.74263775348663),(0.0649373605847359,0.555508017539978,1.77117574214935),(0.0633562803268433,0.541139960289001,1.76151156425476),(0.0644395500421524,0.527316510677338,1.75149166584015),(0.0762545093894005,0.556928992271423,1.76903796195984),(0.0793102830648422,0.543143212795258,1.75849807262421),(0.0799156427383423,0.52925968170166,1.74856841564178),(0.100685089826584,0.528458535671234,1.75160193443298),(0.101441629230976,0.545207917690277,1.76410853862762),(0.0986480638384819,0.561639964580536,1.77363407611847),(0.0861714705824852,0.526636242866516,1.75434350967407),(0.0854697450995445,0.543202519416809,1.76712560653687),(0.0870249420404434,0.560180604457855,1.77582955360413),(0.0828713104128838,0.535007834434509,1.74243712425232),(0.0818380117416382,0.552415251731873,1.75402343273163),(0.0843820795416832,0.566884875297546,1.76629459857941),(0.0960051715373993,0.568344235420227,1.76409900188446),(0.0978099182248116,0.554420590400696,1.75100636482239),(0.0973849296569824,0.536830186843872,1.73969554901123),(0.0857034772634506,0.563532710075378,1.77106213569641),(0.0836538374423981,0.547808766365051,1.76057457923889),(0.0845214053988457,0.530822157859802,1.74839019775391),(0.0973265916109085,0.564992129802704,1.76886665821075),(0.0996257960796356,0.549814164638519,1.75755763053894),(0.0990350246429443,0.532644331455231,1.74564862251282),(0.11921264231205,0.530865609645844,1.74776232242584),(0.119937054812908,0.544860064983368,1.75767779350281),(0.11813148856163,0.560955286026001,1.7670761346817),(0.105314508080482,0.52912050485611,1.75038766860962),(0.105609707534313,0.543061137199402,1.76038408279419),(0.107557870447636,0.559627592563629,1.76907324790955),(0.10215425491333,0.537136971950531,1.7389862537384),(0.102352008223534,0.551325023174286,1.74863076210022),(0.105153642594814,0.565726637840271,1.76039922237396),(0.115727230906487,0.567054271697998,1.75840210914612),(0.116679325699806,0.553123950958252,1.74592423439026),(0.116052396595478,0.53888213634491,1.73636078834534),(0.106355801224709,0.562677204608917,1.76473641395569),(0.103980831801891,0.547193050384521,1.7545074224472),(0.103734329342842,0.533128798007965,1.74468672275543),(0.116929389536381,0.564004838466644,1.76273906230927),(0.11830823123455,0.548991978168488,1.75180113315582),(0.117632515728474,0.534873902797699,1.74206149578094),(0.137860849499702,0.531315386295319,1.74271595478058),(0.139010801911354,0.542732775211334,1.75069534778595),(0.137895181775093,0.556416213512421,1.75840640068054),(0.124263323843479,0.529608070850372,1.74528443813324),(0.124993413686752,0.540972709655762,1.75334322452545),(0.127321600914001,0.555088579654694,1.76040363311768),(0.121171496808529,0.537451088428497,1.7341296672821),(0.121806055307388,0.549057841300964,1.74184417724609),(0.12491737306118,0.561187505722046,1.75172960758209),(0.135490953922272,0.562515139579773,1.74973237514496),(0.135823503136635,0.550817847251892,1.73919630050659),(0.134769037365913,0.539158403873444,1.73156106472015),(0.126119494438171,0.558138012886047,1.75606679916382),(0.123399749398232,0.545015394687653,1.74759376049042),(0.122717432677746,0.533529579639435,1.73970711231232),(0.136693000793457,0.559465706348419,1.7540694475174),(0.137417197227478,0.546775281429291,1.74494588375092),(0.136314898729324,0.535236954689026,1.73713874816895),(0.0764994919300079,0.571961522102356,1.7795398235321),(0.0750701799988747,0.575587332248688,1.77438306808472),(0.0653568133711815,0.566757082939148,1.78707110881805),(0.0779288336634636,0.568335771560669,1.78469634056091),(0.0639274194836617,0.570382952690125,1.78191435337067),(0.0624981038272381,0.574008703231812,1.77675783634186),(0.138692647218704,0.57286661863327,1.76293766498566),(0.137263298034668,0.576492369174957,1.75778090953827),(0.127549976110458,0.567662239074707,1.77046918869019),(0.140121921896935,0.569240808486938,1.76809442043304),(0.126120612025261,0.571287989616394,1.76531231403351),(0.124691277742386,0.574913859367371,1.76015567779541),(0.118434742093086,0.579918086528778,1.77351081371307),(0.117005467414856,0.583543837070465,1.76835405826569),(0.107292041182518,0.57471364736557,1.78104221820831),(0.119864113628864,0.576292276382446,1.77866756916046),(0.105862647294998,0.578339517116547,1.77588558197021),(0.104433305561543,0.581965327262878,1.77072882652283),(0.0976694226264954,0.582029283046722,1.78075063228607),(0.0962401404976845,0.585655033588409,1.77559411525726),(0.0865267962217331,0.576824963092804,1.7882821559906),(0.099098764359951,0.578403413295746,1.78590738773346),(0.0850974544882774,0.580450773239136,1.78312540054321),(0.083668127655983,0.584076523780823,1.77796876430511),(0.0307635553181171,0.526506304740906,1.75404644012451),(0.0329545550048351,0.520948529243469,1.76195108890533),(0.0250532161444426,0.517609417438507,1.76179337501526),(0.0228622183203697,0.523167371749878,1.75388860702515),(0.031859066337347,0.523727476596832,1.75799858570099),(0.0239576753228903,0.520388305187225,1.7578409910202),(0.0561279766261578,0.481089472770691,1.7330619096756),(0.0511213541030884,0.490768313407898,1.74106991291046),(0.0424595288932323,0.503496110439301,1.74905288219452),(0.038752906024456,0.47374701499939,1.73271512985229),(0.0340196676552296,0.483541458845139,1.74072861671448),(0.0303282532840967,0.498369753360748,1.74881088733673),(0.034600455313921,0.484280556440353,1.71773374080658),(0.0299325957894325,0.493909388780594,1.7259829044342),(0.0274289883673191,0.505724191665649,1.7383508682251),(0.0395602658390999,0.510850608348846,1.73859310150146),(0.0470341481268406,0.501136243343353,1.7263240814209),(0.0519754700362682,0.491623103618622,1.71808040142059),(0.0280254557728767,0.501686453819275,1.74356377124786),(0.0307734441012144,0.488217085599899,1.73333168029785),(0.034320343285799,0.478414684534073,1.72581100463867),(0.0410098433494568,0.507173478603363,1.74382281303406),(0.0490777492523193,0.495952278375626,1.73369693756104),(0.0545020624995232,0.487500846385956,1.72625088691711),(0.0366037860512733,0.521173894405365,1.75488805770874),(0.0348802283406258,0.525546193122864,1.74866962432861),(0.0239034127444029,0.510706067085266,1.76081871986389),(0.0383274517953396,0.516801536083221,1.76110661029816),(0.0221797470003366,0.515078365802765,1.75460040569305),(0.0204561613500118,0.519450724124908,1.74838185310364),(-0.180384278297424,-0.0199241209775209,1.21417856216431),(-0.0830724611878395,-0.0224767196923494,1.21488583087921),(-0.0296309143304825,0.0188419986516237,1.23340737819672),(-0.0185889434069395,0.0910916924476624,1.21122026443481),(-0.0272243358194828,0.12440138310194,1.23095905780792),(-0.0738973617553711,0.18250772356987,1.21503114700317),(-0.18038421869278,0.199231058359146,1.24763107299805),(-0.134497031569481,0.196474581956863,1.21503114700317),(-0.149448335170746,-0.0359623990952969,1.21417856216431),(-0.180384278297424,0.0135004809126258,1.51660346984863),(-0.180384263396263,0.0528398752212524,1.66613626480103),(-0.140800997614861,0.0296701081097126,1.51083242893219),(-0.147073999047279,0.0685627460479736,1.66457712650299),(-0.12737549841404,0.0470771752297878,1.50483906269073),(-0.13459612429142,0.0836796909570694,1.65961802005768),(-0.118397250771523,0.0820296555757523,1.49248075485229),(-0.125759363174438,0.114519521594048,1.6479332447052),(-0.128569707274437,0.127684324979782,1.47241926193237),(-0.134596109390259,0.145359337329865,1.63624846935272),(-0.143421724438667,0.15223129093647,1.46059274673462),(-0.148515999317169,0.15913712978363,1.62845432758331),(-0.18038421869278,0.175764679908752,1.44751608371735),(-0.18038421869278,0.173666551709175,1.62532353401184),(-0.180384278297424,0.000374594063032418,1.55259585380554),(-0.180384278297424,0.000388138432754204,1.59604704380035),(-0.180384278297424,0.00982434209436178,1.63087320327759),(-0.180384263396263,0.0303707309067249,1.65420258045197),(-0.142428338527679,0.0431088134646416,1.65233600139618),(-0.140810191631317,0.0257102213799953,1.6242915391922),(-0.137225776910782,0.0181767456233501,1.58811509609222),(-0.139911770820618,0.0165257100015879,1.54501283168793),(-0.12370453774929,0.0658277422189713,1.64129793643951),(-0.121166609227657,0.0513186417520046,1.61149930953979),(-0.118183083832264,0.0449987165629864,1.57451713085175),(-0.124406106770039,0.045458946377039,1.53338134288788),(-0.114265225827694,0.101251766085625,1.62621974945068),(-0.109949566423893,0.0929904282093048,1.5940248966217),(-0.106133580207825,0.0895757302641869,1.55594193935394),(-0.113341502845287,0.0865986868739128,1.51610851287842),(-0.125668331980705,0.141048073768616,1.61114156246185),(-0.12316482514143,0.139111116528511,1.57655036449432),(-0.120181299746037,0.138601660728455,1.5409334897995),(-0.126404330134392,0.132187351584435,1.49883556365967),(-0.146645873785019,0.159272819757462,1.6001033782959),(-0.146027475595474,0.157979488372803,1.56797921657562),(-0.143391504883766,0.165453389286995,1.53219199180603),(-0.142434731125832,0.156418651342392,1.48765504360199),(-0.18038421869278,0.180844366550446,1.59606325626373),(-0.18038421869278,0.17974442243576,1.56329703330994),(-0.18038421869278,0.19269123673439,1.52721464633942),(-0.18038421869278,0.177775964140892,1.4815628528595),(-0.180384248495102,0.0859410837292671,1.67059361934662),(-0.180384233593941,0.115574799478054,1.66609919071198),(-0.180384233593941,0.145208492875099,1.65124142169952),(-0.147834166884422,0.0861122757196426,1.6652125120163),(-0.147933900356293,0.113064229488373,1.66174924373627),(-0.151010528206825,0.142750293016434,1.64754951000214),(-0.161679998040199,0.0193367805331945,1.51458597183228),(-0.161106288433075,0.0584550686180592,1.66607093811035),(-0.162102192640305,0.171540766954422,1.4500572681427),(-0.163709253072739,0.1682059019804,1.62567329406738),(-0.163781523704529,0.171595916152,1.48174941539764),(-0.163384974002838,0.184309273958206,1.52834618091583),(-0.163550689816475,0.173565417528152,1.56411850452423),(-0.164141312241554,0.173757880926132,1.59688866138458),(-0.160592317581177,0.00527915311977267,1.55027067661285),(-0.157634869217873,0.00706538744270802,1.59355854988098),(-0.157418042421341,0.0159644018858671,1.6285320520401),(-0.158311799168587,0.0350354574620724,1.6547212600708),(-0.161884948611259,0.0860266834497452,1.66869103908539),(-0.161934792995453,0.114319510757923,1.66392421722412),(-0.1634731143713,0.143979415297508,1.64939546585083),(-0.0393235720694065,0.159758627414703,-0.00205044192261994),(-0.0388837903738022,0.158794045448303,0.0251625403761864),(-0.048620842397213,-0.0126915629953146,0.00473028654232621),(0.0342083089053631,0.136224642395973,-0.00105555157642812),(0.0332775674760342,0.136573389172554,0.0217211190611124),(0.00200967257842422,-0.0220396798104048,0.00491281319409609),(-0.0405085384845734,0.0623635426163673,0.0176424812525511),(0.0169480554759502,0.0547489710152149,0.0110280020162463),(0.0121031710878015,0.00807107426226139,0.00513570848852396),(-0.0507810562849045,0.0137264607474208,0.00470858300104737),(-0.00891925487667322,-0.0279834344983101,0.00477130617946386),(-0.0198946669697762,-0.0296170711517334,0.00462610926479101),(-0.0298941936343908,-0.0284485351294279,0.00500147230923176),(-0.0392784476280212,-0.0244356896728277,0.00487309554591775),(-0.0226538050919771,0.156617075204849,-0.00309058395214379),(-0.00934629421681166,0.153320908546448,-0.00309058395214379),(0.00486957607790828,0.147800385951996,-0.00309058395214379),(0.0206118561327457,0.137993812561035,-0.00309058395214379),(0.0210614036768675,0.137967854738235,0.0251608043909073),(0.00533483223989606,0.147773534059525,0.0268839579075575),(-0.00888102408498526,0.153294056653976,0.0263101160526276),(-0.0221933368593454,0.157852232456207,0.0257948730140924),(0.00704710325226188,0.0558328665792942,0.0037349620833993),(-0.00816692784428596,0.0575664564967155,0.00353051465936005),(-0.0215809233486652,0.0590949468314648,0.00335015822201967),(-0.0294438563287258,0.0604734309017658,0.00318759889341891),(-6.78235636542013E-08,2.20997231745092E-14,0.),(-0.015352176502347,-0.00439751194790006,-0.000204338823095895),(-0.028766144067049,-0.0028690358158201,-0.000384803744964302),(-0.0407257005572319,0.00464053498581052,-0.000547363248188049),(-0.0214495025575161,0.198349297046661,-0.0017663425533101),(-0.0211884770542383,0.199301645159721,0.00986653752624989),(-0.032637931406498,0.200606286525726,0.00971265975385904),(-0.0328989624977112,0.199653938412666,-0.00192032917402685),(0.0336689166724682,0.164780333638191,-0.000673243775963783),(0.0338728353381157,0.165524303913116,0.00841467920690775),(0.0269885957241058,0.166308760643005,0.00832211319357157),(0.0267846621572971,0.165564775466919,-0.000765700882766396),(0.0209918562322855,0.178478702902794,-0.000896681740414351),(0.0211957879364491,0.179222673177719,0.00819124095141888),(0.0143115213140845,0.180007100105286,0.00809867586940527),(0.0141076035797596,0.179263144731522,-0.000989138847216964),(0.00714184110984206,0.18656812608242,-0.0011318395845592),(0.00734574580565095,0.187312096357346,0.00795597489923239),(0.000461505667772144,0.188096538186073,0.00786340888589621),(0.000257614243309945,0.187352582812309,-0.00122429663315415),(-0.00715355947613716,0.193379998207092,-0.0013627652078867),(-0.00694964034482837,0.194123953580856,0.00772494077682495),(-0.0138338813558221,0.194908410310745,0.00763237522915006),(-0.014037799090147,0.19416444003582,-0.00145533087197691),(-0.0201430730521679,0.192087307572365,0.0135560305789113),(-0.0205376036465168,0.190647855401039,-0.00402709189802408),(-0.0353387519717216,0.193818807601929,0.0133517999202013),(-0.0357332825660706,0.192379355430603,-0.00423143059015274),(0.0351686291396618,0.157070636749268,0.0128479525446892),(0.0348034016788006,0.155738055706024,-0.00343013578094542),(0.0237576011568308,0.158370897173882,0.0126946168020368),(0.023392328992486,0.157038316130638,-0.00358357978984714),(0.0224915836006403,0.17076900601387,0.0126241892576218),(0.0221263524144888,0.169436439871788,-0.00365368230268359),(0.0110805127769709,0.172069266438484,0.0124708535149693),(0.0107152834534645,0.17073667049408,-0.00380701781250536),(0.008641567081213,0.178858429193497,0.0123892482370138),(0.00827630888670683,0.177525833249092,-0.00388873158954084),(-0.0027694758027792,0.180158689618111,0.0122358044609427),(-0.00313470605760813,0.178826093673706,-0.0040422840975225),(-0.00565382000058889,0.185670301318169,0.0121581060811877),(-0.00601909076794982,0.184337705373764,-0.00411976594477892),(-0.0170648749917746,0.18697053194046,0.0120046613737941),(-0.0174301210790873,0.185637965798378,-0.00427331821992993),(-0.0202757474035025,0.198198243975639,0.0115984799340367),(-0.020609088242054,0.196981966495514,-0.00325802690349519),(-0.0337548553943634,0.199734151363373,0.0114173637703061),(-0.0340882204473019,0.198517888784409,-0.00343914283439517),(0.0349807851016521,0.164231762290001,0.010503645054996),(0.0346894562244415,0.163168907165527,-0.00247952085919678),(0.0256439801305532,0.165295660495758,0.010378198698163),(0.0253526773303747,0.164232805371284,-0.00260507571510971),(0.0223037265241146,0.177930146455765,0.0102802067995071),(0.022012397646904,0.176867261528969,-0.00270306738093495),(0.0129669196903706,0.178994044661522,0.0101545434445143),(0.0126756029203534,0.177931159734726,-0.00282862223684788),(0.00845371093600988,0.18601955473423,0.0100449407473207),(0.00816239509731531,0.184956699609756,-0.0029381166677922),(-0.0008830560836941,0.187083452939987,0.00991949439048767),(-0.0011743992799893,0.186020597815514,-0.00306367152370512),(-0.00584168871864676,0.192831426858902,0.00981379766017199),(-0.00613300502300262,0.191768556833267,-0.00316925928927958),(-0.0151784829795361,0.193895325064659,0.00968846026808023),(-0.0154697997495532,0.192832469940186,-0.00329481437802315),(-0.0088229114189744,0.158759772777557,0.0210053361952305),(-0.00705033773556352,0.173972696065903,0.015157968737185),(-0.00744450185447931,0.172534629702568,-0.00240844185464084),(-0.00910968333482742,0.158776342868805,-0.000375471223378554),(-0.0216043554246426,0.160216182470322,0.02083376981318),(-0.0191466007381678,0.175351038575172,0.0149953011423349),(-0.0218911282718182,0.160232722759247,-0.000547363248188049),(-0.0195407383143902,0.173912957310677,-0.00257110968232155),(-0.0210849214345217,0.16858047246933,0.0219009332358837),(-0.0200513396412134,0.179328039288521,0.0165696758776903),(-0.0204770285636187,0.17777493596077,-0.00240225624293089),(-0.0212064869701862,0.167578801512718,-0.000272922014119104),(-0.0389262065291405,0.170929580926895,0.0211700666695833),(-0.0379553064703941,0.181368172168732,0.0163289830088615),(-0.0392418541014194,0.170947775244713,-0.00050753727555275),(-0.0383810363709927,0.179815053939819,-0.00264294841326773),(0.00589664466679096,0.155354380607605,0.0212046839296818),(0.00745461042970419,0.168858170509338,0.0152274202555418),(0.00706045981496572,0.167420104146004,-0.00233877333812416),(0.00560987321659923,0.155370950698853,-0.000176341258338653),(-0.0078616626560688,0.156922101974487,0.0210197698324919),(-0.0051300642080605,0.170292153954506,0.0150583498179913),(-0.00814843364059925,0.156938657164574,-0.000361255399184301),(-0.00552420131862164,0.168854087591171,-0.00250806100666523),(0.0218035597354174,0.151370793581009,0.0210582930594683),(0.0223299153149128,0.162814259529114,0.0152698503807187),(0.0219357647001743,0.161376193165779,-0.00229634298011661),(0.0215167887508869,0.151387348771095,3.91748872061726E-05),(0.00670938706025481,0.153090745210648,0.0208554733544588),(0.00907730031758547,0.164324328303337,0.0150917731225491),(0.00642261561006308,0.153107285499573,-0.000163644683198072),(0.00868313759565353,0.162886276841164,-0.00247463746927679),(0.0358073078095913,0.145868569612503,0.019015122205019),(0.035501055419445,0.151166349649429,0.0148256877437234),(0.0351069085299969,0.149728313088417,-0.00274072284810245),(0.0355205349624157,0.145885124802589,-0.000241668909438886),(0.0222882945090532,0.147409036755562,0.0188333541154861),(0.0230360385030508,0.152586713433266,0.014658136293292),(0.0220015235245228,0.147425606846809,-0.000423544581281021),(0.0226418729871511,0.151148661971092,-0.00290838279761374),(-0.0426741652190685,0.158918157219887,0.0151806492358446),(-0.0527073107659817,-0.0201720129698515,0.0345418341457844),(0.000959830416832119,-0.0263756942003965,0.0352499112486839),(0.0366035103797913,0.135967642068863,0.0175234377384186),(0.0180508624762297,0.0458646714687347,0.0364470779895782),(-0.0456332452595234,0.0621282011270523,0.0355219654738903),(0.0151406629011035,0.00735352002084255,0.0364924408495426),(-0.0575249157845974,0.0166727993637323,0.0354660786688328),(0.0208916813135147,0.13797764480114,0.0136079024523497),(0.00514940265566111,0.147784247994423,0.00994521286338568),(-0.0090664541348815,0.153304770588875,0.0104612139984965),(-0.0223739631474018,0.157862648367882,0.0135459387674928),(-0.0439857728779316,-0.0315316803753376,0.0346603356301785),(-0.0322878770530224,-0.0380287617444992,0.0346263684332371),(-0.0242991466075182,-0.0389605239033699,0.0347336940467358),(-0.00944746658205986,-0.0355600044131279,0.0351246818900108),(-0.0203403457999229,0.191367581486702,0.0047646863386035),(-0.0375841036438942,0.193332478404045,0.00453278422355652),(0.036930400878191,0.156182810664177,0.00473516946658492),(0.0235749650746584,0.15770460665226,0.00455557275563478),(0.0223089754581451,0.17010273039341,0.00448525324463844),(0.0108978915959597,0.171402975916862,0.00433191796764731),(0.00845894403755665,0.178192138671875,0.00425031268969178),(-0.00295211118645966,0.179492384195328,0.00409686844795942),(-0.0058364556171,0.185004010796547,0.00401927856728435),(-0.0172474961727858,0.186304271221161,0.00386583432555199),(-0.0204424168914557,0.197590097784996,0.00417044339701533),(-0.0339215248823166,0.199126020073891,0.00398911070078611),(0.0348351262509823,0.163700342178345,0.00401200773194432),(0.0254983492195606,0.164764225482941,0.0038864528760314),(0.0221580546349287,0.177398711442947,0.00378856970928609),(0.0128212738782167,0.178462594747543,0.00366312335245311),(0.0083080530166626,0.185488134622574,0.0035534119233489),(-0.00102872774004936,0.186552032828331,0.00342785706743598),(-0.00598736014217138,0.192299976944923,0.00332237780094147),(-0.0153241138905287,0.193363890051842,0.00319693144410849),(-0.0213189963251352,0.198825478553772,0.00405009742826223),(-0.0327684506773949,0.200130119919777,0.00389621942304075),(0.0337708555161953,0.165152341127396,0.00387060921639204),(0.0268866419792175,0.165936782956123,0.00377815216779709),(0.0210938081145287,0.178850680589676,0.0036473881918937),(0.0142095824703574,0.179635122418404,0.0035548226442188),(0.00724380696192384,0.186940118670464,0.00341212190687656),(0.000359553174348548,0.187724560499191,0.00331955635920167),(-0.00705159269273281,0.193751990795135,0.00318108778446913),(-0.0139358332380652,0.194536417722702,0.00308852223679423),(-0.0217168759554625,0.160222694277763,0.012222564779222),(-0.0193436685949564,0.174631997942924,0.00621220422908664),(-0.00893544405698776,0.158766269683838,0.0139687238261104),(-0.00724742002785206,0.173253655433655,0.00637487228959799),(-0.0418980978429317,0.171261072158813,0.0106804203242064),(-0.0402750745415688,0.180831700563431,0.00681491149589419),(-0.0210177898406982,0.167567923665047,0.0116439489647746),(-0.0202641971409321,0.178551495075226,0.00708370981737971),(-0.00797418132424355,0.156928613781929,0.0139830475673079),(-0.00532713253051043,0.169573098421097,0.00627514440566301),(0.00578412553295493,0.155360877513885,0.0141679616644979),(0.00725754210725427,0.16813912987709,0.0064443233422935),(0.00659685395658016,0.153097227215767,0.0141805503517389),(0.00888020545244217,0.16360530257225,0.00630867620930076),(0.0216910410672426,0.151377290487289,0.014383478090167),(0.022132832556963,0.162095218896866,0.00648675393313169),(0.0221757758408785,0.147415533661842,0.0106397261843085),(0.022838955745101,0.151867717504501,0.00587482238188386),(0.0377507247030735,0.145640805363655,0.0108490567654371),(0.0373041443526745,0.150219410657883,0.00606939475983381),(-0.0380146503448486,0.0980718731880188,0.0183081291615963),(0.0192104950547218,0.086938202381134,0.0453074388206005),(-0.0328459031879902,0.0952333435416222,0.0507035925984383),(0.0232067704200745,0.0897471979260445,0.0073405709117651),(0.00950361508876085,0.0878360345959663,0.0521438382565975),(-0.00743303913623095,0.0911877155303955,0.0556370243430138),(-0.0169697366654873,0.0926008820533752,0.0564434193074703),(-0.0275903102010489,0.0938402563333511,0.0556047931313515),(-0.0256317257881165,0.0977061912417412,0.00338987587019801),(-0.0171404201537371,0.0958857387304306,0.00314516830258071),(-0.0030297429766506,0.0938671827316284,0.00287398276850581),(0.0129745416343212,0.0915777757763863,0.0025662265252322),(-0.041409682482481,0.097525455057621,0.0294742751866579),(0.0260948315262794,0.0877670422196388,0.0285188853740692),(0.00498201139271259,0.0147470515221357,0.103764787316322),(-0.0412280187010765,-0.011003939434886,0.10328670591116),(-0.0302187129855156,-0.0209601707756519,0.103260934352875),(-0.00337042612954974,0.0351919755339622,0.103665269911289),(-0.0154754696413875,-0.0179635193198919,0.103584103286266),(-0.0426249541342258,0.0381226129829884,0.103243298828602),(-0.017547769472003,0.0501487404108047,0.103494085371494),(-0.00212692050263286,-0.00206448067910969,0.103664077818394),(-0.0470161288976669,0.0146817602217197,0.103211179375648),(-0.0337253697216511,0.0529436096549034,0.103324420750141),(-0.0393949188292027,0.140921145677567,0.00353442132472992),(0.0297601781785488,0.125485450029373,0.0261343158781528),(0.0179207902401686,0.12863601744175,0.0295292921364307),(0.00246188929304481,0.132650762796402,0.0320615544915199),(-0.0106067461892962,0.13596598803997,0.0330217182636261),(-0.0214278195053339,0.138662323355675,0.0341707020998001),(-0.0239334255456924,0.136866390705109,-0.0025577622000128),(-0.0111760310828686,0.133646294474602,-0.00252965604886413),(0.00293654482811689,0.13008089363575,-0.00254994886927307),(0.0191831756383181,0.125970393419266,-0.00266725639812648),(0.0337968468666077,0.123660683631897,0.0191104002296925),(-0.0382829234004021,0.142502963542938,0.0326238907873631),(0.030716598033905,0.123273208737373,0.000732277403585613),(-0.042368721216917,0.142602875828743,0.0182116571813822),(0.029945844784379,0.105713859200478,0.0238145347684622),(0.016078844666481,0.108774080872536,-5.04607269249391E-05),(-4.65854282083455E-05,0.111974038183689,0.000161908406880684),(-0.0141582256183028,0.114766016602516,0.000307756185065955),(-0.0268999245017767,0.117286287248135,0.000416056835092604),(-0.0245090778917074,0.116251297295094,0.0448876954615116),(-0.0137882484123111,0.114283435046673,0.0447325147688389),(-0.00248557492159307,0.111919239163399,0.0438493974506855),(0.013712209649384,0.108236014842987,0.04083651304245),(0.0244853440672159,0.106211833655834,0.0357208773493767),(-0.0380124039947987,0.120575875043869,0.00947923772037029),(-0.041196845471859,0.121143527328968,0.02384296618402),(0.0269616916775703,0.106510207056999,0.00403642421588302),(-0.0356526225805283,0.119947530329227,0.0416637398302555)),$);
#12641=IFCINDEXEDPOLYGONALFACE((129,132,57,11));
#12642=IFCINDEXEDPOLYGONALFACE((11,57,56,15));
#12643=IFCINDEXEDPOLYGONALFACE((6,8,42,40));
#12644=IFCINDEXEDPOLYGONALFACE((4,6,40,41));
#12645=IFCINDEXEDPOLYGONALFACE((22,51,49,26));
#12646=IFCINDEXEDPOLYGONALFACE((120,123,869,842));
#12647=IFCINDEXEDPOLYGONALFACE((178,117,845,1006));
#12648=IFCINDEXEDPOLYGONALFACE((275,118,844,1105));
#12649=IFCINDEXEDPOLYGONALFACE((507,119,843,1339));
#12650=IFCINDEXEDPOLYGONALFACE((119,120,842,843));
#12651=IFCINDEXEDPOLYGONALFACE((176,25,29,177));
#12652=IFCINDEXEDPOLYGONALFACE((273,24,28,274));
#12653=IFCINDEXEDPOLYGONALFACE((505,23,27,506));
#12654=IFCINDEXEDPOLYGONALFACE((23,22,26,27));
#12655=IFCINDEXEDPOLYGONALFACE((175,21,25,176));
#12656=IFCINDEXEDPOLYGONALFACE((272,20,24,273));
#12657=IFCINDEXEDPOLYGONALFACE((504,19,23,505));
#12658=IFCINDEXEDPOLYGONALFACE((42,53,50,47));
#12659=IFCINDEXEDPOLYGONALFACE((174,18,21,175));
#12660=IFCINDEXEDPOLYGONALFACE((271,17,20,272));
#12661=IFCINDEXEDPOLYGONALFACE((503,16,19,504));
#12662=IFCINDEXEDPOLYGONALFACE((16,54,66,62));
#12663=IFCINDEXEDPOLYGONALFACE((173,14,18,174));
#12664=IFCINDEXEDPOLYGONALFACE((270,13,17,271));
#12665=IFCINDEXEDPOLYGONALFACE((502,12,16,503));
#12666=IFCINDEXEDPOLYGONALFACE((12,11,15,16));
#12667=IFCINDEXEDPOLYGONALFACE((179,126,14,173));
#12668=IFCINDEXEDPOLYGONALFACE((276,127,13,270));
#12669=IFCINDEXEDPOLYGONALFACE((508,128,12,502));
#12670=IFCINDEXEDPOLYGONALFACE((128,129,11,12));
#12671=IFCINDEXEDPOLYGONALFACE((116,10,34,121));
#12672=IFCINDEXEDPOLYGONALFACE((10,8,33,34));
#12673=IFCINDEXEDPOLYGONALFACE((8,6,32,33));
#12674=IFCINDEXEDPOLYGONALFACE((125,806,847,130));
#12675=IFCINDEXEDPOLYGONALFACE((6,4,31,32));
#12676=IFCINDEXEDPOLYGONALFACE((4,2,30,31));
#12677=IFCINDEXEDPOLYGONALFACE((34,33,38,39));
#12678=IFCINDEXEDPOLYGONALFACE((31,30,35,36));
#12679=IFCINDEXEDPOLYGONALFACE((121,34,39,122));
#12680=IFCINDEXEDPOLYGONALFACE((32,31,36,37));
#12681=IFCINDEXEDPOLYGONALFACE((33,32,37,38));
#12682=IFCINDEXEDPOLYGONALFACE((130,847,854,131));
#12683=IFCINDEXEDPOLYGONALFACE((43,41,40,45));
#12684=IFCINDEXEDPOLYGONALFACE((45,40,42,47));
#12685=IFCINDEXEDPOLYGONALFACE((46,45,47,48));
#12686=IFCINDEXEDPOLYGONALFACE((44,43,45,46));
#12687=IFCINDEXEDPOLYGONALFACE((15,56,58,55));
#12688=IFCINDEXEDPOLYGONALFACE((22,23,52,50));
#12689=IFCINDEXEDPOLYGONALFACE((48,52,61,64));
#12690=IFCINDEXEDPOLYGONALFACE((16,15,55,54));
#12691=IFCINDEXEDPOLYGONALFACE((55,58,41,43));
#12692=IFCINDEXEDPOLYGONALFACE((50,52,48,47));
#12693=IFCINDEXEDPOLYGONALFACE((49,51,8,10));
#12694=IFCINDEXEDPOLYGONALFACE((50,53,51,22));
#12695=IFCINDEXEDPOLYGONALFACE((123,49,10,116));
#12696=IFCINDEXEDPOLYGONALFACE((132,875,806,125));
#12697=IFCINDEXEDPOLYGONALFACE((56,57,2,4));
#12698=IFCINDEXEDPOLYGONALFACE((54,55,43,44));
#12699=IFCINDEXEDPOLYGONALFACE((58,56,4,41));
#12700=IFCINDEXEDPOLYGONALFACE((8,51,53,42));
#12701=IFCINDEXEDPOLYGONALFACE((59,62,70,67));
#12702=IFCINDEXEDPOLYGONALFACE((63,64,72,71));
#12703=IFCINDEXEDPOLYGONALFACE((52,23,60,61));
#12704=IFCINDEXEDPOLYGONALFACE((44,46,63,65));
#12705=IFCINDEXEDPOLYGONALFACE((19,16,62,59));
#12706=IFCINDEXEDPOLYGONALFACE((46,48,64,63));
#12707=IFCINDEXEDPOLYGONALFACE((54,44,65,66));
#12708=IFCINDEXEDPOLYGONALFACE((23,19,59,60));
#12709=IFCINDEXEDPOLYGONALFACE((86,94,81,82));
#12710=IFCINDEXEDPOLYGONALFACE((87,86,82,78));
#12711=IFCINDEXEDPOLYGONALFACE((60,59,67,68));
#12712=IFCINDEXEDPOLYGONALFACE((64,61,69,72));
#12713=IFCINDEXEDPOLYGONALFACE((65,63,71,73));
#12714=IFCINDEXEDPOLYGONALFACE((61,60,68,69));
#12715=IFCINDEXEDPOLYGONALFACE((62,66,74,70));
#12716=IFCINDEXEDPOLYGONALFACE((66,65,73,74));
#12717=IFCINDEXEDPOLYGONALFACE((99,98,80,79));
#12718=IFCINDEXEDPOLYGONALFACE((103,87,78,75));
#12719=IFCINDEXEDPOLYGONALFACE((107,103,75,76));
#12720=IFCINDEXEDPOLYGONALFACE((98,114,77,80));
#12721=IFCINDEXEDPOLYGONALFACE((94,99,79,81));
#12722=IFCINDEXEDPOLYGONALFACE((114,107,76,77));
#12723=IFCINDEXEDPOLYGONALFACE((69,68,110,111));
#12724=IFCINDEXEDPOLYGONALFACE((111,110,109,112));
#12725=IFCINDEXEDPOLYGONALFACE((112,109,108,113));
#12726=IFCINDEXEDPOLYGONALFACE((113,108,107,114));
#12727=IFCINDEXEDPOLYGONALFACE((73,71,102,91));
#12728=IFCINDEXEDPOLYGONALFACE((91,102,101,92));
#12729=IFCINDEXEDPOLYGONALFACE((92,101,100,93));
#12730=IFCINDEXEDPOLYGONALFACE((93,100,99,94));
#12731=IFCINDEXEDPOLYGONALFACE((72,69,111,95));
#12732=IFCINDEXEDPOLYGONALFACE((95,111,112,96));
#12733=IFCINDEXEDPOLYGONALFACE((96,112,113,97));
#12734=IFCINDEXEDPOLYGONALFACE((97,113,114,98));
#12735=IFCINDEXEDPOLYGONALFACE((68,67,106,110));
#12736=IFCINDEXEDPOLYGONALFACE((110,106,105,109));
#12737=IFCINDEXEDPOLYGONALFACE((109,105,104,108));
#12738=IFCINDEXEDPOLYGONALFACE((108,104,103,107));
#12739=IFCINDEXEDPOLYGONALFACE((67,70,90,106));
#12740=IFCINDEXEDPOLYGONALFACE((106,90,89,105));
#12741=IFCINDEXEDPOLYGONALFACE((105,89,88,104));
#12742=IFCINDEXEDPOLYGONALFACE((104,88,87,103));
#12743=IFCINDEXEDPOLYGONALFACE((71,72,95,102));
#12744=IFCINDEXEDPOLYGONALFACE((102,95,96,101));
#12745=IFCINDEXEDPOLYGONALFACE((101,96,97,100));
#12746=IFCINDEXEDPOLYGONALFACE((100,97,98,99));
#12747=IFCINDEXEDPOLYGONALFACE((70,74,83,90));
#12748=IFCINDEXEDPOLYGONALFACE((90,83,84,89));
#12749=IFCINDEXEDPOLYGONALFACE((89,84,85,88));
#12750=IFCINDEXEDPOLYGONALFACE((88,85,86,87));
#12751=IFCINDEXEDPOLYGONALFACE((74,73,91,83));
#12752=IFCINDEXEDPOLYGONALFACE((83,91,92,84));
#12753=IFCINDEXEDPOLYGONALFACE((84,92,93,85));
#12754=IFCINDEXEDPOLYGONALFACE((85,93,94,86));
#12755=IFCINDEXEDPOLYGONALFACE((869,123,116,818));
#12756=IFCINDEXEDPOLYGONALFACE((852,121,122,859));
#12757=IFCINDEXEDPOLYGONALFACE((818,116,121,852));
#12758=IFCINDEXEDPOLYGONALFACE((27,26,120,119));
#12759=IFCINDEXEDPOLYGONALFACE((506,27,119,507));
#12760=IFCINDEXEDPOLYGONALFACE((274,28,118,275));
#12761=IFCINDEXEDPOLYGONALFACE((177,29,117,178));
#12762=IFCINDEXEDPOLYGONALFACE((26,49,123,120));
#12763=IFCINDEXEDPOLYGONALFACE((57,132,125,2));
#12764=IFCINDEXEDPOLYGONALFACE((30,130,131,35));
#12765=IFCINDEXEDPOLYGONALFACE((2,125,130,30));
#12766=IFCINDEXEDPOLYGONALFACE((821,822,129,128));
#12767=IFCINDEXEDPOLYGONALFACE((1333,821,128,508));
#12768=IFCINDEXEDPOLYGONALFACE((1099,820,127,276));
#12769=IFCINDEXEDPOLYGONALFACE((1000,819,126,179));
#12770=IFCINDEXEDPOLYGONALFACE((822,875,132,129));
#12771=IFCINDEXEDPOLYGONALFACE((135,960,805,124));
#12772=IFCINDEXEDPOLYGONALFACE((115,817,958,133));
#12773=IFCINDEXEDPOLYGONALFACE((133,958,959,134));
#12774=IFCINDEXEDPOLYGONALFACE((134,959,960,135));
#12775=IFCINDEXEDPOLYGONALFACE((147,146,143,141));
#12776=IFCINDEXEDPOLYGONALFACE((146,148,144,143));
#12777=IFCINDEXEDPOLYGONALFACE((149,147,141,140));
#12778=IFCINDEXEDPOLYGONALFACE((151,150,142,145));
#12779=IFCINDEXEDPOLYGONALFACE((148,151,145,144));
#12780=IFCINDEXEDPOLYGONALFACE((152,149,140,139));
#12781=IFCINDEXEDPOLYGONALFACE((153,152,139,138));
#12782=IFCINDEXEDPOLYGONALFACE((150,154,136,142));
#12783=IFCINDEXEDPOLYGONALFACE((155,153,138,137));
#12784=IFCINDEXEDPOLYGONALFACE((154,155,137,136));
#12785=IFCINDEXEDPOLYGONALFACE((165,161,155,154));
#12786=IFCINDEXEDPOLYGONALFACE((161,160,153,155));
#12787=IFCINDEXEDPOLYGONALFACE((164,165,154,150));
#12788=IFCINDEXEDPOLYGONALFACE((160,159,152,153));
#12789=IFCINDEXEDPOLYGONALFACE((159,157,149,152));
#12790=IFCINDEXEDPOLYGONALFACE((163,158,151,148));
#12791=IFCINDEXEDPOLYGONALFACE((158,164,150,151));
#12792=IFCINDEXEDPOLYGONALFACE((157,156,147,149));
#12793=IFCINDEXEDPOLYGONALFACE((162,163,148,146));
#12794=IFCINDEXEDPOLYGONALFACE((156,162,146,147));
#12795=IFCINDEXEDPOLYGONALFACE((115,133,162,156));
#12796=IFCINDEXEDPOLYGONALFACE((133,134,163,162));
#12797=IFCINDEXEDPOLYGONALFACE((9,115,156,157));
#12798=IFCINDEXEDPOLYGONALFACE((135,124,164,158));
#12799=IFCINDEXEDPOLYGONALFACE((134,135,158,163));
#12800=IFCINDEXEDPOLYGONALFACE((7,9,157,159));
#12801=IFCINDEXEDPOLYGONALFACE((5,7,159,160));
#12802=IFCINDEXEDPOLYGONALFACE((124,1,165,164));
#12803=IFCINDEXEDPOLYGONALFACE((3,5,160,161));
#12804=IFCINDEXEDPOLYGONALFACE((1,3,161,165));
#12805=IFCINDEXEDPOLYGONALFACE((805,997,172,124));
#12806=IFCINDEXEDPOLYGONALFACE((9,170,171,115));
#12807=IFCINDEXEDPOLYGONALFACE((124,172,166,1));
#12808=IFCINDEXEDPOLYGONALFACE((1,166,167,3));
#12809=IFCINDEXEDPOLYGONALFACE((3,167,168,5));
#12810=IFCINDEXEDPOLYGONALFACE((5,168,169,7));
#12811=IFCINDEXEDPOLYGONALFACE((7,169,170,9));
#12812=IFCINDEXEDPOLYGONALFACE((115,171,996,817));
#12813=IFCINDEXEDPOLYGONALFACE((997,1000,179,172));
#12814=IFCINDEXEDPOLYGONALFACE((170,177,178,171));
#12815=IFCINDEXEDPOLYGONALFACE((172,179,173,166));
#12816=IFCINDEXEDPOLYGONALFACE((166,173,174,167));
#12817=IFCINDEXEDPOLYGONALFACE((167,174,175,168));
#12818=IFCINDEXEDPOLYGONALFACE((168,175,176,169));
#12819=IFCINDEXEDPOLYGONALFACE((169,176,177,170));
#12820=IFCINDEXEDPOLYGONALFACE((171,178,1006,996));
#12821=IFCINDEXEDPOLYGONALFACE((143,144,188,187));
#12822=IFCINDEXEDPOLYGONALFACE((140,141,185,184));
#12823=IFCINDEXEDPOLYGONALFACE((137,138,182,181));
#12824=IFCINDEXEDPOLYGONALFACE((144,145,189,188));
#12825=IFCINDEXEDPOLYGONALFACE((145,142,186,189));
#12826=IFCINDEXEDPOLYGONALFACE((138,139,183,182));
#12827=IFCINDEXEDPOLYGONALFACE((142,136,180,186));
#12828=IFCINDEXEDPOLYGONALFACE((141,143,187,185));
#12829=IFCINDEXEDPOLYGONALFACE((139,140,184,183));
#12830=IFCINDEXEDPOLYGONALFACE((136,137,181,180));
#12831=IFCINDEXEDPOLYGONALFACE((189,186,196,199));
#12832=IFCINDEXEDPOLYGONALFACE((182,183,193,192));
#12833=IFCINDEXEDPOLYGONALFACE((186,180,190,196));
#12834=IFCINDEXEDPOLYGONALFACE((185,187,197,195));
#12835=IFCINDEXEDPOLYGONALFACE((183,184,194,193));
#12836=IFCINDEXEDPOLYGONALFACE((180,181,191,190));
#12837=IFCINDEXEDPOLYGONALFACE((187,188,198,197));
#12838=IFCINDEXEDPOLYGONALFACE((184,185,195,194));
#12839=IFCINDEXEDPOLYGONALFACE((181,182,192,191));
#12840=IFCINDEXEDPOLYGONALFACE((188,189,199,198));
#12841=IFCINDEXEDPOLYGONALFACE((192,193,203,202));
#12842=IFCINDEXEDPOLYGONALFACE((196,190,200,206));
#12843=IFCINDEXEDPOLYGONALFACE((195,197,207,205));
#12844=IFCINDEXEDPOLYGONALFACE((193,194,204,203));
#12845=IFCINDEXEDPOLYGONALFACE((190,191,201,200));
#12846=IFCINDEXEDPOLYGONALFACE((197,198,208,207));
#12847=IFCINDEXEDPOLYGONALFACE((194,195,205,204));
#12848=IFCINDEXEDPOLYGONALFACE((191,192,202,201));
#12849=IFCINDEXEDPOLYGONALFACE((198,199,209,208));
#12850=IFCINDEXEDPOLYGONALFACE((199,196,206,209));
#12851=IFCINDEXEDPOLYGONALFACE((207,208,218,217));
#12852=IFCINDEXEDPOLYGONALFACE((204,205,215,214));
#12853=IFCINDEXEDPOLYGONALFACE((201,202,212,211));
#12854=IFCINDEXEDPOLYGONALFACE((208,209,219,218));
#12855=IFCINDEXEDPOLYGONALFACE((209,206,216,219));
#12856=IFCINDEXEDPOLYGONALFACE((202,203,213,212));
#12857=IFCINDEXEDPOLYGONALFACE((206,200,210,216));
#12858=IFCINDEXEDPOLYGONALFACE((205,207,217,215));
#12859=IFCINDEXEDPOLYGONALFACE((203,204,214,213));
#12860=IFCINDEXEDPOLYGONALFACE((200,201,211,210));
#12861=IFCINDEXEDPOLYGONALFACE((214,215,225,224));
#12862=IFCINDEXEDPOLYGONALFACE((211,212,222,221));
#12863=IFCINDEXEDPOLYGONALFACE((218,219,229,228));
#12864=IFCINDEXEDPOLYGONALFACE((219,216,226,229));
#12865=IFCINDEXEDPOLYGONALFACE((212,213,223,222));
#12866=IFCINDEXEDPOLYGONALFACE((216,210,220,226));
#12867=IFCINDEXEDPOLYGONALFACE((215,217,227,225));
#12868=IFCINDEXEDPOLYGONALFACE((213,214,224,223));
#12869=IFCINDEXEDPOLYGONALFACE((210,211,221,220));
#12870=IFCINDEXEDPOLYGONALFACE((217,218,228,227));
#12871=IFCINDEXEDPOLYGONALFACE((774,767,232,231));
#12872=IFCINDEXEDPOLYGONALFACE((775,768,239,238));
#12873=IFCINDEXEDPOLYGONALFACE((768,769,236,239));
#12874=IFCINDEXEDPOLYGONALFACE((767,770,233,232));
#12875=IFCINDEXEDPOLYGONALFACE((769,771,230,236));
#12876=IFCINDEXEDPOLYGONALFACE((776,772,237,235));
#12877=IFCINDEXEDPOLYGONALFACE((770,773,234,233));
#12878=IFCINDEXEDPOLYGONALFACE((771,774,231,230));
#12879=IFCINDEXEDPOLYGONALFACE((772,775,238,237));
#12880=IFCINDEXEDPOLYGONALFACE((773,776,235,234));
#12881=IFCINDEXEDPOLYGONALFACE((224,225,266,267));
#12882=IFCINDEXEDPOLYGONALFACE((267,266,265,268));
#12883=IFCINDEXEDPOLYGONALFACE((268,265,264,269));
#12884=IFCINDEXEDPOLYGONALFACE((227,228,251,261));
#12885=IFCINDEXEDPOLYGONALFACE((261,251,250,262));
#12886=IFCINDEXEDPOLYGONALFACE((262,250,249,263));
#12887=IFCINDEXEDPOLYGONALFACE((220,221,245,258));
#12888=IFCINDEXEDPOLYGONALFACE((258,245,244,259));
#12889=IFCINDEXEDPOLYGONALFACE((259,244,243,260));
#12890=IFCINDEXEDPOLYGONALFACE((223,224,267,255));
#12891=IFCINDEXEDPOLYGONALFACE((255,267,268,256));
#12892=IFCINDEXEDPOLYGONALFACE((256,268,269,257));
#12893=IFCINDEXEDPOLYGONALFACE((225,227,261,266));
#12894=IFCINDEXEDPOLYGONALFACE((266,261,262,265));
#12895=IFCINDEXEDPOLYGONALFACE((265,262,263,264));
#12896=IFCINDEXEDPOLYGONALFACE((226,220,258,252));
#12897=IFCINDEXEDPOLYGONALFACE((252,258,259,253));
#12898=IFCINDEXEDPOLYGONALFACE((253,259,260,254));
#12899=IFCINDEXEDPOLYGONALFACE((222,223,255,240));
#12900=IFCINDEXEDPOLYGONALFACE((240,255,256,241));
#12901=IFCINDEXEDPOLYGONALFACE((241,256,257,242));
#12902=IFCINDEXEDPOLYGONALFACE((229,226,252,246));
#12903=IFCINDEXEDPOLYGONALFACE((246,252,253,247));
#12904=IFCINDEXEDPOLYGONALFACE((247,253,254,248));
#12905=IFCINDEXEDPOLYGONALFACE((228,229,246,251));
#12906=IFCINDEXEDPOLYGONALFACE((251,246,247,250));
#12907=IFCINDEXEDPOLYGONALFACE((250,247,248,249));
#12908=IFCINDEXEDPOLYGONALFACE((221,222,240,245));
#12909=IFCINDEXEDPOLYGONALFACE((245,240,241,244));
#12910=IFCINDEXEDPOLYGONALFACE((244,241,242,243));
#12911=IFCINDEXEDPOLYGONALFACE((819,1099,276,126));
#12912=IFCINDEXEDPOLYGONALFACE((29,274,275,117));
#12913=IFCINDEXEDPOLYGONALFACE((126,276,270,14));
#12914=IFCINDEXEDPOLYGONALFACE((14,270,271,18));
#12915=IFCINDEXEDPOLYGONALFACE((18,271,272,21));
#12916=IFCINDEXEDPOLYGONALFACE((21,272,273,25));
#12917=IFCINDEXEDPOLYGONALFACE((25,273,274,29));
#12918=IFCINDEXEDPOLYGONALFACE((117,275,1105,845));
#12919=IFCINDEXEDPOLYGONALFACE((359,292,280,349));
#12920=IFCINDEXEDPOLYGONALFACE((356,298,80,77));
#12921=IFCINDEXEDPOLYGONALFACE((314,281,277,295));
#12922=IFCINDEXEDPOLYGONALFACE((305,79,80,298));
#12923=IFCINDEXEDPOLYGONALFACE((290,81,79,299));
#12924=IFCINDEXEDPOLYGONALFACE((299,79,302));
#12925=IFCINDEXEDPOLYGONALFACE((302,79,305));
#12926=IFCINDEXEDPOLYGONALFACE((287,279,283,308));
#12927=IFCINDEXEDPOLYGONALFACE((308,283,282,311));
#12928=IFCINDEXEDPOLYGONALFACE((311,282,281,314));
#12929=IFCINDEXEDPOLYGONALFACE((75,313,316));
#12930=IFCINDEXEDPOLYGONALFACE((313,312,315,316));
#12931=IFCINDEXEDPOLYGONALFACE((308,311,312,309));
#12932=IFCINDEXEDPOLYGONALFACE((75,310,313));
#12933=IFCINDEXEDPOLYGONALFACE((310,309,312,313));
#12934=IFCINDEXEDPOLYGONALFACE((287,308,309,288));
#12935=IFCINDEXEDPOLYGONALFACE((78,289,310,75));
#12936=IFCINDEXEDPOLYGONALFACE((289,288,309,310));
#12937=IFCINDEXEDPOLYGONALFACE((303,306,307,304));
#12938=IFCINDEXEDPOLYGONALFACE((285,304,307,286));
#12939=IFCINDEXEDPOLYGONALFACE((300,303,304,301));
#12940=IFCINDEXEDPOLYGONALFACE((303,302,305,306));
#12941=IFCINDEXEDPOLYGONALFACE((284,301,304,285));
#12942=IFCINDEXEDPOLYGONALFACE((291,300,301,292));
#12943=IFCINDEXEDPOLYGONALFACE((300,299,302,303));
#12944=IFCINDEXEDPOLYGONALFACE((280,292,301,284));
#12945=IFCINDEXEDPOLYGONALFACE((306,297,296,307));
#12946=IFCINDEXEDPOLYGONALFACE((489,484,294,295));
#12947=IFCINDEXEDPOLYGONALFACE((291,290,299,300));
#12948=IFCINDEXEDPOLYGONALFACE((286,307,296,278));
#12949=IFCINDEXEDPOLYGONALFACE((314,295,294,315));
#12950=IFCINDEXEDPOLYGONALFACE((495,489,295,354));
#12951=IFCINDEXEDPOLYGONALFACE((306,305,298,297));
#12952=IFCINDEXEDPOLYGONALFACE((75,316,293,76));
#12953=IFCINDEXEDPOLYGONALFACE((316,315,294,293));
#12954=IFCINDEXEDPOLYGONALFACE((288,358,359,287));
#12955=IFCINDEXEDPOLYGONALFACE((478,495,354,296));
#12956=IFCINDEXEDPOLYGONALFACE((350,278,296,354));
#12957=IFCINDEXEDPOLYGONALFACE((355,297,298,356));
#12958=IFCINDEXEDPOLYGONALFACE((82,81,290,357));
#12959=IFCINDEXEDPOLYGONALFACE((357,290,291,358));
#12960=IFCINDEXEDPOLYGONALFACE((484,492,355,294));
#12961=IFCINDEXEDPOLYGONALFACE((492,481,297,355));
#12962=IFCINDEXEDPOLYGONALFACE((360,318,319,361));
#12963=IFCINDEXEDPOLYGONALFACE((391,448,449,385));
#12964=IFCINDEXEDPOLYGONALFACE((381,450,451,378));
#12965=IFCINDEXEDPOLYGONALFACE((388,452,450,381));
#12966=IFCINDEXEDPOLYGONALFACE((385,449,453,384));
#12967=IFCINDEXEDPOLYGONALFACE((362,322,323,363));
#12968=IFCINDEXEDPOLYGONALFACE((445,454,455,439));
#12969=IFCINDEXEDPOLYGONALFACE((435,456,457,432));
#12970=IFCINDEXEDPOLYGONALFACE((442,458,456,435));
#12971=IFCINDEXEDPOLYGONALFACE((439,455,459,438));
#12972=IFCINDEXEDPOLYGONALFACE((364,326,327,365));
#12973=IFCINDEXEDPOLYGONALFACE((427,460,461,421));
#12974=IFCINDEXEDPOLYGONALFACE((417,462,463,414));
#12975=IFCINDEXEDPOLYGONALFACE((424,464,462,417));
#12976=IFCINDEXEDPOLYGONALFACE((421,461,465,420));
#12977=IFCINDEXEDPOLYGONALFACE((366,330,331,367));
#12978=IFCINDEXEDPOLYGONALFACE((409,466,467,403));
#12979=IFCINDEXEDPOLYGONALFACE((399,468,469,396));
#12980=IFCINDEXEDPOLYGONALFACE((406,470,468,399));
#12981=IFCINDEXEDPOLYGONALFACE((403,467,471,402));
#12982=IFCINDEXEDPOLYGONALFACE((281,334,336,277));
#12983=IFCINDEXEDPOLYGONALFACE((350,368,335,278));
#12984=IFCINDEXEDPOLYGONALFACE((278,335,333,286));
#12985=IFCINDEXEDPOLYGONALFACE((353,369,334,281));
#12986=IFCINDEXEDPOLYGONALFACE((282,338,340,281));
#12987=IFCINDEXEDPOLYGONALFACE((353,370,339,286));
#12988=IFCINDEXEDPOLYGONALFACE((286,339,337,285));
#12989=IFCINDEXEDPOLYGONALFACE((352,371,338,282));
#12990=IFCINDEXEDPOLYGONALFACE((283,342,344,282));
#12991=IFCINDEXEDPOLYGONALFACE((352,372,343,285));
#12992=IFCINDEXEDPOLYGONALFACE((285,343,341,284));
#12993=IFCINDEXEDPOLYGONALFACE((351,373,342,283));
#12994=IFCINDEXEDPOLYGONALFACE((279,346,348,283));
#12995=IFCINDEXEDPOLYGONALFACE((351,374,347,284));
#12996=IFCINDEXEDPOLYGONALFACE((284,347,345,280));
#12997=IFCINDEXEDPOLYGONALFACE((349,375,346,279));
#12998=IFCINDEXEDPOLYGONALFACE((280,345,375,349));
#12999=IFCINDEXEDPOLYGONALFACE((283,348,374,351));
#13000=IFCINDEXEDPOLYGONALFACE((284,341,373,351));
#13001=IFCINDEXEDPOLYGONALFACE((282,344,372,352));
#13002=IFCINDEXEDPOLYGONALFACE((285,337,371,352));
#13003=IFCINDEXEDPOLYGONALFACE((281,340,370,353));
#13004=IFCINDEXEDPOLYGONALFACE((286,333,369,353));
#13005=IFCINDEXEDPOLYGONALFACE((277,336,368,350));
#13006=IFCINDEXEDPOLYGONALFACE((402,471,470,406));
#13007=IFCINDEXEDPOLYGONALFACE((396,469,466,409));
#13008=IFCINDEXEDPOLYGONALFACE((329,366,367,332));
#13009=IFCINDEXEDPOLYGONALFACE((420,465,464,424));
#13010=IFCINDEXEDPOLYGONALFACE((414,463,460,427));
#13011=IFCINDEXEDPOLYGONALFACE((325,364,365,328));
#13012=IFCINDEXEDPOLYGONALFACE((438,459,458,442));
#13013=IFCINDEXEDPOLYGONALFACE((432,457,454,445));
#13014=IFCINDEXEDPOLYGONALFACE((321,362,363,324));
#13015=IFCINDEXEDPOLYGONALFACE((384,453,452,388));
#13016=IFCINDEXEDPOLYGONALFACE((378,451,448,391));
#13017=IFCINDEXEDPOLYGONALFACE((317,360,361,320));
#13018=IFCINDEXEDPOLYGONALFACE((291,292,359,358));
#13019=IFCINDEXEDPOLYGONALFACE((481,478,296,297));
#13020=IFCINDEXEDPOLYGONALFACE((289,357,358,288));
#13021=IFCINDEXEDPOLYGONALFACE((78,82,357,289));
#13022=IFCINDEXEDPOLYGONALFACE((294,355,356,293));
#13023=IFCINDEXEDPOLYGONALFACE((311,314,315,312));
#13024=IFCINDEXEDPOLYGONALFACE((277,350,354,295));
#13025=IFCINDEXEDPOLYGONALFACE((293,356,77,76));
#13026=IFCINDEXEDPOLYGONALFACE((287,359,349,279));
#13027=IFCINDEXEDPOLYGONALFACE((333,376,393,369));
#13028=IFCINDEXEDPOLYGONALFACE((376,377,392,393));
#13029=IFCINDEXEDPOLYGONALFACE((377,378,391,392));
#13030=IFCINDEXEDPOLYGONALFACE((336,382,390,368));
#13031=IFCINDEXEDPOLYGONALFACE((382,383,389,390));
#13032=IFCINDEXEDPOLYGONALFACE((383,384,388,389));
#13033=IFCINDEXEDPOLYGONALFACE((334,387,382,336));
#13034=IFCINDEXEDPOLYGONALFACE((387,386,383,382));
#13035=IFCINDEXEDPOLYGONALFACE((386,385,384,383));
#13036=IFCINDEXEDPOLYGONALFACE((368,390,379,335));
#13037=IFCINDEXEDPOLYGONALFACE((390,389,380,379));
#13038=IFCINDEXEDPOLYGONALFACE((389,388,381,380));
#13039=IFCINDEXEDPOLYGONALFACE((335,379,376,333));
#13040=IFCINDEXEDPOLYGONALFACE((379,380,377,376));
#13041=IFCINDEXEDPOLYGONALFACE((380,381,378,377));
#13042=IFCINDEXEDPOLYGONALFACE((369,393,387,334));
#13043=IFCINDEXEDPOLYGONALFACE((393,392,386,387));
#13044=IFCINDEXEDPOLYGONALFACE((392,391,385,386));
#13045=IFCINDEXEDPOLYGONALFACE((337,394,411,371));
#13046=IFCINDEXEDPOLYGONALFACE((394,395,410,411));
#13047=IFCINDEXEDPOLYGONALFACE((395,396,409,410));
#13048=IFCINDEXEDPOLYGONALFACE((340,400,408,370));
#13049=IFCINDEXEDPOLYGONALFACE((400,401,407,408));
#13050=IFCINDEXEDPOLYGONALFACE((401,402,406,407));
#13051=IFCINDEXEDPOLYGONALFACE((338,405,400,340));
#13052=IFCINDEXEDPOLYGONALFACE((405,404,401,400));
#13053=IFCINDEXEDPOLYGONALFACE((404,403,402,401));
#13054=IFCINDEXEDPOLYGONALFACE((370,408,397,339));
#13055=IFCINDEXEDPOLYGONALFACE((408,407,398,397));
#13056=IFCINDEXEDPOLYGONALFACE((407,406,399,398));
#13057=IFCINDEXEDPOLYGONALFACE((339,397,394,337));
#13058=IFCINDEXEDPOLYGONALFACE((397,398,395,394));
#13059=IFCINDEXEDPOLYGONALFACE((398,399,396,395));
#13060=IFCINDEXEDPOLYGONALFACE((371,411,405,338));
#13061=IFCINDEXEDPOLYGONALFACE((411,410,404,405));
#13062=IFCINDEXEDPOLYGONALFACE((410,409,403,404));
#13063=IFCINDEXEDPOLYGONALFACE((341,412,429,373));
#13064=IFCINDEXEDPOLYGONALFACE((412,413,428,429));
#13065=IFCINDEXEDPOLYGONALFACE((413,414,427,428));
#13066=IFCINDEXEDPOLYGONALFACE((344,418,426,372));
#13067=IFCINDEXEDPOLYGONALFACE((418,419,425,426));
#13068=IFCINDEXEDPOLYGONALFACE((419,420,424,425));
#13069=IFCINDEXEDPOLYGONALFACE((342,423,418,344));
#13070=IFCINDEXEDPOLYGONALFACE((423,422,419,418));
#13071=IFCINDEXEDPOLYGONALFACE((422,421,420,419));
#13072=IFCINDEXEDPOLYGONALFACE((372,426,415,343));
#13073=IFCINDEXEDPOLYGONALFACE((426,425,416,415));
#13074=IFCINDEXEDPOLYGONALFACE((425,424,417,416));
#13075=IFCINDEXEDPOLYGONALFACE((343,415,412,341));
#13076=IFCINDEXEDPOLYGONALFACE((415,416,413,412));
#13077=IFCINDEXEDPOLYGONALFACE((416,417,414,413));
#13078=IFCINDEXEDPOLYGONALFACE((373,429,423,342));
#13079=IFCINDEXEDPOLYGONALFACE((429,428,422,423));
#13080=IFCINDEXEDPOLYGONALFACE((428,427,421,422));
#13081=IFCINDEXEDPOLYGONALFACE((345,430,447,375));
#13082=IFCINDEXEDPOLYGONALFACE((430,431,446,447));
#13083=IFCINDEXEDPOLYGONALFACE((431,432,445,446));
#13084=IFCINDEXEDPOLYGONALFACE((348,436,444,374));
#13085=IFCINDEXEDPOLYGONALFACE((436,437,443,444));
#13086=IFCINDEXEDPOLYGONALFACE((437,438,442,443));
#13087=IFCINDEXEDPOLYGONALFACE((346,441,436,348));
#13088=IFCINDEXEDPOLYGONALFACE((441,440,437,436));
#13089=IFCINDEXEDPOLYGONALFACE((440,439,438,437));
#13090=IFCINDEXEDPOLYGONALFACE((374,444,433,347));
#13091=IFCINDEXEDPOLYGONALFACE((444,443,434,433));
#13092=IFCINDEXEDPOLYGONALFACE((443,442,435,434));
#13093=IFCINDEXEDPOLYGONALFACE((347,433,430,345));
#13094=IFCINDEXEDPOLYGONALFACE((433,434,431,430));
#13095=IFCINDEXEDPOLYGONALFACE((434,435,432,431));
#13096=IFCINDEXEDPOLYGONALFACE((375,447,441,346));
#13097=IFCINDEXEDPOLYGONALFACE((447,446,440,441));
#13098=IFCINDEXEDPOLYGONALFACE((446,445,439,440));
#13099=IFCINDEXEDPOLYGONALFACE((360,317,449,448));
#13100=IFCINDEXEDPOLYGONALFACE((319,318,451,450));
#13101=IFCINDEXEDPOLYGONALFACE((361,319,450,452));
#13102=IFCINDEXEDPOLYGONALFACE((317,320,453,449));
#13103=IFCINDEXEDPOLYGONALFACE((362,321,455,454));
#13104=IFCINDEXEDPOLYGONALFACE((323,322,457,456));
#13105=IFCINDEXEDPOLYGONALFACE((363,323,456,458));
#13106=IFCINDEXEDPOLYGONALFACE((321,324,459,455));
#13107=IFCINDEXEDPOLYGONALFACE((364,325,461,460));
#13108=IFCINDEXEDPOLYGONALFACE((327,326,463,462));
#13109=IFCINDEXEDPOLYGONALFACE((365,327,462,464));
#13110=IFCINDEXEDPOLYGONALFACE((325,328,465,461));
#13111=IFCINDEXEDPOLYGONALFACE((366,329,467,466));
#13112=IFCINDEXEDPOLYGONALFACE((331,330,469,468));
#13113=IFCINDEXEDPOLYGONALFACE((367,331,468,470));
#13114=IFCINDEXEDPOLYGONALFACE((329,332,471,467));
#13115=IFCINDEXEDPOLYGONALFACE((318,360,448,451));
#13116=IFCINDEXEDPOLYGONALFACE((320,361,452,453));
#13117=IFCINDEXEDPOLYGONALFACE((322,362,454,457));
#13118=IFCINDEXEDPOLYGONALFACE((324,363,458,459));
#13119=IFCINDEXEDPOLYGONALFACE((326,364,460,463));
#13120=IFCINDEXEDPOLYGONALFACE((328,365,464,465));
#13121=IFCINDEXEDPOLYGONALFACE((330,366,466,469));
#13122=IFCINDEXEDPOLYGONALFACE((332,367,470,471));
#13123=IFCINDEXEDPOLYGONALFACE((476,473,474,477));
#13124=IFCINDEXEDPOLYGONALFACE((493,496,497,487));
#13125=IFCINDEXEDPOLYGONALFACE((483,498,499,480));
#13126=IFCINDEXEDPOLYGONALFACE((490,500,498,483));
#13127=IFCINDEXEDPOLYGONALFACE((487,497,501,486));
#13128=IFCINDEXEDPOLYGONALFACE((486,501,500,490));
#13129=IFCINDEXEDPOLYGONALFACE((480,499,496,493));
#13130=IFCINDEXEDPOLYGONALFACE((472,476,477,475));
#13131=IFCINDEXEDPOLYGONALFACE((478,479,494,495));
#13132=IFCINDEXEDPOLYGONALFACE((479,480,493,494));
#13133=IFCINDEXEDPOLYGONALFACE((484,485,491,492));
#13134=IFCINDEXEDPOLYGONALFACE((485,486,490,491));
#13135=IFCINDEXEDPOLYGONALFACE((489,488,485,484));
#13136=IFCINDEXEDPOLYGONALFACE((488,487,486,485));
#13137=IFCINDEXEDPOLYGONALFACE((492,491,482,481));
#13138=IFCINDEXEDPOLYGONALFACE((491,490,483,482));
#13139=IFCINDEXEDPOLYGONALFACE((481,482,479,478));
#13140=IFCINDEXEDPOLYGONALFACE((482,483,480,479));
#13141=IFCINDEXEDPOLYGONALFACE((495,494,488,489));
#13142=IFCINDEXEDPOLYGONALFACE((494,493,487,488));
#13143=IFCINDEXEDPOLYGONALFACE((476,472,497,496));
#13144=IFCINDEXEDPOLYGONALFACE((474,473,499,498));
#13145=IFCINDEXEDPOLYGONALFACE((477,474,498,500));
#13146=IFCINDEXEDPOLYGONALFACE((472,475,501,497));
#13147=IFCINDEXEDPOLYGONALFACE((473,476,496,499));
#13148=IFCINDEXEDPOLYGONALFACE((475,477,500,501));
#13149=IFCINDEXEDPOLYGONALFACE((820,1333,508,127));
#13150=IFCINDEXEDPOLYGONALFACE((28,506,507,118));
#13151=IFCINDEXEDPOLYGONALFACE((127,508,502,13));
#13152=IFCINDEXEDPOLYGONALFACE((13,502,503,17));
#13153=IFCINDEXEDPOLYGONALFACE((17,503,504,20));
#13154=IFCINDEXEDPOLYGONALFACE((20,504,505,24));
#13155=IFCINDEXEDPOLYGONALFACE((24,505,506,28));
#13156=IFCINDEXEDPOLYGONALFACE((118,507,1339,844));
#13157=IFCINDEXEDPOLYGONALFACE((553,543,510,519));
#13158=IFCINDEXEDPOLYGONALFACE((519,510,512,523));
#13159=IFCINDEXEDPOLYGONALFACE((523,512,514,527));
#13160=IFCINDEXEDPOLYGONALFACE((527,514,516,531));
#13161=IFCINDEXEDPOLYGONALFACE((531,516,518,535));
#13162=IFCINDEXEDPOLYGONALFACE((549,545,1355,1380));
#13163=IFCINDEXEDPOLYGONALFACE((544,546,1383,1354));
#13164=IFCINDEXEDPOLYGONALFACE((546,547,1382,1383));
#13165=IFCINDEXEDPOLYGONALFACE((547,548,1381,1382));
#13166=IFCINDEXEDPOLYGONALFACE((548,549,1380,1381));
#13167=IFCINDEXEDPOLYGONALFACE((515,534,538,517));
#13168=IFCINDEXEDPOLYGONALFACE((534,533,537,538));
#13169=IFCINDEXEDPOLYGONALFACE((533,532,536,537));
#13170=IFCINDEXEDPOLYGONALFACE((532,531,535,536));
#13171=IFCINDEXEDPOLYGONALFACE((513,530,534,515));
#13172=IFCINDEXEDPOLYGONALFACE((530,529,533,534));
#13173=IFCINDEXEDPOLYGONALFACE((529,528,532,533));
#13174=IFCINDEXEDPOLYGONALFACE((528,527,531,532));
#13175=IFCINDEXEDPOLYGONALFACE((511,526,530,513));
#13176=IFCINDEXEDPOLYGONALFACE((526,525,529,530));
#13177=IFCINDEXEDPOLYGONALFACE((525,524,528,529));
#13178=IFCINDEXEDPOLYGONALFACE((524,523,527,528));
#13179=IFCINDEXEDPOLYGONALFACE((509,522,526,511));
#13180=IFCINDEXEDPOLYGONALFACE((522,521,525,526));
#13181=IFCINDEXEDPOLYGONALFACE((521,520,524,525));
#13182=IFCINDEXEDPOLYGONALFACE((520,519,523,524));
#13183=IFCINDEXEDPOLYGONALFACE((542,550,522,509));
#13184=IFCINDEXEDPOLYGONALFACE((550,551,521,522));
#13185=IFCINDEXEDPOLYGONALFACE((551,552,520,521));
#13186=IFCINDEXEDPOLYGONALFACE((552,553,519,520));
#13187=IFCINDEXEDPOLYGONALFACE((544,1354,859,122));
#13188=IFCINDEXEDPOLYGONALFACE((515,517,39,38));
#13189=IFCINDEXEDPOLYGONALFACE((513,515,38,37));
#13190=IFCINDEXEDPOLYGONALFACE((542,509,35,131));
#13191=IFCINDEXEDPOLYGONALFACE((511,513,37,36));
#13192=IFCINDEXEDPOLYGONALFACE((509,511,36,35));
#13193=IFCINDEXEDPOLYGONALFACE((556,1386,1355,545));
#13194=IFCINDEXEDPOLYGONALFACE((512,510,539));
#13195=IFCINDEXEDPOLYGONALFACE((543,1343,1384,554));
#13196=IFCINDEXEDPOLYGONALFACE((554,1384,1385,555));
#13197=IFCINDEXEDPOLYGONALFACE((555,1385,1386,556));
#13198=IFCINDEXEDPOLYGONALFACE((514,512,539,540));
#13199=IFCINDEXEDPOLYGONALFACE((516,514,540,541));
#13200=IFCINDEXEDPOLYGONALFACE((518,516,541));
#13201=IFCINDEXEDPOLYGONALFACE((540,555,556,541));
#13202=IFCINDEXEDPOLYGONALFACE((539,554,555,540));
#13203=IFCINDEXEDPOLYGONALFACE((510,543,554,539));
#13204=IFCINDEXEDPOLYGONALFACE((541,556,545,518));
#13205=IFCINDEXEDPOLYGONALFACE((1342,542,131,854));
#13206=IFCINDEXEDPOLYGONALFACE((517,544,122,39));
#13207=IFCINDEXEDPOLYGONALFACE((1358,1359,553,552));
#13208=IFCINDEXEDPOLYGONALFACE((1357,1358,552,551));
#13209=IFCINDEXEDPOLYGONALFACE((1356,1357,551,550));
#13210=IFCINDEXEDPOLYGONALFACE((1342,1356,550,542));
#13211=IFCINDEXEDPOLYGONALFACE((536,535,549,548));
#13212=IFCINDEXEDPOLYGONALFACE((537,536,548,547));
#13213=IFCINDEXEDPOLYGONALFACE((538,537,547,546));
#13214=IFCINDEXEDPOLYGONALFACE((517,538,546,544));
#13215=IFCINDEXEDPOLYGONALFACE((535,518,545,549));
#13216=IFCINDEXEDPOLYGONALFACE((1359,1343,543,553));
#13217=IFCINDEXEDPOLYGONALFACE((694,237,238,688));
#13218=IFCINDEXEDPOLYGONALFACE((702,236,230,689));
#13219=IFCINDEXEDPOLYGONALFACE((787,778,561,690));
#13220=IFCINDEXEDPOLYGONALFACE((786,789,560,574));
#13221=IFCINDEXEDPOLYGONALFACE((782,788,558,578));
#13222=IFCINDEXEDPOLYGONALFACE((583,565,564,579));
#13223=IFCINDEXEDPOLYGONALFACE((693,231,232,691));
#13224=IFCINDEXEDPOLYGONALFACE((765,755,235,692));
#13225=IFCINDEXEDPOLYGONALFACE((689,230,231,693));
#13226=IFCINDEXEDPOLYGONALFACE((567,562,565,583));
#13227=IFCINDEXEDPOLYGONALFACE((692,235,237,694));
#13228=IFCINDEXEDPOLYGONALFACE((559,570,586,566));
#13229=IFCINDEXEDPOLYGONALFACE((570,569,585,586));
#13230=IFCINDEXEDPOLYGONALFACE((569,568,584,585));
#13231=IFCINDEXEDPOLYGONALFACE((568,567,583,584));
#13232=IFCINDEXEDPOLYGONALFACE((566,586,582,563));
#13233=IFCINDEXEDPOLYGONALFACE((586,585,581,582));
#13234=IFCINDEXEDPOLYGONALFACE((585,584,580,581));
#13235=IFCINDEXEDPOLYGONALFACE((584,583,579,580));
#13236=IFCINDEXEDPOLYGONALFACE((778,779,575,561));
#13237=IFCINDEXEDPOLYGONALFACE((779,780,576,575));
#13238=IFCINDEXEDPOLYGONALFACE((780,781,577,576));
#13239=IFCINDEXEDPOLYGONALFACE((781,782,578,577));
#13240=IFCINDEXEDPOLYGONALFACE((777,783,571,557));
#13241=IFCINDEXEDPOLYGONALFACE((783,784,572,571));
#13242=IFCINDEXEDPOLYGONALFACE((784,785,573,572));
#13243=IFCINDEXEDPOLYGONALFACE((785,786,574,573));
#13244=IFCINDEXEDPOLYGONALFACE((688,238,239,699));
#13245=IFCINDEXEDPOLYGONALFACE((699,239,700));
#13246=IFCINDEXEDPOLYGONALFACE((700,239,701));
#13247=IFCINDEXEDPOLYGONALFACE((701,239,236,702));
#13248=IFCINDEXEDPOLYGONALFACE((723,588,589,724));
#13249=IFCINDEXEDPOLYGONALFACE((740,703,608,657));
#13250=IFCINDEXEDPOLYGONALFACE((660,609,607,656));
#13251=IFCINDEXEDPOLYGONALFACE((738,704,609,660));
#13252=IFCINDEXEDPOLYGONALFACE((657,608,610,662));
#13253=IFCINDEXEDPOLYGONALFACE((725,592,593,726));
#13254=IFCINDEXEDPOLYGONALFACE((752,705,612,681));
#13255=IFCINDEXEDPOLYGONALFACE((684,613,611,680));
#13256=IFCINDEXEDPOLYGONALFACE((750,706,613,684));
#13257=IFCINDEXEDPOLYGONALFACE((681,612,614,686));
#13258=IFCINDEXEDPOLYGONALFACE((727,596,597,728));
#13259=IFCINDEXEDPOLYGONALFACE((748,707,616,673));
#13260=IFCINDEXEDPOLYGONALFACE((676,617,615,672));
#13261=IFCINDEXEDPOLYGONALFACE((746,708,617,676));
#13262=IFCINDEXEDPOLYGONALFACE((673,616,618,678));
#13263=IFCINDEXEDPOLYGONALFACE((729,600,601,730));
#13264=IFCINDEXEDPOLYGONALFACE((744,709,620,665));
#13265=IFCINDEXEDPOLYGONALFACE((668,621,619,664));
#13266=IFCINDEXEDPOLYGONALFACE((742,710,621,668));
#13267=IFCINDEXEDPOLYGONALFACE((665,620,622,670));
#13268=IFCINDEXEDPOLYGONALFACE((731,604,605,732));
#13269=IFCINDEXEDPOLYGONALFACE((736,711,624,649));
#13270=IFCINDEXEDPOLYGONALFACE((652,625,623,648));
#13271=IFCINDEXEDPOLYGONALFACE((734,712,625,652));
#13272=IFCINDEXEDPOLYGONALFACE((649,624,626,654));
#13273=IFCINDEXEDPOLYGONALFACE((713,628,608,703));
#13274=IFCINDEXEDPOLYGONALFACE((629,627,607,609));
#13275=IFCINDEXEDPOLYGONALFACE((714,629,609,704));
#13276=IFCINDEXEDPOLYGONALFACE((628,630,610,608));
#13277=IFCINDEXEDPOLYGONALFACE((715,632,612,705));
#13278=IFCINDEXEDPOLYGONALFACE((633,631,611,613));
#13279=IFCINDEXEDPOLYGONALFACE((716,633,613,706));
#13280=IFCINDEXEDPOLYGONALFACE((632,634,614,612));
#13281=IFCINDEXEDPOLYGONALFACE((717,636,616,707));
#13282=IFCINDEXEDPOLYGONALFACE((637,635,615,617));
#13283=IFCINDEXEDPOLYGONALFACE((718,637,617,708));
#13284=IFCINDEXEDPOLYGONALFACE((636,638,618,616));
#13285=IFCINDEXEDPOLYGONALFACE((719,640,620,709));
#13286=IFCINDEXEDPOLYGONALFACE((641,639,619,621));
#13287=IFCINDEXEDPOLYGONALFACE((720,641,621,710));
#13288=IFCINDEXEDPOLYGONALFACE((640,642,622,620));
#13289=IFCINDEXEDPOLYGONALFACE((721,644,624,711));
#13290=IFCINDEXEDPOLYGONALFACE((645,643,623,625));
#13291=IFCINDEXEDPOLYGONALFACE((722,645,625,712));
#13292=IFCINDEXEDPOLYGONALFACE((644,646,626,624));
#13293=IFCINDEXEDPOLYGONALFACE((723,587,628,713));
#13294=IFCINDEXEDPOLYGONALFACE((589,588,627,629));
#13295=IFCINDEXEDPOLYGONALFACE((724,589,629,714));
#13296=IFCINDEXEDPOLYGONALFACE((587,590,630,628));
#13297=IFCINDEXEDPOLYGONALFACE((725,591,632,715));
#13298=IFCINDEXEDPOLYGONALFACE((593,592,631,633));
#13299=IFCINDEXEDPOLYGONALFACE((726,593,633,716));
#13300=IFCINDEXEDPOLYGONALFACE((591,594,634,632));
#13301=IFCINDEXEDPOLYGONALFACE((727,595,636,717));
#13302=IFCINDEXEDPOLYGONALFACE((597,596,635,637));
#13303=IFCINDEXEDPOLYGONALFACE((728,597,637,718));
#13304=IFCINDEXEDPOLYGONALFACE((595,598,638,636));
#13305=IFCINDEXEDPOLYGONALFACE((729,599,640,719));
#13306=IFCINDEXEDPOLYGONALFACE((601,600,639,641));
#13307=IFCINDEXEDPOLYGONALFACE((730,601,641,720));
#13308=IFCINDEXEDPOLYGONALFACE((599,602,642,640));
#13309=IFCINDEXEDPOLYGONALFACE((731,603,644,721));
#13310=IFCINDEXEDPOLYGONALFACE((605,604,643,645));
#13311=IFCINDEXEDPOLYGONALFACE((732,605,645,722));
#13312=IFCINDEXEDPOLYGONALFACE((603,606,646,644));
#13313=IFCINDEXEDPOLYGONALFACE((572,650,653,571));
#13314=IFCINDEXEDPOLYGONALFACE((650,649,654,653));
#13315=IFCINDEXEDPOLYGONALFACE((698,733,651,578));
#13316=IFCINDEXEDPOLYGONALFACE((733,734,652,651));
#13317=IFCINDEXEDPOLYGONALFACE((578,651,647,577));
#13318=IFCINDEXEDPOLYGONALFACE((651,652,648,647));
#13319=IFCINDEXEDPOLYGONALFACE((697,735,650,572));
#13320=IFCINDEXEDPOLYGONALFACE((735,736,649,650));
#13321=IFCINDEXEDPOLYGONALFACE((571,658,661,557));
#13322=IFCINDEXEDPOLYGONALFACE((658,657,662,661));
#13323=IFCINDEXEDPOLYGONALFACE((687,737,659,558));
#13324=IFCINDEXEDPOLYGONALFACE((737,738,660,659));
#13325=IFCINDEXEDPOLYGONALFACE((558,659,655,578));
#13326=IFCINDEXEDPOLYGONALFACE((659,660,656,655));
#13327=IFCINDEXEDPOLYGONALFACE((698,739,658,571));
#13328=IFCINDEXEDPOLYGONALFACE((739,740,657,658));
#13329=IFCINDEXEDPOLYGONALFACE((573,666,669,572));
#13330=IFCINDEXEDPOLYGONALFACE((666,665,670,669));
#13331=IFCINDEXEDPOLYGONALFACE((697,741,667,577));
#13332=IFCINDEXEDPOLYGONALFACE((741,742,668,667));
#13333=IFCINDEXEDPOLYGONALFACE((577,667,663,576));
#13334=IFCINDEXEDPOLYGONALFACE((667,668,664,663));
#13335=IFCINDEXEDPOLYGONALFACE((696,743,666,573));
#13336=IFCINDEXEDPOLYGONALFACE((743,744,665,666));
#13337=IFCINDEXEDPOLYGONALFACE((574,674,677,573));
#13338=IFCINDEXEDPOLYGONALFACE((674,673,678,677));
#13339=IFCINDEXEDPOLYGONALFACE((696,745,675,576));
#13340=IFCINDEXEDPOLYGONALFACE((745,746,676,675));
#13341=IFCINDEXEDPOLYGONALFACE((576,675,671,575));
#13342=IFCINDEXEDPOLYGONALFACE((675,676,672,671));
#13343=IFCINDEXEDPOLYGONALFACE((695,747,674,574));
#13344=IFCINDEXEDPOLYGONALFACE((747,748,673,674));
#13345=IFCINDEXEDPOLYGONALFACE((560,682,685,574));
#13346=IFCINDEXEDPOLYGONALFACE((682,681,686,685));
#13347=IFCINDEXEDPOLYGONALFACE((695,749,683,575));
#13348=IFCINDEXEDPOLYGONALFACE((749,750,684,683));
#13349=IFCINDEXEDPOLYGONALFACE((575,683,679,561));
#13350=IFCINDEXEDPOLYGONALFACE((683,684,680,679));
#13351=IFCINDEXEDPOLYGONALFACE((690,751,682,560));
#13352=IFCINDEXEDPOLYGONALFACE((751,752,681,682));
#13353=IFCINDEXEDPOLYGONALFACE((679,680,752,751));
#13354=IFCINDEXEDPOLYGONALFACE((561,679,751,690));
#13355=IFCINDEXEDPOLYGONALFACE((685,686,750,749));
#13356=IFCINDEXEDPOLYGONALFACE((574,685,749,695));
#13357=IFCINDEXEDPOLYGONALFACE((671,672,748,747));
#13358=IFCINDEXEDPOLYGONALFACE((575,671,747,695));
#13359=IFCINDEXEDPOLYGONALFACE((677,678,746,745));
#13360=IFCINDEXEDPOLYGONALFACE((573,677,745,696));
#13361=IFCINDEXEDPOLYGONALFACE((663,664,744,743));
#13362=IFCINDEXEDPOLYGONALFACE((576,663,743,696));
#13363=IFCINDEXEDPOLYGONALFACE((669,670,742,741));
#13364=IFCINDEXEDPOLYGONALFACE((572,669,741,697));
#13365=IFCINDEXEDPOLYGONALFACE((655,656,740,739));
#13366=IFCINDEXEDPOLYGONALFACE((578,655,739,698));
#13367=IFCINDEXEDPOLYGONALFACE((661,662,738,737));
#13368=IFCINDEXEDPOLYGONALFACE((557,661,737,687));
#13369=IFCINDEXEDPOLYGONALFACE((647,648,736,735));
#13370=IFCINDEXEDPOLYGONALFACE((577,647,735,697));
#13371=IFCINDEXEDPOLYGONALFACE((653,654,734,733));
#13372=IFCINDEXEDPOLYGONALFACE((571,653,733,698));
#13373=IFCINDEXEDPOLYGONALFACE((606,732,722,646));
#13374=IFCINDEXEDPOLYGONALFACE((604,731,721,643));
#13375=IFCINDEXEDPOLYGONALFACE((602,730,720,642));
#13376=IFCINDEXEDPOLYGONALFACE((600,729,719,639));
#13377=IFCINDEXEDPOLYGONALFACE((598,728,718,638));
#13378=IFCINDEXEDPOLYGONALFACE((596,727,717,635));
#13379=IFCINDEXEDPOLYGONALFACE((594,726,716,634));
#13380=IFCINDEXEDPOLYGONALFACE((592,725,715,631));
#13381=IFCINDEXEDPOLYGONALFACE((590,724,714,630));
#13382=IFCINDEXEDPOLYGONALFACE((588,723,713,627));
#13383=IFCINDEXEDPOLYGONALFACE((646,722,712,626));
#13384=IFCINDEXEDPOLYGONALFACE((643,721,711,623));
#13385=IFCINDEXEDPOLYGONALFACE((642,720,710,622));
#13386=IFCINDEXEDPOLYGONALFACE((639,719,709,619));
#13387=IFCINDEXEDPOLYGONALFACE((638,718,708,618));
#13388=IFCINDEXEDPOLYGONALFACE((635,717,707,615));
#13389=IFCINDEXEDPOLYGONALFACE((634,716,706,614));
#13390=IFCINDEXEDPOLYGONALFACE((631,715,705,611));
#13391=IFCINDEXEDPOLYGONALFACE((630,714,704,610));
#13392=IFCINDEXEDPOLYGONALFACE((627,713,703,607));
#13393=IFCINDEXEDPOLYGONALFACE((654,626,712,734));
#13394=IFCINDEXEDPOLYGONALFACE((648,623,711,736));
#13395=IFCINDEXEDPOLYGONALFACE((603,731,732,606));
#13396=IFCINDEXEDPOLYGONALFACE((670,622,710,742));
#13397=IFCINDEXEDPOLYGONALFACE((664,619,709,744));
#13398=IFCINDEXEDPOLYGONALFACE((599,729,730,602));
#13399=IFCINDEXEDPOLYGONALFACE((678,618,708,746));
#13400=IFCINDEXEDPOLYGONALFACE((672,615,707,748));
#13401=IFCINDEXEDPOLYGONALFACE((595,727,728,598));
#13402=IFCINDEXEDPOLYGONALFACE((686,614,706,750));
#13403=IFCINDEXEDPOLYGONALFACE((680,611,705,752));
#13404=IFCINDEXEDPOLYGONALFACE((591,725,726,594));
#13405=IFCINDEXEDPOLYGONALFACE((662,610,704,738));
#13406=IFCINDEXEDPOLYGONALFACE((656,607,703,740));
#13407=IFCINDEXEDPOLYGONALFACE((587,723,724,590));
#13408=IFCINDEXEDPOLYGONALFACE((568,701,702,567));
#13409=IFCINDEXEDPOLYGONALFACE((569,700,701,568));
#13410=IFCINDEXEDPOLYGONALFACE((570,699,700,569));
#13411=IFCINDEXEDPOLYGONALFACE((559,688,699,570));
#13412=IFCINDEXEDPOLYGONALFACE((563,692,694,566));
#13413=IFCINDEXEDPOLYGONALFACE((562,689,693,565));
#13414=IFCINDEXEDPOLYGONALFACE((753,765,692,563));
#13415=IFCINDEXEDPOLYGONALFACE((565,693,691,564));
#13416=IFCINDEXEDPOLYGONALFACE((789,787,690,560));
#13417=IFCINDEXEDPOLYGONALFACE((567,702,689,562));
#13418=IFCINDEXEDPOLYGONALFACE((566,694,688,559));
#13419=IFCINDEXEDPOLYGONALFACE((564,691,766,756));
#13420=IFCINDEXEDPOLYGONALFACE((766,754,800,791));
#13421=IFCINDEXEDPOLYGONALFACE((580,579,764,763));
#13422=IFCINDEXEDPOLYGONALFACE((581,580,763,762));
#13423=IFCINDEXEDPOLYGONALFACE((582,581,762,761));
#13424=IFCINDEXEDPOLYGONALFACE((563,582,761,753));
#13425=IFCINDEXEDPOLYGONALFACE((234,760,759));
#13426=IFCINDEXEDPOLYGONALFACE((234,759,758));
#13427=IFCINDEXEDPOLYGONALFACE((233,234,758,757));
#13428=IFCINDEXEDPOLYGONALFACE((232,233,757,754));
#13429=IFCINDEXEDPOLYGONALFACE((801,802,765,753));
#13430=IFCINDEXEDPOLYGONALFACE((234,235,755,760));
#13431=IFCINDEXEDPOLYGONALFACE((579,564,756,764));
#13432=IFCINDEXEDPOLYGONALFACE((691,232,754,766));
#13433=IFCINDEXEDPOLYGONALFACE((269,264,776,773));
#13434=IFCINDEXEDPOLYGONALFACE((263,249,775,772));
#13435=IFCINDEXEDPOLYGONALFACE((260,243,774,771));
#13436=IFCINDEXEDPOLYGONALFACE((257,269,773,770));
#13437=IFCINDEXEDPOLYGONALFACE((264,263,772,776));
#13438=IFCINDEXEDPOLYGONALFACE((254,260,771,769));
#13439=IFCINDEXEDPOLYGONALFACE((242,257,770,767));
#13440=IFCINDEXEDPOLYGONALFACE((248,254,769,768));
#13441=IFCINDEXEDPOLYGONALFACE((249,248,768,775));
#13442=IFCINDEXEDPOLYGONALFACE((243,242,767,774));
#13443=IFCINDEXEDPOLYGONALFACE((687,558,788,790));
#13444=IFCINDEXEDPOLYGONALFACE((557,687,790,777));
#13445=IFCINDEXEDPOLYGONALFACE((802,804,755,765));
#13446=IFCINDEXEDPOLYGONALFACE((803,791,787,789));
#13447=IFCINDEXEDPOLYGONALFACE((793,792,786,785));
#13448=IFCINDEXEDPOLYGONALFACE((794,793,785,784));
#13449=IFCINDEXEDPOLYGONALFACE((795,794,784,783));
#13450=IFCINDEXEDPOLYGONALFACE((801,795,783,777));
#13451=IFCINDEXEDPOLYGONALFACE((797,796,782,781));
#13452=IFCINDEXEDPOLYGONALFACE((798,797,781,780));
#13453=IFCINDEXEDPOLYGONALFACE((799,798,780,779));
#13454=IFCINDEXEDPOLYGONALFACE((800,799,779,778));
#13455=IFCINDEXEDPOLYGONALFACE((796,804,788,782));
#13456=IFCINDEXEDPOLYGONALFACE((792,803,789,786));
#13457=IFCINDEXEDPOLYGONALFACE((777,790,802,801));
#13458=IFCINDEXEDPOLYGONALFACE((790,788,804,802));
#13459=IFCINDEXEDPOLYGONALFACE((756,766,791,803));
#13460=IFCINDEXEDPOLYGONALFACE((763,764,792,793));
#13461=IFCINDEXEDPOLYGONALFACE((762,763,793,794));
#13462=IFCINDEXEDPOLYGONALFACE((761,762,794,795));
#13463=IFCINDEXEDPOLYGONALFACE((753,761,795,801));
#13464=IFCINDEXEDPOLYGONALFACE((759,760,796,797));
#13465=IFCINDEXEDPOLYGONALFACE((758,759,797,798));
#13466=IFCINDEXEDPOLYGONALFACE((757,758,798,799));
#13467=IFCINDEXEDPOLYGONALFACE((754,757,799,800));
#13468=IFCINDEXEDPOLYGONALFACE((760,755,804,796));
#13469=IFCINDEXEDPOLYGONALFACE((764,756,803,792));
#13470=IFCINDEXEDPOLYGONALFACE((791,800,778,787));
#13471=IFCINDEXEDPOLYGONALFACE((951,823,879,954));
#13472=IFCINDEXEDPOLYGONALFACE((823,827,878,879));
#13473=IFCINDEXEDPOLYGONALFACE((812,860,862,814));
#13474=IFCINDEXEDPOLYGONALFACE((810,861,860,812));
#13475=IFCINDEXEDPOLYGONALFACE((834,838,870,872));
#13476=IFCINDEXEDPOLYGONALFACE((942,842,869,945));
#13477=IFCINDEXEDPOLYGONALFACE((1007,1006,845,939));
#13478=IFCINDEXEDPOLYGONALFACE((1106,1105,844,940));
#13479=IFCINDEXEDPOLYGONALFACE((1340,1339,843,941));
#13480=IFCINDEXEDPOLYGONALFACE((941,843,842,942));
#13481=IFCINDEXEDPOLYGONALFACE((1004,1005,841,837));
#13482=IFCINDEXEDPOLYGONALFACE((1103,1104,840,836));
#13483=IFCINDEXEDPOLYGONALFACE((1337,1338,839,835));
#13484=IFCINDEXEDPOLYGONALFACE((835,839,838,834));
#13485=IFCINDEXEDPOLYGONALFACE((1003,1004,837,833));
#13486=IFCINDEXEDPOLYGONALFACE((1102,1103,836,832));
#13487=IFCINDEXEDPOLYGONALFACE((1336,1337,835,831));
#13488=IFCINDEXEDPOLYGONALFACE((862,867,871,874));
#13489=IFCINDEXEDPOLYGONALFACE((1002,1003,833,830));
#13490=IFCINDEXEDPOLYGONALFACE((1101,1102,832,829));
#13491=IFCINDEXEDPOLYGONALFACE((1335,1336,831,828));
#13492=IFCINDEXEDPOLYGONALFACE((828,884,888,876));
#13493=IFCINDEXEDPOLYGONALFACE((1001,1002,830,826));
#13494=IFCINDEXEDPOLYGONALFACE((1100,1101,829,825));
#13495=IFCINDEXEDPOLYGONALFACE((1334,1335,828,824));
#13496=IFCINDEXEDPOLYGONALFACE((824,828,827,823));
#13497=IFCINDEXEDPOLYGONALFACE((1008,1001,826,948));
#13498=IFCINDEXEDPOLYGONALFACE((1107,1100,825,949));
#13499=IFCINDEXEDPOLYGONALFACE((1341,1334,824,950));
#13500=IFCINDEXEDPOLYGONALFACE((950,824,823,951));
#13501=IFCINDEXEDPOLYGONALFACE((938,943,851,816));
#13502=IFCINDEXEDPOLYGONALFACE((816,851,850,814));
#13503=IFCINDEXEDPOLYGONALFACE((814,850,849,812));
#13504=IFCINDEXEDPOLYGONALFACE((947,952,847,806));
#13505=IFCINDEXEDPOLYGONALFACE((812,849,848,810));
#13506=IFCINDEXEDPOLYGONALFACE((810,848,846,808));
#13507=IFCINDEXEDPOLYGONALFACE((851,858,857,850));
#13508=IFCINDEXEDPOLYGONALFACE((848,855,853,846));
#13509=IFCINDEXEDPOLYGONALFACE((943,944,858,851));
#13510=IFCINDEXEDPOLYGONALFACE((849,856,855,848));
#13511=IFCINDEXEDPOLYGONALFACE((850,857,856,849));
#13512=IFCINDEXEDPOLYGONALFACE((952,953,854,847));
#13513=IFCINDEXEDPOLYGONALFACE((863,865,860,861));
#13514=IFCINDEXEDPOLYGONALFACE((865,867,862,860));
#13515=IFCINDEXEDPOLYGONALFACE((866,868,867,865));
#13516=IFCINDEXEDPOLYGONALFACE((864,866,865,863));
#13517=IFCINDEXEDPOLYGONALFACE((827,877,880,878));
#13518=IFCINDEXEDPOLYGONALFACE((834,871,873,835));
#13519=IFCINDEXEDPOLYGONALFACE((868,886,883,873));
#13520=IFCINDEXEDPOLYGONALFACE((828,876,877,827));
#13521=IFCINDEXEDPOLYGONALFACE((877,863,861,880));
#13522=IFCINDEXEDPOLYGONALFACE((871,867,868,873));
#13523=IFCINDEXEDPOLYGONALFACE((870,816,814,872));
#13524=IFCINDEXEDPOLYGONALFACE((871,834,872,874));
#13525=IFCINDEXEDPOLYGONALFACE((945,938,816,870));
#13526=IFCINDEXEDPOLYGONALFACE((954,947,806,875));
#13527=IFCINDEXEDPOLYGONALFACE((878,810,808,879));
#13528=IFCINDEXEDPOLYGONALFACE((876,864,863,877));
#13529=IFCINDEXEDPOLYGONALFACE((880,861,810,878));
#13530=IFCINDEXEDPOLYGONALFACE((814,862,874,872));
#13531=IFCINDEXEDPOLYGONALFACE((881,889,892,884));
#13532=IFCINDEXEDPOLYGONALFACE((885,893,894,886));
#13533=IFCINDEXEDPOLYGONALFACE((873,883,882,835));
#13534=IFCINDEXEDPOLYGONALFACE((864,887,885,866));
#13535=IFCINDEXEDPOLYGONALFACE((831,881,884,828));
#13536=IFCINDEXEDPOLYGONALFACE((866,885,886,868));
#13537=IFCINDEXEDPOLYGONALFACE((876,888,887,864));
#13538=IFCINDEXEDPOLYGONALFACE((835,882,881,831));
#13539=IFCINDEXEDPOLYGONALFACE((908,904,903,916));
#13540=IFCINDEXEDPOLYGONALFACE((909,900,904,908));
#13541=IFCINDEXEDPOLYGONALFACE((882,890,889,881));
#13542=IFCINDEXEDPOLYGONALFACE((886,894,891,883));
#13543=IFCINDEXEDPOLYGONALFACE((887,895,893,885));
#13544=IFCINDEXEDPOLYGONALFACE((883,891,890,882));
#13545=IFCINDEXEDPOLYGONALFACE((884,892,896,888));
#13546=IFCINDEXEDPOLYGONALFACE((888,896,895,887));
#13547=IFCINDEXEDPOLYGONALFACE((921,901,902,920));
#13548=IFCINDEXEDPOLYGONALFACE((925,897,900,909));
#13549=IFCINDEXEDPOLYGONALFACE((929,898,897,925));
#13550=IFCINDEXEDPOLYGONALFACE((920,902,899,936));
#13551=IFCINDEXEDPOLYGONALFACE((916,903,901,921));
#13552=IFCINDEXEDPOLYGONALFACE((936,899,898,929));
#13553=IFCINDEXEDPOLYGONALFACE((891,933,932,890));
#13554=IFCINDEXEDPOLYGONALFACE((933,934,931,932));
#13555=IFCINDEXEDPOLYGONALFACE((934,935,930,931));
#13556=IFCINDEXEDPOLYGONALFACE((935,936,929,930));
#13557=IFCINDEXEDPOLYGONALFACE((895,913,924,893));
#13558=IFCINDEXEDPOLYGONALFACE((913,914,923,924));
#13559=IFCINDEXEDPOLYGONALFACE((914,915,922,923));
#13560=IFCINDEXEDPOLYGONALFACE((915,916,921,922));
#13561=IFCINDEXEDPOLYGONALFACE((894,917,933,891));
#13562=IFCINDEXEDPOLYGONALFACE((917,918,934,933));
#13563=IFCINDEXEDPOLYGONALFACE((918,919,935,934));
#13564=IFCINDEXEDPOLYGONALFACE((919,920,936,935));
#13565=IFCINDEXEDPOLYGONALFACE((890,932,928,889));
#13566=IFCINDEXEDPOLYGONALFACE((932,931,927,928));
#13567=IFCINDEXEDPOLYGONALFACE((931,930,926,927));
#13568=IFCINDEXEDPOLYGONALFACE((930,929,925,926));
#13569=IFCINDEXEDPOLYGONALFACE((889,928,912,892));
#13570=IFCINDEXEDPOLYGONALFACE((928,927,911,912));
#13571=IFCINDEXEDPOLYGONALFACE((927,926,910,911));
#13572=IFCINDEXEDPOLYGONALFACE((926,925,909,910));
#13573=IFCINDEXEDPOLYGONALFACE((893,924,917,894));
#13574=IFCINDEXEDPOLYGONALFACE((924,923,918,917));
#13575=IFCINDEXEDPOLYGONALFACE((923,922,919,918));
#13576=IFCINDEXEDPOLYGONALFACE((922,921,920,919));
#13577=IFCINDEXEDPOLYGONALFACE((892,912,905,896));
#13578=IFCINDEXEDPOLYGONALFACE((912,911,906,905));
#13579=IFCINDEXEDPOLYGONALFACE((911,910,907,906));
#13580=IFCINDEXEDPOLYGONALFACE((910,909,908,907));
#13581=IFCINDEXEDPOLYGONALFACE((896,905,913,895));
#13582=IFCINDEXEDPOLYGONALFACE((905,906,914,913));
#13583=IFCINDEXEDPOLYGONALFACE((906,907,915,914));
#13584=IFCINDEXEDPOLYGONALFACE((907,908,916,915));
#13585=IFCINDEXEDPOLYGONALFACE((869,818,938,945));
#13586=IFCINDEXEDPOLYGONALFACE((852,859,944,943));
#13587=IFCINDEXEDPOLYGONALFACE((818,852,943,938));
#13588=IFCINDEXEDPOLYGONALFACE((839,941,942,838));
#13589=IFCINDEXEDPOLYGONALFACE((1338,1340,941,839));
#13590=IFCINDEXEDPOLYGONALFACE((1104,1106,940,840));
#13591=IFCINDEXEDPOLYGONALFACE((1005,1007,939,841));
#13592=IFCINDEXEDPOLYGONALFACE((838,942,945,870));
#13593=IFCINDEXEDPOLYGONALFACE((879,808,947,954));
#13594=IFCINDEXEDPOLYGONALFACE((846,853,953,952));
#13595=IFCINDEXEDPOLYGONALFACE((808,846,952,947));
#13596=IFCINDEXEDPOLYGONALFACE((821,950,951,822));
#13597=IFCINDEXEDPOLYGONALFACE((1333,1341,950,821));
#13598=IFCINDEXEDPOLYGONALFACE((1099,1107,949,820));
#13599=IFCINDEXEDPOLYGONALFACE((1000,1008,948,819));
#13600=IFCINDEXEDPOLYGONALFACE((822,951,954,875));
#13601=IFCINDEXEDPOLYGONALFACE((957,946,805,960));
#13602=IFCINDEXEDPOLYGONALFACE((937,955,958,817));
#13603=IFCINDEXEDPOLYGONALFACE((955,956,959,958));
#13604=IFCINDEXEDPOLYGONALFACE((956,957,960,959));
#13605=IFCINDEXEDPOLYGONALFACE((972,966,968,971));
#13606=IFCINDEXEDPOLYGONALFACE((971,968,969,973));
#13607=IFCINDEXEDPOLYGONALFACE((974,965,966,972));
#13608=IFCINDEXEDPOLYGONALFACE((976,970,967,975));
#13609=IFCINDEXEDPOLYGONALFACE((973,969,970,976));
#13610=IFCINDEXEDPOLYGONALFACE((977,964,965,974));
#13611=IFCINDEXEDPOLYGONALFACE((978,963,964,977));
#13612=IFCINDEXEDPOLYGONALFACE((975,967,961,979));
#13613=IFCINDEXEDPOLYGONALFACE((980,962,963,978));
#13614=IFCINDEXEDPOLYGONALFACE((979,961,962,980));
#13615=IFCINDEXEDPOLYGONALFACE((990,979,980,986));
#13616=IFCINDEXEDPOLYGONALFACE((986,980,978,985));
#13617=IFCINDEXEDPOLYGONALFACE((989,975,979,990));
#13618=IFCINDEXEDPOLYGONALFACE((985,978,977,984));
#13619=IFCINDEXEDPOLYGONALFACE((984,977,974,982));
#13620=IFCINDEXEDPOLYGONALFACE((988,973,976,983));
#13621=IFCINDEXEDPOLYGONALFACE((983,976,975,989));
#13622=IFCINDEXEDPOLYGONALFACE((982,974,972,981));
#13623=IFCINDEXEDPOLYGONALFACE((987,971,973,988));
#13624=IFCINDEXEDPOLYGONALFACE((981,972,971,987));
#13625=IFCINDEXEDPOLYGONALFACE((937,981,987,955));
#13626=IFCINDEXEDPOLYGONALFACE((955,987,988,956));
#13627=IFCINDEXEDPOLYGONALFACE((815,982,981,937));
#13628=IFCINDEXEDPOLYGONALFACE((957,983,989,946));
#13629=IFCINDEXEDPOLYGONALFACE((956,988,983,957));
#13630=IFCINDEXEDPOLYGONALFACE((813,984,982,815));
#13631=IFCINDEXEDPOLYGONALFACE((811,985,984,813));
#13632=IFCINDEXEDPOLYGONALFACE((946,989,990,807));
#13633=IFCINDEXEDPOLYGONALFACE((809,986,985,811));
#13634=IFCINDEXEDPOLYGONALFACE((807,990,986,809));
#13635=IFCINDEXEDPOLYGONALFACE((805,946,999,997));
#13636=IFCINDEXEDPOLYGONALFACE((815,937,998,995));
#13637=IFCINDEXEDPOLYGONALFACE((946,807,991,999));
#13638=IFCINDEXEDPOLYGONALFACE((807,809,992,991));
#13639=IFCINDEXEDPOLYGONALFACE((809,811,993,992));
#13640=IFCINDEXEDPOLYGONALFACE((811,813,994,993));
#13641=IFCINDEXEDPOLYGONALFACE((813,815,995,994));
#13642=IFCINDEXEDPOLYGONALFACE((937,817,996,998));
#13643=IFCINDEXEDPOLYGONALFACE((997,999,1008,1000));
#13644=IFCINDEXEDPOLYGONALFACE((995,998,1007,1005));
#13645=IFCINDEXEDPOLYGONALFACE((999,991,1001,1008));
#13646=IFCINDEXEDPOLYGONALFACE((991,992,1002,1001));
#13647=IFCINDEXEDPOLYGONALFACE((992,993,1003,1002));
#13648=IFCINDEXEDPOLYGONALFACE((993,994,1004,1003));
#13649=IFCINDEXEDPOLYGONALFACE((994,995,1005,1004));
#13650=IFCINDEXEDPOLYGONALFACE((998,996,1006,1007));
#13651=IFCINDEXEDPOLYGONALFACE((968,1016,1017,969));
#13652=IFCINDEXEDPOLYGONALFACE((965,1013,1014,966));
#13653=IFCINDEXEDPOLYGONALFACE((962,1010,1011,963));
#13654=IFCINDEXEDPOLYGONALFACE((969,1017,1018,970));
#13655=IFCINDEXEDPOLYGONALFACE((970,1018,1015,967));
#13656=IFCINDEXEDPOLYGONALFACE((963,1011,1012,964));
#13657=IFCINDEXEDPOLYGONALFACE((967,1015,1009,961));
#13658=IFCINDEXEDPOLYGONALFACE((966,1014,1016,968));
#13659=IFCINDEXEDPOLYGONALFACE((964,1012,1013,965));
#13660=IFCINDEXEDPOLYGONALFACE((961,1009,1010,962));
#13661=IFCINDEXEDPOLYGONALFACE((1018,1028,1025,1015));
#13662=IFCINDEXEDPOLYGONALFACE((1011,1021,1022,1012));
#13663=IFCINDEXEDPOLYGONALFACE((1015,1025,1019,1009));
#13664=IFCINDEXEDPOLYGONALFACE((1014,1024,1026,1016));
#13665=IFCINDEXEDPOLYGONALFACE((1012,1022,1023,1013));
#13666=IFCINDEXEDPOLYGONALFACE((1009,1019,1020,1010));
#13667=IFCINDEXEDPOLYGONALFACE((1016,1026,1027,1017));
#13668=IFCINDEXEDPOLYGONALFACE((1013,1023,1024,1014));
#13669=IFCINDEXEDPOLYGONALFACE((1010,1020,1021,1011));
#13670=IFCINDEXEDPOLYGONALFACE((1017,1027,1028,1018));
#13671=IFCINDEXEDPOLYGONALFACE((1021,1031,1032,1022));
#13672=IFCINDEXEDPOLYGONALFACE((1025,1035,1029,1019));
#13673=IFCINDEXEDPOLYGONALFACE((1024,1034,1036,1026));
#13674=IFCINDEXEDPOLYGONALFACE((1022,1032,1033,1023));
#13675=IFCINDEXEDPOLYGONALFACE((1019,1029,1030,1020));
#13676=IFCINDEXEDPOLYGONALFACE((1026,1036,1037,1027));
#13677=IFCINDEXEDPOLYGONALFACE((1023,1033,1034,1024));
#13678=IFCINDEXEDPOLYGONALFACE((1020,1030,1031,1021));
#13679=IFCINDEXEDPOLYGONALFACE((1027,1037,1038,1028));
#13680=IFCINDEXEDPOLYGONALFACE((1028,1038,1035,1025));
#13681=IFCINDEXEDPOLYGONALFACE((1036,1046,1047,1037));
#13682=IFCINDEXEDPOLYGONALFACE((1033,1043,1044,1034));
#13683=IFCINDEXEDPOLYGONALFACE((1030,1040,1041,1031));
#13684=IFCINDEXEDPOLYGONALFACE((1037,1047,1048,1038));
#13685=IFCINDEXEDPOLYGONALFACE((1038,1048,1045,1035));
#13686=IFCINDEXEDPOLYGONALFACE((1031,1041,1042,1032));
#13687=IFCINDEXEDPOLYGONALFACE((1035,1045,1039,1029));
#13688=IFCINDEXEDPOLYGONALFACE((1034,1044,1046,1036));
#13689=IFCINDEXEDPOLYGONALFACE((1032,1042,1043,1033));
#13690=IFCINDEXEDPOLYGONALFACE((1029,1039,1040,1030));
#13691=IFCINDEXEDPOLYGONALFACE((1043,1053,1054,1044));
#13692=IFCINDEXEDPOLYGONALFACE((1040,1050,1051,1041));
#13693=IFCINDEXEDPOLYGONALFACE((1047,1057,1058,1048));
#13694=IFCINDEXEDPOLYGONALFACE((1048,1058,1055,1045));
#13695=IFCINDEXEDPOLYGONALFACE((1041,1051,1052,1042));
#13696=IFCINDEXEDPOLYGONALFACE((1045,1055,1049,1039));
#13697=IFCINDEXEDPOLYGONALFACE((1044,1054,1056,1046));
#13698=IFCINDEXEDPOLYGONALFACE((1042,1052,1053,1043));
#13699=IFCINDEXEDPOLYGONALFACE((1039,1049,1050,1040));
#13700=IFCINDEXEDPOLYGONALFACE((1046,1056,1057,1047));
#13701=IFCINDEXEDPOLYGONALFACE((1622,1060,1061,1615));
#13702=IFCINDEXEDPOLYGONALFACE((1623,1067,1068,1616));
#13703=IFCINDEXEDPOLYGONALFACE((1616,1068,1065,1617));
#13704=IFCINDEXEDPOLYGONALFACE((1615,1061,1062,1618));
#13705=IFCINDEXEDPOLYGONALFACE((1617,1065,1059,1619));
#13706=IFCINDEXEDPOLYGONALFACE((1624,1064,1066,1620));
#13707=IFCINDEXEDPOLYGONALFACE((1618,1062,1063,1621));
#13708=IFCINDEXEDPOLYGONALFACE((1619,1059,1060,1622));
#13709=IFCINDEXEDPOLYGONALFACE((1620,1066,1067,1623));
#13710=IFCINDEXEDPOLYGONALFACE((1621,1063,1064,1624));
#13711=IFCINDEXEDPOLYGONALFACE((1053,1096,1095,1054));
#13712=IFCINDEXEDPOLYGONALFACE((1096,1097,1094,1095));
#13713=IFCINDEXEDPOLYGONALFACE((1097,1098,1093,1094));
#13714=IFCINDEXEDPOLYGONALFACE((1056,1090,1080,1057));
#13715=IFCINDEXEDPOLYGONALFACE((1090,1091,1079,1080));
#13716=IFCINDEXEDPOLYGONALFACE((1091,1092,1078,1079));
#13717=IFCINDEXEDPOLYGONALFACE((1049,1087,1074,1050));
#13718=IFCINDEXEDPOLYGONALFACE((1087,1088,1073,1074));
#13719=IFCINDEXEDPOLYGONALFACE((1088,1089,1072,1073));
#13720=IFCINDEXEDPOLYGONALFACE((1052,1084,1096,1053));
#13721=IFCINDEXEDPOLYGONALFACE((1084,1085,1097,1096));
#13722=IFCINDEXEDPOLYGONALFACE((1085,1086,1098,1097));
#13723=IFCINDEXEDPOLYGONALFACE((1054,1095,1090,1056));
#13724=IFCINDEXEDPOLYGONALFACE((1095,1094,1091,1090));
#13725=IFCINDEXEDPOLYGONALFACE((1094,1093,1092,1091));
#13726=IFCINDEXEDPOLYGONALFACE((1055,1081,1087,1049));
#13727=IFCINDEXEDPOLYGONALFACE((1081,1082,1088,1087));
#13728=IFCINDEXEDPOLYGONALFACE((1082,1083,1089,1088));
#13729=IFCINDEXEDPOLYGONALFACE((1051,1069,1084,1052));
#13730=IFCINDEXEDPOLYGONALFACE((1069,1070,1085,1084));
#13731=IFCINDEXEDPOLYGONALFACE((1070,1071,1086,1085));
#13732=IFCINDEXEDPOLYGONALFACE((1058,1075,1081,1055));
#13733=IFCINDEXEDPOLYGONALFACE((1075,1076,1082,1081));
#13734=IFCINDEXEDPOLYGONALFACE((1076,1077,1083,1082));
#13735=IFCINDEXEDPOLYGONALFACE((1057,1080,1075,1058));
#13736=IFCINDEXEDPOLYGONALFACE((1080,1079,1076,1075));
#13737=IFCINDEXEDPOLYGONALFACE((1079,1078,1077,1076));
#13738=IFCINDEXEDPOLYGONALFACE((1050,1074,1069,1051));
#13739=IFCINDEXEDPOLYGONALFACE((1074,1073,1070,1069));
#13740=IFCINDEXEDPOLYGONALFACE((1073,1072,1071,1070));
#13741=IFCINDEXEDPOLYGONALFACE((819,948,1107,1099));
#13742=IFCINDEXEDPOLYGONALFACE((841,939,1106,1104));
#13743=IFCINDEXEDPOLYGONALFACE((948,826,1100,1107));
#13744=IFCINDEXEDPOLYGONALFACE((826,830,1101,1100));
#13745=IFCINDEXEDPOLYGONALFACE((830,833,1102,1101));
#13746=IFCINDEXEDPOLYGONALFACE((833,837,1103,1102));
#13747=IFCINDEXEDPOLYGONALFACE((837,841,1104,1103));
#13748=IFCINDEXEDPOLYGONALFACE((939,845,1105,1106));
#13749=IFCINDEXEDPOLYGONALFACE((1190,1180,1111,1123));
#13750=IFCINDEXEDPOLYGONALFACE((1187,899,902,1129));
#13751=IFCINDEXEDPOLYGONALFACE((1145,1126,1108,1112));
#13752=IFCINDEXEDPOLYGONALFACE((1136,1129,902,901));
#13753=IFCINDEXEDPOLYGONALFACE((1121,1130,901,903));
#13754=IFCINDEXEDPOLYGONALFACE((1130,1133,901));
#13755=IFCINDEXEDPOLYGONALFACE((1133,1136,901));
#13756=IFCINDEXEDPOLYGONALFACE((1118,1139,1114,1110));
#13757=IFCINDEXEDPOLYGONALFACE((1139,1142,1113,1114));
#13758=IFCINDEXEDPOLYGONALFACE((1142,1145,1112,1113));
#13759=IFCINDEXEDPOLYGONALFACE((897,1147,1144));
#13760=IFCINDEXEDPOLYGONALFACE((1144,1147,1146,1143));
#13761=IFCINDEXEDPOLYGONALFACE((1139,1140,1143,1142));
#13762=IFCINDEXEDPOLYGONALFACE((897,1144,1141));
#13763=IFCINDEXEDPOLYGONALFACE((1141,1144,1143,1140));
#13764=IFCINDEXEDPOLYGONALFACE((1118,1119,1140,1139));
#13765=IFCINDEXEDPOLYGONALFACE((900,897,1141,1120));
#13766=IFCINDEXEDPOLYGONALFACE((1120,1141,1140,1119));
#13767=IFCINDEXEDPOLYGONALFACE((1134,1135,1138,1137));
#13768=IFCINDEXEDPOLYGONALFACE((1116,1117,1138,1135));
#13769=IFCINDEXEDPOLYGONALFACE((1131,1132,1135,1134));
#13770=IFCINDEXEDPOLYGONALFACE((1134,1137,1136,1133));
#13771=IFCINDEXEDPOLYGONALFACE((1115,1116,1135,1132));
#13772=IFCINDEXEDPOLYGONALFACE((1122,1123,1132,1131));
#13773=IFCINDEXEDPOLYGONALFACE((1131,1134,1133,1130));
#13774=IFCINDEXEDPOLYGONALFACE((1111,1115,1132,1123));
#13775=IFCINDEXEDPOLYGONALFACE((1137,1138,1127,1128));
#13776=IFCINDEXEDPOLYGONALFACE((1320,1126,1125,1315));
#13777=IFCINDEXEDPOLYGONALFACE((1122,1131,1130,1121));
#13778=IFCINDEXEDPOLYGONALFACE((1117,1109,1127,1138));
#13779=IFCINDEXEDPOLYGONALFACE((1145,1146,1125,1126));
#13780=IFCINDEXEDPOLYGONALFACE((1326,1185,1126,1320));
#13781=IFCINDEXEDPOLYGONALFACE((1137,1128,1129,1136));
#13782=IFCINDEXEDPOLYGONALFACE((897,898,1124,1147));
#13783=IFCINDEXEDPOLYGONALFACE((1147,1124,1125,1146));
#13784=IFCINDEXEDPOLYGONALFACE((1119,1118,1190,1189));
#13785=IFCINDEXEDPOLYGONALFACE((1309,1127,1185,1326));
#13786=IFCINDEXEDPOLYGONALFACE((1181,1185,1127,1109));
#13787=IFCINDEXEDPOLYGONALFACE((1186,1187,1129,1128));
#13788=IFCINDEXEDPOLYGONALFACE((904,1188,1121,903));
#13789=IFCINDEXEDPOLYGONALFACE((1188,1189,1122,1121));
#13790=IFCINDEXEDPOLYGONALFACE((1315,1125,1186,1323));
#13791=IFCINDEXEDPOLYGONALFACE((1323,1186,1128,1312));
#13792=IFCINDEXEDPOLYGONALFACE((1191,1192,1150,1149));
#13793=IFCINDEXEDPOLYGONALFACE((1222,1216,1280,1279));
#13794=IFCINDEXEDPOLYGONALFACE((1212,1209,1282,1281));
#13795=IFCINDEXEDPOLYGONALFACE((1219,1212,1281,1283));
#13796=IFCINDEXEDPOLYGONALFACE((1216,1215,1284,1280));
#13797=IFCINDEXEDPOLYGONALFACE((1193,1194,1154,1153));
#13798=IFCINDEXEDPOLYGONALFACE((1276,1270,1286,1285));
#13799=IFCINDEXEDPOLYGONALFACE((1266,1263,1288,1287));
#13800=IFCINDEXEDPOLYGONALFACE((1273,1266,1287,1289));
#13801=IFCINDEXEDPOLYGONALFACE((1270,1269,1290,1286));
#13802=IFCINDEXEDPOLYGONALFACE((1195,1196,1158,1157));
#13803=IFCINDEXEDPOLYGONALFACE((1258,1252,1292,1291));
#13804=IFCINDEXEDPOLYGONALFACE((1248,1245,1294,1293));
#13805=IFCINDEXEDPOLYGONALFACE((1255,1248,1293,1295));
#13806=IFCINDEXEDPOLYGONALFACE((1252,1251,1296,1292));
#13807=IFCINDEXEDPOLYGONALFACE((1197,1198,1162,1161));
#13808=IFCINDEXEDPOLYGONALFACE((1240,1234,1298,1297));
#13809=IFCINDEXEDPOLYGONALFACE((1230,1227,1300,1299));
#13810=IFCINDEXEDPOLYGONALFACE((1237,1230,1299,1301));
#13811=IFCINDEXEDPOLYGONALFACE((1234,1233,1302,1298));
#13812=IFCINDEXEDPOLYGONALFACE((1112,1108,1167,1165));
#13813=IFCINDEXEDPOLYGONALFACE((1181,1109,1166,1199));
#13814=IFCINDEXEDPOLYGONALFACE((1109,1117,1164,1166));
#13815=IFCINDEXEDPOLYGONALFACE((1184,1112,1165,1200));
#13816=IFCINDEXEDPOLYGONALFACE((1113,1112,1171,1169));
#13817=IFCINDEXEDPOLYGONALFACE((1184,1117,1170,1201));
#13818=IFCINDEXEDPOLYGONALFACE((1117,1116,1168,1170));
#13819=IFCINDEXEDPOLYGONALFACE((1183,1113,1169,1202));
#13820=IFCINDEXEDPOLYGONALFACE((1114,1113,1175,1173));
#13821=IFCINDEXEDPOLYGONALFACE((1183,1116,1174,1203));
#13822=IFCINDEXEDPOLYGONALFACE((1116,1115,1172,1174));
#13823=IFCINDEXEDPOLYGONALFACE((1182,1114,1173,1204));
#13824=IFCINDEXEDPOLYGONALFACE((1110,1114,1179,1177));
#13825=IFCINDEXEDPOLYGONALFACE((1182,1115,1178,1205));
#13826=IFCINDEXEDPOLYGONALFACE((1115,1111,1176,1178));
#13827=IFCINDEXEDPOLYGONALFACE((1180,1110,1177,1206));
#13828=IFCINDEXEDPOLYGONALFACE((1111,1180,1206,1176));
#13829=IFCINDEXEDPOLYGONALFACE((1114,1182,1205,1179));
#13830=IFCINDEXEDPOLYGONALFACE((1115,1182,1204,1172));
#13831=IFCINDEXEDPOLYGONALFACE((1113,1183,1203,1175));
#13832=IFCINDEXEDPOLYGONALFACE((1116,1183,1202,1168));
#13833=IFCINDEXEDPOLYGONALFACE((1112,1184,1201,1171));
#13834=IFCINDEXEDPOLYGONALFACE((1117,1184,1200,1164));
#13835=IFCINDEXEDPOLYGONALFACE((1108,1181,1199,1167));
#13836=IFCINDEXEDPOLYGONALFACE((1233,1237,1301,1302));
#13837=IFCINDEXEDPOLYGONALFACE((1227,1240,1297,1300));
#13838=IFCINDEXEDPOLYGONALFACE((1160,1163,1198,1197));
#13839=IFCINDEXEDPOLYGONALFACE((1251,1255,1295,1296));
#13840=IFCINDEXEDPOLYGONALFACE((1245,1258,1291,1294));
#13841=IFCINDEXEDPOLYGONALFACE((1156,1159,1196,1195));
#13842=IFCINDEXEDPOLYGONALFACE((1269,1273,1289,1290));
#13843=IFCINDEXEDPOLYGONALFACE((1263,1276,1285,1288));
#13844=IFCINDEXEDPOLYGONALFACE((1152,1155,1194,1193));
#13845=IFCINDEXEDPOLYGONALFACE((1215,1219,1283,1284));
#13846=IFCINDEXEDPOLYGONALFACE((1209,1222,1279,1282));
#13847=IFCINDEXEDPOLYGONALFACE((1148,1151,1192,1191));
#13848=IFCINDEXEDPOLYGONALFACE((1122,1189,1190,1123));
#13849=IFCINDEXEDPOLYGONALFACE((1312,1128,1127,1309));
#13850=IFCINDEXEDPOLYGONALFACE((1120,1119,1189,1188));
#13851=IFCINDEXEDPOLYGONALFACE((900,1120,1188,904));
#13852=IFCINDEXEDPOLYGONALFACE((1125,1124,1187,1186));
#13853=IFCINDEXEDPOLYGONALFACE((1142,1143,1146,1145));
#13854=IFCINDEXEDPOLYGONALFACE((1108,1126,1185,1181));
#13855=IFCINDEXEDPOLYGONALFACE((1124,898,899,1187));
#13856=IFCINDEXEDPOLYGONALFACE((1118,1110,1180,1190));
#13857=IFCINDEXEDPOLYGONALFACE((1164,1200,1224,1207));
#13858=IFCINDEXEDPOLYGONALFACE((1207,1224,1223,1208));
#13859=IFCINDEXEDPOLYGONALFACE((1208,1223,1222,1209));
#13860=IFCINDEXEDPOLYGONALFACE((1167,1199,1221,1213));
#13861=IFCINDEXEDPOLYGONALFACE((1213,1221,1220,1214));
#13862=IFCINDEXEDPOLYGONALFACE((1214,1220,1219,1215));
#13863=IFCINDEXEDPOLYGONALFACE((1165,1167,1213,1218));
#13864=IFCINDEXEDPOLYGONALFACE((1218,1213,1214,1217));
#13865=IFCINDEXEDPOLYGONALFACE((1217,1214,1215,1216));
#13866=IFCINDEXEDPOLYGONALFACE((1199,1166,1210,1221));
#13867=IFCINDEXEDPOLYGONALFACE((1221,1210,1211,1220));
#13868=IFCINDEXEDPOLYGONALFACE((1220,1211,1212,1219));
#13869=IFCINDEXEDPOLYGONALFACE((1166,1164,1207,1210));
#13870=IFCINDEXEDPOLYGONALFACE((1210,1207,1208,1211));
#13871=IFCINDEXEDPOLYGONALFACE((1211,1208,1209,1212));
#13872=IFCINDEXEDPOLYGONALFACE((1200,1165,1218,1224));
#13873=IFCINDEXEDPOLYGONALFACE((1224,1218,1217,1223));
#13874=IFCINDEXEDPOLYGONALFACE((1223,1217,1216,1222));
#13875=IFCINDEXEDPOLYGONALFACE((1168,1202,1242,1225));
#13876=IFCINDEXEDPOLYGONALFACE((1225,1242,1241,1226));
#13877=IFCINDEXEDPOLYGONALFACE((1226,1241,1240,1227));
#13878=IFCINDEXEDPOLYGONALFACE((1171,1201,1239,1231));
#13879=IFCINDEXEDPOLYGONALFACE((1231,1239,1238,1232));
#13880=IFCINDEXEDPOLYGONALFACE((1232,1238,1237,1233));
#13881=IFCINDEXEDPOLYGONALFACE((1169,1171,1231,1236));
#13882=IFCINDEXEDPOLYGONALFACE((1236,1231,1232,1235));
#13883=IFCINDEXEDPOLYGONALFACE((1235,1232,1233,1234));
#13884=IFCINDEXEDPOLYGONALFACE((1201,1170,1228,1239));
#13885=IFCINDEXEDPOLYGONALFACE((1239,1228,1229,1238));
#13886=IFCINDEXEDPOLYGONALFACE((1238,1229,1230,1237));
#13887=IFCINDEXEDPOLYGONALFACE((1170,1168,1225,1228));
#13888=IFCINDEXEDPOLYGONALFACE((1228,1225,1226,1229));
#13889=IFCINDEXEDPOLYGONALFACE((1229,1226,1227,1230));
#13890=IFCINDEXEDPOLYGONALFACE((1202,1169,1236,1242));
#13891=IFCINDEXEDPOLYGONALFACE((1242,1236,1235,1241));
#13892=IFCINDEXEDPOLYGONALFACE((1241,1235,1234,1240));
#13893=IFCINDEXEDPOLYGONALFACE((1172,1204,1260,1243));
#13894=IFCINDEXEDPOLYGONALFACE((1243,1260,1259,1244));
#13895=IFCINDEXEDPOLYGONALFACE((1244,1259,1258,1245));
#13896=IFCINDEXEDPOLYGONALFACE((1175,1203,1257,1249));
#13897=IFCINDEXEDPOLYGONALFACE((1249,1257,1256,1250));
#13898=IFCINDEXEDPOLYGONALFACE((1250,1256,1255,1251));
#13899=IFCINDEXEDPOLYGONALFACE((1173,1175,1249,1254));
#13900=IFCINDEXEDPOLYGONALFACE((1254,1249,1250,1253));
#13901=IFCINDEXEDPOLYGONALFACE((1253,1250,1251,1252));
#13902=IFCINDEXEDPOLYGONALFACE((1203,1174,1246,1257));
#13903=IFCINDEXEDPOLYGONALFACE((1257,1246,1247,1256));
#13904=IFCINDEXEDPOLYGONALFACE((1256,1247,1248,1255));
#13905=IFCINDEXEDPOLYGONALFACE((1174,1172,1243,1246));
#13906=IFCINDEXEDPOLYGONALFACE((1246,1243,1244,1247));
#13907=IFCINDEXEDPOLYGONALFACE((1247,1244,1245,1248));
#13908=IFCINDEXEDPOLYGONALFACE((1204,1173,1254,1260));
#13909=IFCINDEXEDPOLYGONALFACE((1260,1254,1253,1259));
#13910=IFCINDEXEDPOLYGONALFACE((1259,1253,1252,1258));
#13911=IFCINDEXEDPOLYGONALFACE((1176,1206,1278,1261));
#13912=IFCINDEXEDPOLYGONALFACE((1261,1278,1277,1262));
#13913=IFCINDEXEDPOLYGONALFACE((1262,1277,1276,1263));
#13914=IFCINDEXEDPOLYGONALFACE((1179,1205,1275,1267));
#13915=IFCINDEXEDPOLYGONALFACE((1267,1275,1274,1268));
#13916=IFCINDEXEDPOLYGONALFACE((1268,1274,1273,1269));
#13917=IFCINDEXEDPOLYGONALFACE((1177,1179,1267,1272));
#13918=IFCINDEXEDPOLYGONALFACE((1272,1267,1268,1271));
#13919=IFCINDEXEDPOLYGONALFACE((1271,1268,1269,1270));
#13920=IFCINDEXEDPOLYGONALFACE((1205,1178,1264,1275));
#13921=IFCINDEXEDPOLYGONALFACE((1275,1264,1265,1274));
#13922=IFCINDEXEDPOLYGONALFACE((1274,1265,1266,1273));
#13923=IFCINDEXEDPOLYGONALFACE((1178,1176,1261,1264));
#13924=IFCINDEXEDPOLYGONALFACE((1264,1261,1262,1265));
#13925=IFCINDEXEDPOLYGONALFACE((1265,1262,1263,1266));
#13926=IFCINDEXEDPOLYGONALFACE((1206,1177,1272,1278));
#13927=IFCINDEXEDPOLYGONALFACE((1278,1272,1271,1277));
#13928=IFCINDEXEDPOLYGONALFACE((1277,1271,1270,1276));
#13929=IFCINDEXEDPOLYGONALFACE((1191,1279,1280,1148));
#13930=IFCINDEXEDPOLYGONALFACE((1150,1281,1282,1149));
#13931=IFCINDEXEDPOLYGONALFACE((1192,1283,1281,1150));
#13932=IFCINDEXEDPOLYGONALFACE((1148,1280,1284,1151));
#13933=IFCINDEXEDPOLYGONALFACE((1193,1285,1286,1152));
#13934=IFCINDEXEDPOLYGONALFACE((1154,1287,1288,1153));
#13935=IFCINDEXEDPOLYGONALFACE((1194,1289,1287,1154));
#13936=IFCINDEXEDPOLYGONALFACE((1152,1286,1290,1155));
#13937=IFCINDEXEDPOLYGONALFACE((1195,1291,1292,1156));
#13938=IFCINDEXEDPOLYGONALFACE((1158,1293,1294,1157));
#13939=IFCINDEXEDPOLYGONALFACE((1196,1295,1293,1158));
#13940=IFCINDEXEDPOLYGONALFACE((1156,1292,1296,1159));
#13941=IFCINDEXEDPOLYGONALFACE((1197,1297,1298,1160));
#13942=IFCINDEXEDPOLYGONALFACE((1162,1299,1300,1161));
#13943=IFCINDEXEDPOLYGONALFACE((1198,1301,1299,1162));
#13944=IFCINDEXEDPOLYGONALFACE((1160,1298,1302,1163));
#13945=IFCINDEXEDPOLYGONALFACE((1149,1282,1279,1191));
#13946=IFCINDEXEDPOLYGONALFACE((1151,1284,1283,1192));
#13947=IFCINDEXEDPOLYGONALFACE((1153,1288,1285,1193));
#13948=IFCINDEXEDPOLYGONALFACE((1155,1290,1289,1194));
#13949=IFCINDEXEDPOLYGONALFACE((1157,1294,1291,1195));
#13950=IFCINDEXEDPOLYGONALFACE((1159,1296,1295,1196));
#13951=IFCINDEXEDPOLYGONALFACE((1161,1300,1297,1197));
#13952=IFCINDEXEDPOLYGONALFACE((1163,1302,1301,1198));
#13953=IFCINDEXEDPOLYGONALFACE((1307,1308,1305,1304));
#13954=IFCINDEXEDPOLYGONALFACE((1324,1318,1328,1327));
#13955=IFCINDEXEDPOLYGONALFACE((1314,1311,1330,1329));
#13956=IFCINDEXEDPOLYGONALFACE((1321,1314,1329,1331));
#13957=IFCINDEXEDPOLYGONALFACE((1318,1317,1332,1328));
#13958=IFCINDEXEDPOLYGONALFACE((1317,1321,1331,1332));
#13959=IFCINDEXEDPOLYGONALFACE((1311,1324,1327,1330));
#13960=IFCINDEXEDPOLYGONALFACE((1303,1306,1308,1307));
#13961=IFCINDEXEDPOLYGONALFACE((1309,1326,1325,1310));
#13962=IFCINDEXEDPOLYGONALFACE((1310,1325,1324,1311));
#13963=IFCINDEXEDPOLYGONALFACE((1315,1323,1322,1316));
#13964=IFCINDEXEDPOLYGONALFACE((1316,1322,1321,1317));
#13965=IFCINDEXEDPOLYGONALFACE((1320,1315,1316,1319));
#13966=IFCINDEXEDPOLYGONALFACE((1319,1316,1317,1318));
#13967=IFCINDEXEDPOLYGONALFACE((1323,1312,1313,1322));
#13968=IFCINDEXEDPOLYGONALFACE((1322,1313,1314,1321));
#13969=IFCINDEXEDPOLYGONALFACE((1312,1309,1310,1313));
#13970=IFCINDEXEDPOLYGONALFACE((1313,1310,1311,1314));
#13971=IFCINDEXEDPOLYGONALFACE((1326,1320,1319,1325));
#13972=IFCINDEXEDPOLYGONALFACE((1325,1319,1318,1324));
#13973=IFCINDEXEDPOLYGONALFACE((1307,1327,1328,1303));
#13974=IFCINDEXEDPOLYGONALFACE((1305,1329,1330,1304));
#13975=IFCINDEXEDPOLYGONALFACE((1308,1331,1329,1305));
#13976=IFCINDEXEDPOLYGONALFACE((1303,1328,1332,1306));
#13977=IFCINDEXEDPOLYGONALFACE((1304,1330,1327,1307));
#13978=IFCINDEXEDPOLYGONALFACE((1306,1332,1331,1308));
#13979=IFCINDEXEDPOLYGONALFACE((820,949,1341,1333));
#13980=IFCINDEXEDPOLYGONALFACE((840,940,1340,1338));
#13981=IFCINDEXEDPOLYGONALFACE((949,825,1334,1341));
#13982=IFCINDEXEDPOLYGONALFACE((825,829,1335,1334));
#13983=IFCINDEXEDPOLYGONALFACE((829,832,1336,1335));
#13984=IFCINDEXEDPOLYGONALFACE((832,836,1337,1336));
#13985=IFCINDEXEDPOLYGONALFACE((836,840,1338,1337));
#13986=IFCINDEXEDPOLYGONALFACE((940,844,1339,1340));
#13987=IFCINDEXEDPOLYGONALFACE((1401,1360,1345,1391));
#13988=IFCINDEXEDPOLYGONALFACE((1360,1364,1347,1345));
#13989=IFCINDEXEDPOLYGONALFACE((1364,1368,1349,1347));
#13990=IFCINDEXEDPOLYGONALFACE((1368,1372,1351,1349));
#13991=IFCINDEXEDPOLYGONALFACE((1372,1376,1353,1351));
#13992=IFCINDEXEDPOLYGONALFACE((1397,1380,1355,1393));
#13993=IFCINDEXEDPOLYGONALFACE((1392,1354,1383,1394));
#13994=IFCINDEXEDPOLYGONALFACE((1394,1383,1382,1395));
#13995=IFCINDEXEDPOLYGONALFACE((1395,1382,1381,1396));
#13996=IFCINDEXEDPOLYGONALFACE((1396,1381,1380,1397));
#13997=IFCINDEXEDPOLYGONALFACE((1350,1352,1379,1375));
#13998=IFCINDEXEDPOLYGONALFACE((1375,1379,1378,1374));
#13999=IFCINDEXEDPOLYGONALFACE((1374,1378,1377,1373));
#14000=IFCINDEXEDPOLYGONALFACE((1373,1377,1376,1372));
#14001=IFCINDEXEDPOLYGONALFACE((1348,1350,1375,1371));
#14002=IFCINDEXEDPOLYGONALFACE((1371,1375,1374,1370));
#14003=IFCINDEXEDPOLYGONALFACE((1370,1374,1373,1369));
#14004=IFCINDEXEDPOLYGONALFACE((1369,1373,1372,1368));
#14005=IFCINDEXEDPOLYGONALFACE((1346,1348,1371,1367));
#14006=IFCINDEXEDPOLYGONALFACE((1367,1371,1370,1366));
#14007=IFCINDEXEDPOLYGONALFACE((1366,1370,1369,1365));
#14008=IFCINDEXEDPOLYGONALFACE((1365,1369,1368,1364));
#14009=IFCINDEXEDPOLYGONALFACE((1344,1346,1367,1363));
#14010=IFCINDEXEDPOLYGONALFACE((1363,1367,1366,1362));
#14011=IFCINDEXEDPOLYGONALFACE((1362,1366,1365,1361));
#14012=IFCINDEXEDPOLYGONALFACE((1361,1365,1364,1360));
#14013=IFCINDEXEDPOLYGONALFACE((1390,1344,1363,1398));
#14014=IFCINDEXEDPOLYGONALFACE((1398,1363,1362,1399));
#14015=IFCINDEXEDPOLYGONALFACE((1399,1362,1361,1400));
#14016=IFCINDEXEDPOLYGONALFACE((1400,1361,1360,1401));
#14017=IFCINDEXEDPOLYGONALFACE((1392,944,859,1354));
#14018=IFCINDEXEDPOLYGONALFACE((1350,857,858,1352));
#14019=IFCINDEXEDPOLYGONALFACE((1348,856,857,1350));
#14020=IFCINDEXEDPOLYGONALFACE((1390,953,853,1344));
#14021=IFCINDEXEDPOLYGONALFACE((1346,855,856,1348));
#14022=IFCINDEXEDPOLYGONALFACE((1344,853,855,1346));
#14023=IFCINDEXEDPOLYGONALFACE((1404,1393,1355,1386));
#14024=IFCINDEXEDPOLYGONALFACE((1347,1387,1345));
#14025=IFCINDEXEDPOLYGONALFACE((1391,1402,1384,1343));
#14026=IFCINDEXEDPOLYGONALFACE((1402,1403,1385,1384));
#14027=IFCINDEXEDPOLYGONALFACE((1403,1404,1386,1385));
#14028=IFCINDEXEDPOLYGONALFACE((1349,1388,1387,1347));
#14029=IFCINDEXEDPOLYGONALFACE((1351,1389,1388,1349));
#14030=IFCINDEXEDPOLYGONALFACE((1353,1389,1351));
#14031=IFCINDEXEDPOLYGONALFACE((1388,1389,1404,1403));
#14032=IFCINDEXEDPOLYGONALFACE((1387,1388,1403,1402));
#14033=IFCINDEXEDPOLYGONALFACE((1345,1387,1402,1391));
#14034=IFCINDEXEDPOLYGONALFACE((1389,1353,1393,1404));
#14035=IFCINDEXEDPOLYGONALFACE((1342,854,953,1390));
#14036=IFCINDEXEDPOLYGONALFACE((1352,858,944,1392));
#14037=IFCINDEXEDPOLYGONALFACE((1358,1400,1401,1359));
#14038=IFCINDEXEDPOLYGONALFACE((1357,1399,1400,1358));
#14039=IFCINDEXEDPOLYGONALFACE((1356,1398,1399,1357));
#14040=IFCINDEXEDPOLYGONALFACE((1342,1390,1398,1356));
#14041=IFCINDEXEDPOLYGONALFACE((1377,1396,1397,1376));
#14042=IFCINDEXEDPOLYGONALFACE((1378,1395,1396,1377));
#14043=IFCINDEXEDPOLYGONALFACE((1379,1394,1395,1378));
#14044=IFCINDEXEDPOLYGONALFACE((1352,1392,1394,1379));
#14045=IFCINDEXEDPOLYGONALFACE((1376,1397,1393,1353));
#14046=IFCINDEXEDPOLYGONALFACE((1359,1401,1391,1343));
#14047=IFCINDEXEDPOLYGONALFACE((1542,1536,1067,1066));
#14048=IFCINDEXEDPOLYGONALFACE((1550,1537,1059,1065));
#14049=IFCINDEXEDPOLYGONALFACE((1635,1538,1409,1626));
#14050=IFCINDEXEDPOLYGONALFACE((1634,1422,1408,1637));
#14051=IFCINDEXEDPOLYGONALFACE((1630,1426,1406,1636));
#14052=IFCINDEXEDPOLYGONALFACE((1431,1427,1412,1413));
#14053=IFCINDEXEDPOLYGONALFACE((1541,1539,1061,1060));
#14054=IFCINDEXEDPOLYGONALFACE((1613,1540,1064,1603));
#14055=IFCINDEXEDPOLYGONALFACE((1537,1541,1060,1059));
#14056=IFCINDEXEDPOLYGONALFACE((1415,1431,1413,1410));
#14057=IFCINDEXEDPOLYGONALFACE((1540,1542,1066,1064));
#14058=IFCINDEXEDPOLYGONALFACE((1407,1414,1434,1418));
#14059=IFCINDEXEDPOLYGONALFACE((1418,1434,1433,1417));
#14060=IFCINDEXEDPOLYGONALFACE((1417,1433,1432,1416));
#14061=IFCINDEXEDPOLYGONALFACE((1416,1432,1431,1415));
#14062=IFCINDEXEDPOLYGONALFACE((1414,1411,1430,1434));
#14063=IFCINDEXEDPOLYGONALFACE((1434,1430,1429,1433));
#14064=IFCINDEXEDPOLYGONALFACE((1433,1429,1428,1432));
#14065=IFCINDEXEDPOLYGONALFACE((1432,1428,1427,1431));
#14066=IFCINDEXEDPOLYGONALFACE((1626,1409,1423,1627));
#14067=IFCINDEXEDPOLYGONALFACE((1627,1423,1424,1628));
#14068=IFCINDEXEDPOLYGONALFACE((1628,1424,1425,1629));
#14069=IFCINDEXEDPOLYGONALFACE((1629,1425,1426,1630));
#14070=IFCINDEXEDPOLYGONALFACE((1625,1405,1419,1631));
#14071=IFCINDEXEDPOLYGONALFACE((1631,1419,1420,1632));
#14072=IFCINDEXEDPOLYGONALFACE((1632,1420,1421,1633));
#14073=IFCINDEXEDPOLYGONALFACE((1633,1421,1422,1634));
#14074=IFCINDEXEDPOLYGONALFACE((1536,1547,1068,1067));
#14075=IFCINDEXEDPOLYGONALFACE((1547,1548,1068));
#14076=IFCINDEXEDPOLYGONALFACE((1548,1549,1068));
#14077=IFCINDEXEDPOLYGONALFACE((1549,1550,1065,1068));
#14078=IFCINDEXEDPOLYGONALFACE((1571,1572,1437,1436));
#14079=IFCINDEXEDPOLYGONALFACE((1588,1505,1456,1551));
#14080=IFCINDEXEDPOLYGONALFACE((1508,1504,1455,1457));
#14081=IFCINDEXEDPOLYGONALFACE((1586,1508,1457,1552));
#14082=IFCINDEXEDPOLYGONALFACE((1505,1510,1458,1456));
#14083=IFCINDEXEDPOLYGONALFACE((1573,1574,1441,1440));
#14084=IFCINDEXEDPOLYGONALFACE((1600,1529,1460,1553));
#14085=IFCINDEXEDPOLYGONALFACE((1532,1528,1459,1461));
#14086=IFCINDEXEDPOLYGONALFACE((1598,1532,1461,1554));
#14087=IFCINDEXEDPOLYGONALFACE((1529,1534,1462,1460));
#14088=IFCINDEXEDPOLYGONALFACE((1575,1576,1445,1444));
#14089=IFCINDEXEDPOLYGONALFACE((1596,1521,1464,1555));
#14090=IFCINDEXEDPOLYGONALFACE((1524,1520,1463,1465));
#14091=IFCINDEXEDPOLYGONALFACE((1594,1524,1465,1556));
#14092=IFCINDEXEDPOLYGONALFACE((1521,1526,1466,1464));
#14093=IFCINDEXEDPOLYGONALFACE((1577,1578,1449,1448));
#14094=IFCINDEXEDPOLYGONALFACE((1592,1513,1468,1557));
#14095=IFCINDEXEDPOLYGONALFACE((1516,1512,1467,1469));
#14096=IFCINDEXEDPOLYGONALFACE((1590,1516,1469,1558));
#14097=IFCINDEXEDPOLYGONALFACE((1513,1518,1470,1468));
#14098=IFCINDEXEDPOLYGONALFACE((1579,1580,1453,1452));
#14099=IFCINDEXEDPOLYGONALFACE((1584,1497,1472,1559));
#14100=IFCINDEXEDPOLYGONALFACE((1500,1496,1471,1473));
#14101=IFCINDEXEDPOLYGONALFACE((1582,1500,1473,1560));
#14102=IFCINDEXEDPOLYGONALFACE((1497,1502,1474,1472));
#14103=IFCINDEXEDPOLYGONALFACE((1561,1551,1456,1476));
#14104=IFCINDEXEDPOLYGONALFACE((1477,1457,1455,1475));
#14105=IFCINDEXEDPOLYGONALFACE((1562,1552,1457,1477));
#14106=IFCINDEXEDPOLYGONALFACE((1476,1456,1458,1478));
#14107=IFCINDEXEDPOLYGONALFACE((1563,1553,1460,1480));
#14108=IFCINDEXEDPOLYGONALFACE((1481,1461,1459,1479));
#14109=IFCINDEXEDPOLYGONALFACE((1564,1554,1461,1481));
#14110=IFCINDEXEDPOLYGONALFACE((1480,1460,1462,1482));
#14111=IFCINDEXEDPOLYGONALFACE((1565,1555,1464,1484));
#14112=IFCINDEXEDPOLYGONALFACE((1485,1465,1463,1483));
#14113=IFCINDEXEDPOLYGONALFACE((1566,1556,1465,1485));
#14114=IFCINDEXEDPOLYGONALFACE((1484,1464,1466,1486));
#14115=IFCINDEXEDPOLYGONALFACE((1567,1557,1468,1488));
#14116=IFCINDEXEDPOLYGONALFACE((1489,1469,1467,1487));
#14117=IFCINDEXEDPOLYGONALFACE((1568,1558,1469,1489));
#14118=IFCINDEXEDPOLYGONALFACE((1488,1468,1470,1490));
#14119=IFCINDEXEDPOLYGONALFACE((1569,1559,1472,1492));
#14120=IFCINDEXEDPOLYGONALFACE((1493,1473,1471,1491));
#14121=IFCINDEXEDPOLYGONALFACE((1570,1560,1473,1493));
#14122=IFCINDEXEDPOLYGONALFACE((1492,1472,1474,1494));
#14123=IFCINDEXEDPOLYGONALFACE((1571,1561,1476,1435));
#14124=IFCINDEXEDPOLYGONALFACE((1437,1477,1475,1436));
#14125=IFCINDEXEDPOLYGONALFACE((1572,1562,1477,1437));
#14126=IFCINDEXEDPOLYGONALFACE((1435,1476,1478,1438));
#14127=IFCINDEXEDPOLYGONALFACE((1573,1563,1480,1439));
#14128=IFCINDEXEDPOLYGONALFACE((1441,1481,1479,1440));
#14129=IFCINDEXEDPOLYGONALFACE((1574,1564,1481,1441));
#14130=IFCINDEXEDPOLYGONALFACE((1439,1480,1482,1442));
#14131=IFCINDEXEDPOLYGONALFACE((1575,1565,1484,1443));
#14132=IFCINDEXEDPOLYGONALFACE((1445,1485,1483,1444));
#14133=IFCINDEXEDPOLYGONALFACE((1576,1566,1485,1445));
#14134=IFCINDEXEDPOLYGONALFACE((1443,1484,1486,1446));
#14135=IFCINDEXEDPOLYGONALFACE((1577,1567,1488,1447));
#14136=IFCINDEXEDPOLYGONALFACE((1449,1489,1487,1448));
#14137=IFCINDEXEDPOLYGONALFACE((1578,1568,1489,1449));
#14138=IFCINDEXEDPOLYGONALFACE((1447,1488,1490,1450));
#14139=IFCINDEXEDPOLYGONALFACE((1579,1569,1492,1451));
#14140=IFCINDEXEDPOLYGONALFACE((1453,1493,1491,1452));
#14141=IFCINDEXEDPOLYGONALFACE((1580,1570,1493,1453));
#14142=IFCINDEXEDPOLYGONALFACE((1451,1492,1494,1454));
#14143=IFCINDEXEDPOLYGONALFACE((1420,1419,1501,1498));
#14144=IFCINDEXEDPOLYGONALFACE((1498,1501,1502,1497));
#14145=IFCINDEXEDPOLYGONALFACE((1546,1426,1499,1581));
#14146=IFCINDEXEDPOLYGONALFACE((1581,1499,1500,1582));
#14147=IFCINDEXEDPOLYGONALFACE((1426,1425,1495,1499));
#14148=IFCINDEXEDPOLYGONALFACE((1499,1495,1496,1500));
#14149=IFCINDEXEDPOLYGONALFACE((1545,1420,1498,1583));
#14150=IFCINDEXEDPOLYGONALFACE((1583,1498,1497,1584));
#14151=IFCINDEXEDPOLYGONALFACE((1419,1405,1509,1506));
#14152=IFCINDEXEDPOLYGONALFACE((1506,1509,1510,1505));
#14153=IFCINDEXEDPOLYGONALFACE((1535,1406,1507,1585));
#14154=IFCINDEXEDPOLYGONALFACE((1585,1507,1508,1586));
#14155=IFCINDEXEDPOLYGONALFACE((1406,1426,1503,1507));
#14156=IFCINDEXEDPOLYGONALFACE((1507,1503,1504,1508));
#14157=IFCINDEXEDPOLYGONALFACE((1546,1419,1506,1587));
#14158=IFCINDEXEDPOLYGONALFACE((1587,1506,1505,1588));
#14159=IFCINDEXEDPOLYGONALFACE((1421,1420,1517,1514));
#14160=IFCINDEXEDPOLYGONALFACE((1514,1517,1518,1513));
#14161=IFCINDEXEDPOLYGONALFACE((1545,1425,1515,1589));
#14162=IFCINDEXEDPOLYGONALFACE((1589,1515,1516,1590));
#14163=IFCINDEXEDPOLYGONALFACE((1425,1424,1511,1515));
#14164=IFCINDEXEDPOLYGONALFACE((1515,1511,1512,1516));
#14165=IFCINDEXEDPOLYGONALFACE((1544,1421,1514,1591));
#14166=IFCINDEXEDPOLYGONALFACE((1591,1514,1513,1592));
#14167=IFCINDEXEDPOLYGONALFACE((1422,1421,1525,1522));
#14168=IFCINDEXEDPOLYGONALFACE((1522,1525,1526,1521));
#14169=IFCINDEXEDPOLYGONALFACE((1544,1424,1523,1593));
#14170=IFCINDEXEDPOLYGONALFACE((1593,1523,1524,1594));
#14171=IFCINDEXEDPOLYGONALFACE((1424,1423,1519,1523));
#14172=IFCINDEXEDPOLYGONALFACE((1523,1519,1520,1524));
#14173=IFCINDEXEDPOLYGONALFACE((1543,1422,1522,1595));
#14174=IFCINDEXEDPOLYGONALFACE((1595,1522,1521,1596));
#14175=IFCINDEXEDPOLYGONALFACE((1408,1422,1533,1530));
#14176=IFCINDEXEDPOLYGONALFACE((1530,1533,1534,1529));
#14177=IFCINDEXEDPOLYGONALFACE((1543,1423,1531,1597));
#14178=IFCINDEXEDPOLYGONALFACE((1597,1531,1532,1598));
#14179=IFCINDEXEDPOLYGONALFACE((1423,1409,1527,1531));
#14180=IFCINDEXEDPOLYGONALFACE((1531,1527,1528,1532));
#14181=IFCINDEXEDPOLYGONALFACE((1538,1408,1530,1599));
#14182=IFCINDEXEDPOLYGONALFACE((1599,1530,1529,1600));
#14183=IFCINDEXEDPOLYGONALFACE((1527,1599,1600,1528));
#14184=IFCINDEXEDPOLYGONALFACE((1409,1538,1599,1527));
#14185=IFCINDEXEDPOLYGONALFACE((1533,1597,1598,1534));
#14186=IFCINDEXEDPOLYGONALFACE((1422,1543,1597,1533));
#14187=IFCINDEXEDPOLYGONALFACE((1519,1595,1596,1520));
#14188=IFCINDEXEDPOLYGONALFACE((1423,1543,1595,1519));
#14189=IFCINDEXEDPOLYGONALFACE((1525,1593,1594,1526));
#14190=IFCINDEXEDPOLYGONALFACE((1421,1544,1593,1525));
#14191=IFCINDEXEDPOLYGONALFACE((1511,1591,1592,1512));
#14192=IFCINDEXEDPOLYGONALFACE((1424,1544,1591,1511));
#14193=IFCINDEXEDPOLYGONALFACE((1517,1589,1590,1518));
#14194=IFCINDEXEDPOLYGONALFACE((1420,1545,1589,1517));
#14195=IFCINDEXEDPOLYGONALFACE((1503,1587,1588,1504));
#14196=IFCINDEXEDPOLYGONALFACE((1426,1546,1587,1503));
#14197=IFCINDEXEDPOLYGONALFACE((1509,1585,1586,1510));
#14198=IFCINDEXEDPOLYGONALFACE((1405,1535,1585,1509));
#14199=IFCINDEXEDPOLYGONALFACE((1495,1583,1584,1496));
#14200=IFCINDEXEDPOLYGONALFACE((1425,1545,1583,1495));
#14201=IFCINDEXEDPOLYGONALFACE((1501,1581,1582,1502));
#14202=IFCINDEXEDPOLYGONALFACE((1419,1546,1581,1501));
#14203=IFCINDEXEDPOLYGONALFACE((1454,1494,1570,1580));
#14204=IFCINDEXEDPOLYGONALFACE((1452,1491,1569,1579));
#14205=IFCINDEXEDPOLYGONALFACE((1450,1490,1568,1578));
#14206=IFCINDEXEDPOLYGONALFACE((1448,1487,1567,1577));
#14207=IFCINDEXEDPOLYGONALFACE((1446,1486,1566,1576));
#14208=IFCINDEXEDPOLYGONALFACE((1444,1483,1565,1575));
#14209=IFCINDEXEDPOLYGONALFACE((1442,1482,1564,1574));
#14210=IFCINDEXEDPOLYGONALFACE((1440,1479,1563,1573));
#14211=IFCINDEXEDPOLYGONALFACE((1438,1478,1562,1572));
#14212=IFCINDEXEDPOLYGONALFACE((1436,1475,1561,1571));
#14213=IFCINDEXEDPOLYGONALFACE((1494,1474,1560,1570));
#14214=IFCINDEXEDPOLYGONALFACE((1491,1471,1559,1569));
#14215=IFCINDEXEDPOLYGONALFACE((1490,1470,1558,1568));
#14216=IFCINDEXEDPOLYGONALFACE((1487,1467,1557,1567));
#14217=IFCINDEXEDPOLYGONALFACE((1486,1466,1556,1566));
#14218=IFCINDEXEDPOLYGONALFACE((1483,1463,1555,1565));
#14219=IFCINDEXEDPOLYGONALFACE((1482,1462,1554,1564));
#14220=IFCINDEXEDPOLYGONALFACE((1479,1459,1553,1563));
#14221=IFCINDEXEDPOLYGONALFACE((1478,1458,1552,1562));
#14222=IFCINDEXEDPOLYGONALFACE((1475,1455,1551,1561));
#14223=IFCINDEXEDPOLYGONALFACE((1502,1582,1560,1474));
#14224=IFCINDEXEDPOLYGONALFACE((1496,1584,1559,1471));
#14225=IFCINDEXEDPOLYGONALFACE((1451,1454,1580,1579));
#14226=IFCINDEXEDPOLYGONALFACE((1518,1590,1558,1470));
#14227=IFCINDEXEDPOLYGONALFACE((1512,1592,1557,1467));
#14228=IFCINDEXEDPOLYGONALFACE((1447,1450,1578,1577));
#14229=IFCINDEXEDPOLYGONALFACE((1526,1594,1556,1466));
#14230=IFCINDEXEDPOLYGONALFACE((1520,1596,1555,1463));
#14231=IFCINDEXEDPOLYGONALFACE((1443,1446,1576,1575));
#14232=IFCINDEXEDPOLYGONALFACE((1534,1598,1554,1462));
#14233=IFCINDEXEDPOLYGONALFACE((1528,1600,1553,1459));
#14234=IFCINDEXEDPOLYGONALFACE((1439,1442,1574,1573));
#14235=IFCINDEXEDPOLYGONALFACE((1510,1586,1552,1458));
#14236=IFCINDEXEDPOLYGONALFACE((1504,1588,1551,1455));
#14237=IFCINDEXEDPOLYGONALFACE((1435,1438,1572,1571));
#14238=IFCINDEXEDPOLYGONALFACE((1416,1415,1550,1549));
#14239=IFCINDEXEDPOLYGONALFACE((1417,1416,1549,1548));
#14240=IFCINDEXEDPOLYGONALFACE((1418,1417,1548,1547));
#14241=IFCINDEXEDPOLYGONALFACE((1407,1418,1547,1536));
#14242=IFCINDEXEDPOLYGONALFACE((1411,1414,1542,1540));
#14243=IFCINDEXEDPOLYGONALFACE((1410,1413,1541,1537));
#14244=IFCINDEXEDPOLYGONALFACE((1601,1411,1540,1613));
#14245=IFCINDEXEDPOLYGONALFACE((1413,1412,1539,1541));
#14246=IFCINDEXEDPOLYGONALFACE((1637,1408,1538,1635));
#14247=IFCINDEXEDPOLYGONALFACE((1415,1410,1537,1550));
#14248=IFCINDEXEDPOLYGONALFACE((1414,1407,1536,1542));
#14249=IFCINDEXEDPOLYGONALFACE((1412,1604,1614,1539));
#14250=IFCINDEXEDPOLYGONALFACE((1614,1639,1648,1602));
#14251=IFCINDEXEDPOLYGONALFACE((1428,1611,1612,1427));
#14252=IFCINDEXEDPOLYGONALFACE((1429,1610,1611,1428));
#14253=IFCINDEXEDPOLYGONALFACE((1430,1609,1610,1429));
#14254=IFCINDEXEDPOLYGONALFACE((1411,1601,1609,1430));
#14255=IFCINDEXEDPOLYGONALFACE((1063,1607,1608));
#14256=IFCINDEXEDPOLYGONALFACE((1063,1606,1607));
#14257=IFCINDEXEDPOLYGONALFACE((1062,1605,1606,1063));
#14258=IFCINDEXEDPOLYGONALFACE((1061,1602,1605,1062));
#14259=IFCINDEXEDPOLYGONALFACE((1649,1601,1613,1650));
#14260=IFCINDEXEDPOLYGONALFACE((1063,1608,1603,1064));
#14261=IFCINDEXEDPOLYGONALFACE((1427,1612,1604,1412));
#14262=IFCINDEXEDPOLYGONALFACE((1539,1614,1602,1061));
#14263=IFCINDEXEDPOLYGONALFACE((1098,1621,1624,1093));
#14264=IFCINDEXEDPOLYGONALFACE((1092,1620,1623,1078));
#14265=IFCINDEXEDPOLYGONALFACE((1089,1619,1622,1072));
#14266=IFCINDEXEDPOLYGONALFACE((1086,1618,1621,1098));
#14267=IFCINDEXEDPOLYGONALFACE((1093,1624,1620,1092));
#14268=IFCINDEXEDPOLYGONALFACE((1083,1617,1619,1089));
#14269=IFCINDEXEDPOLYGONALFACE((1071,1615,1618,1086));
#14270=IFCINDEXEDPOLYGONALFACE((1077,1616,1617,1083));
#14271=IFCINDEXEDPOLYGONALFACE((1078,1623,1616,1077));
#14272=IFCINDEXEDPOLYGONALFACE((1072,1622,1615,1071));
#14273=IFCINDEXEDPOLYGONALFACE((1535,1638,1636,1406));
#14274=IFCINDEXEDPOLYGONALFACE((1405,1625,1638,1535));
#14275=IFCINDEXEDPOLYGONALFACE((1650,1613,1603,1652));
#14276=IFCINDEXEDPOLYGONALFACE((1651,1637,1635,1639));
#14277=IFCINDEXEDPOLYGONALFACE((1641,1633,1634,1640));
#14278=IFCINDEXEDPOLYGONALFACE((1642,1632,1633,1641));
#14279=IFCINDEXEDPOLYGONALFACE((1643,1631,1632,1642));
#14280=IFCINDEXEDPOLYGONALFACE((1649,1625,1631,1643));
#14281=IFCINDEXEDPOLYGONALFACE((1645,1629,1630,1644));
#14282=IFCINDEXEDPOLYGONALFACE((1646,1628,1629,1645));
#14283=IFCINDEXEDPOLYGONALFACE((1647,1627,1628,1646));
#14284=IFCINDEXEDPOLYGONALFACE((1648,1626,1627,1647));
#14285=IFCINDEXEDPOLYGONALFACE((1644,1630,1636,1652));
#14286=IFCINDEXEDPOLYGONALFACE((1640,1634,1637,1651));
#14287=IFCINDEXEDPOLYGONALFACE((1625,1649,1650,1638));
#14288=IFCINDEXEDPOLYGONALFACE((1638,1650,1652,1636));
#14289=IFCINDEXEDPOLYGONALFACE((1604,1651,1639,1614));
#14290=IFCINDEXEDPOLYGONALFACE((1611,1641,1640,1612));
#14291=IFCINDEXEDPOLYGONALFACE((1610,1642,1641,1611));
#14292=IFCINDEXEDPOLYGONALFACE((1609,1643,1642,1610));
#14293=IFCINDEXEDPOLYGONALFACE((1601,1649,1643,1609));
#14294=IFCINDEXEDPOLYGONALFACE((1607,1645,1644,1608));
#14295=IFCINDEXEDPOLYGONALFACE((1606,1646,1645,1607));
#14296=IFCINDEXEDPOLYGONALFACE((1605,1647,1646,1606));
#14297=IFCINDEXEDPOLYGONALFACE((1602,1648,1647,1605));
#14298=IFCINDEXEDPOLYGONALFACE((1608,1644,1652,1603));
#14299=IFCINDEXEDPOLYGONALFACE((1612,1640,1651,1604));
#14300=IFCINDEXEDPOLYGONALFACE((1639,1635,1626,1648));
#14301=IFCPOLYGONALFACESET(#12640,$,(#12641,#12642,#12643,#12644,#12645,#12646,#12647,#12648,#12649,#12650,#12651,#12652,#12653,#12654,#12655,#12656,#12657,#12658,#12659,#12660,#12661,#12662,#12663,#12664,#12665,#12666,#12667,#12668,#12669,#12670,#12671,#12672,#12673,#12674,#12675,#12676,#12677,#12678,#12679,#12680,#12681,#12682,#12683,#12684,#12685,#12686,#12687,#12688,#12689,#12690,#12691,#12692,#12693,#12694,#12695,#12696,#12697,#12698,#12699,#12700,#12701,#12702,#12703,#12704,#12705,#12706,#12707,#12708,#12709,#12710,#12711,#12712,#12713,#12714,#12715,#12716,#12717,#12718,#12719,#12720,#12721,#12722,#12723,#12724,#12725,#12726,#12727,#12728,#12729,#12730,#12731,#12732,#12733,#12734,#12735,#12736,#12737,#12738,#12739,#12740,#12741,#12742,#12743,#12744,#12745,#12746,#12747,#12748,#12749,#12750,#12751,#12752,#12753,#12754,#12755,#12756,#12757,#12758,#12759,#12760,#12761,#12762,#12763,#12764,#12765,#12766,#12767,#12768,#12769,#12770,#12771,#12772,#12773,#12774,#12775,#12776,#12777,#12778,#12779,#12780,#12781,#12782,#12783,#12784,#12785,#12786,#12787,#12788,#12789,#12790,#12791,#12792,#12793,#12794,#12795,#12796,#12797,#12798,#12799,#12800,#12801,#12802,#12803,#12804,#12805,#12806,#12807,#12808,#12809,#12810,#12811,#12812,#12813,#12814,#12815,#12816,#12817,#12818,#12819,#12820,#12821,#12822,#12823,#12824,#12825,#12826,#12827,#12828,#12829,#12830,#12831,#12832,#12833,#12834,#12835,#12836,#12837,#12838,#12839,#12840,#12841,#12842,#12843,#12844,#12845,#12846,#12847,#12848,#12849,#12850,#12851,#12852,#12853,#12854,#12855,#12856,#12857,#12858,#12859,#12860,#12861,#12862,#12863,#12864,#12865,#12866,#12867,#12868,#12869,#12870,#12871,#12872,#12873,#12874,#12875,#12876,#12877,#12878,#12879,#12880,#12881,#12882,#12883,#12884,#12885,#12886,#12887,#12888,#12889,#12890,#12891,#12892,#12893,#12894,#12895,#12896,#12897,#12898,#12899,#12900,#12901,#12902,#12903,#12904,#12905,#12906,#12907,#12908,#12909,#12910,#12911,#12912,#12913,#12914,#12915,#12916,#12917,#12918,#12919,#12920,#12921,#12922,#12923,#12924,#12925,#12926,#12927,#12928,#12929,#12930,#12931,#12932,#12933,#12934,#12935,#12936,#12937,#12938,#12939,#12940,#12941,#12942,#12943,#12944,#12945,#12946,#12947,#12948,#12949,#12950,#12951,#12952,#12953,#12954,#12955,#12956,#12957,#12958,#12959,#12960,#12961,#12962,#12963,#12964,#12965,#12966,#12967,#12968,#12969,#12970,#12971,#12972,#12973,#12974,#12975,#12976,#12977,#12978,#12979,#12980,#12981,#12982,#12983,#12984,#12985,#12986,#12987,#12988,#12989,#12990,#12991,#12992,#12993,#12994,#12995,#12996,#12997,#12998,#12999,#13000,#13001,#13002,#13003,#13004,#13005,#13006,#13007,#13008,#13009,#13010,#13011,#13012,#13013,#13014,#13015,#13016,#13017,#13018,#13019,#13020,#13021,#13022,#13023,#13024,#13025,#13026,#13027,#13028,#13029,#13030,#13031,#13032,#13033,#13034,#13035,#13036,#13037,#13038,#13039,#13040,#13041,#13042,#13043,#13044,#13045,#13046,#13047,#13048,#13049,#13050,#13051,#13052,#13053,#13054,#13055,#13056,#13057,#13058,#13059,#13060,#13061,#13062,#13063,#13064,#13065,#13066,#13067,#13068,#13069,#13070,#13071,#13072,#13073,#13074,#13075,#13076,#13077,#13078,#13079,#13080,#13081,#13082,#13083,#13084,#13085,#13086,#13087,#13088,#13089,#13090,#13091,#13092,#13093,#13094,#13095,#13096,#13097,#13098,#13099,#13100,#13101,#13102,#13103,#13104,#13105,#13106,#13107,#13108,#13109,#13110,#13111,#13112,#13113,#13114,#13115,#13116,#13117,#13118,#13119,#13120,#13121,#13122,#13123,#13124,#13125,#13126,#13127,#13128,#13129,#13130,#13131,#13132,#13133,#13134,#13135,#13136,#13137,#13138,#13139,#13140,#13141,#13142,#13143,#13144,#13145,#13146,#13147,#13148,#13149,#13150,#13151,#13152,#13153,#13154,#13155,#13156,#13157,#13158,#13159,#13160,#13161,#13162,#13163,#13164,#13165,#13166,#13167,#13168,#13169,#13170,#13171,#13172,#13173,#13174,#13175,#13176,#13177,#13178,#13179,#13180,#13181,#13182,#13183,#13184,#13185,#13186,#13187,#13188,#13189,#13190,#13191,#13192,#13193,#13194,#13195,#13196,#13197,#13198,#13199,#13200,#13201,#13202,#13203,#13204,#13205,#13206,#13207,#13208,#13209,#13210,#13211,#13212,#13213,#13214,#13215,#13216,#13217,#13218,#13219,#13220,#13221,#13222,#13223,#13224,#13225,#13226,#13227,#13228,#13229,#13230,#13231,#13232,#13233,#13234,#13235,#13236,#13237,#13238,#13239,#13240,#13241,#13242,#13243,#13244,#13245,#13246,#13247,#13248,#13249,#13250,#13251,#13252,#13253,#13254,#13255,#13256,#13257,#13258,#13259,#13260,#13261,#13262,#13263,#13264,#13265,#13266,#13267,#13268,#13269,#13270,#13271,#13272,#13273,#13274,#13275,#13276,#13277,#13278,#13279,#13280,#13281,#13282,#13283,#13284,#13285,#13286,#13287,#13288,#13289,#13290,#13291,#13292,#13293,#13294,#13295,#13296,#13297,#13298,#13299,#13300,#13301,#13302,#13303,#13304,#13305,#13306,#13307,#13308,#13309,#13310,#13311,#13312,#13313,#13314,#13315,#13316,#13317,#13318,#13319,#13320,#13321,#13322,#13323,#13324,#13325,#13326,#13327,#13328,#13329,#13330,#13331,#13332,#13333,#13334,#13335,#13336,#13337,#13338,#13339,#13340,#13341,#13342,#13343,#13344,#13345,#13346,#13347,#13348,#13349,#13350,#13351,#13352,#13353,#13354,#13355,#13356,#13357,#13358,#13359,#13360,#13361,#13362,#13363,#13364,#13365,#13366,#13367,#13368,#13369,#13370,#13371,#13372,#13373,#13374,#13375,#13376,#13377,#13378,#13379,#13380,#13381,#13382,#13383,#13384,#13385,#13386,#13387,#13388,#13389,#13390,#13391,#13392,#13393,#13394,#13395,#13396,#13397,#13398,#13399,#13400,#13401,#13402,#13403,#13404,#13405,#13406,#13407,#13408,#13409,#13410,#13411,#13412,#13413,#13414,#13415,#13416,#13417,#13418,#13419,#13420,#13421,#13422,#13423,#13424,#13425,#13426,#13427,#13428,#13429,#13430,#13431,#13432,#13433,#13434,#13435,#13436,#13437,#13438,#13439,#13440,#13441,#13442,#13443,#13444,#13445,#13446,#13447,#13448,#13449,#13450,#13451,#13452,#13453,#13454,#13455,#13456,#13457,#13458,#13459,#13460,#13461,#13462,#13463,#13464,#13465,#13466,#13467,#13468,#13469,#13470,#13471,#13472,#13473,#13474,#13475,#13476,#13477,#13478,#13479,#13480,#13481,#13482,#13483,#13484,#13485,#13486,#13487,#13488,#13489,#13490,#13491,#13492,#13493,#13494,#13495,#13496,#13497,#13498,#13499,#13500,#13501,#13502,#13503,#13504,#13505,#13506,#13507,#13508,#13509,#13510,#13511,#13512,#13513,#13514,#13515,#13516,#13517,#13518,#13519,#13520,#13521,#13522,#13523,#13524,#13525,#13526,#13527,#13528,#13529,#13530,#13531,#13532,#13533,#13534,#13535,#13536,#13537,#13538,#13539,#13540,#13541,#13542,#13543,#13544,#13545,#13546,#13547,#13548,#13549,#13550,#13551,#13552,#13553,#13554,#13555,#13556,#13557,#13558,#13559,#13560,#13561,#13562,#13563,#13564,#13565,#13566,#13567,#13568,#13569,#13570,#13571,#13572,#13573,#13574,#13575,#13576,#13577,#13578,#13579,#13580,#13581,#13582,#13583,#13584,#13585,#13586,#13587,#13588,#13589,#13590,#13591,#13592,#13593,#13594,#13595,#13596,#13597,#13598,#13599,#13600,#13601,#13602,#13603,#13604,#13605,#13606,#13607,#13608,#13609,#13610,#13611,#13612,#13613,#13614,#13615,#13616,#13617,#13618,#13619,#13620,#13621,#13622,#13623,#13624,#13625,#13626,#13627,#13628,#13629,#13630,#13631,#13632,#13633,#13634,#13635,#13636,#13637,#13638,#13639,#13640,#13641,#13642,#13643,#13644,#13645,#13646,#13647,#13648,#13649,#13650,#13651,#13652,#13653,#13654,#13655,#13656,#13657,#13658,#13659,#13660,#13661,#13662,#13663,#13664,#13665,#13666,#13667,#13668,#13669,#13670,#13671,#13672,#13673,#13674,#13675,#13676,#13677,#13678,#13679,#13680,#13681,#13682,#13683,#13684,#13685,#13686,#13687,#13688,#13689,#13690,#13691,#13692,#13693,#13694,#13695,#13696,#13697,#13698,#13699,#13700,#13701,#13702,#13703,#13704,#13705,#13706,#13707,#13708,#13709,#13710,#13711,#13712,#13713,#13714,#13715,#13716,#13717,#13718,#13719,#13720,#13721,#13722,#13723,#13724,#13725,#13726,#13727,#13728,#13729,#13730,#13731,#13732,#13733,#13734,#13735,#13736,#13737,#13738,#13739,#13740,#13741,#13742,#13743,#13744,#13745,#13746,#13747,#13748,#13749,#13750,#13751,#13752,#13753,#13754,#13755,#13756,#13757,#13758,#13759,#13760,#13761,#13762,#13763,#13764,#13765,#13766,#13767,#13768,#13769,#13770,#13771,#13772,#13773,#13774,#13775,#13776,#13777,#13778,#13779,#13780,#13781,#13782,#13783,#13784,#13785,#13786,#13787,#13788,#13789,#13790,#13791,#13792,#13793,#13794,#13795,#13796,#13797,#13798,#13799,#13800,#13801,#13802,#13803,#13804,#13805,#13806,#13807,#13808,#13809,#13810,#13811,#13812,#13813,#13814,#13815,#13816,#13817,#13818,#13819,#13820,#13821,#13822,#13823,#13824,#13825,#13826,#13827,#13828,#13829,#13830,#13831,#13832,#13833,#13834,#13835,#13836,#13837,#13838,#13839,#13840,#13841,#13842,#13843,#13844,#13845,#13846,#13847,#13848,#13849,#13850,#13851,#13852,#13853,#13854,#13855,#13856,#13857,#13858,#13859,#13860,#13861,#13862,#13863,#13864,#13865,#13866,#13867,#13868,#13869,#13870,#13871,#13872,#13873,#13874,#13875,#13876,#13877,#13878,#13879,#13880,#13881,#13882,#13883,#13884,#13885,#13886,#13887,#13888,#13889,#13890,#13891,#13892,#13893,#13894,#13895,#13896,#13897,#13898,#13899,#13900,#13901,#13902,#13903,#13904,#13905,#13906,#13907,#13908,#13909,#13910,#13911,#13912,#13913,#13914,#13915,#13916,#13917,#13918,#13919,#13920,#13921,#13922,#13923,#13924,#13925,#13926,#13927,#13928,#13929,#13930,#13931,#13932,#13933,#13934,#13935,#13936,#13937,#13938,#13939,#13940,#13941,#13942,#13943,#13944,#13945,#13946,#13947,#13948,#13949,#13950,#13951,#13952,#13953,#13954,#13955,#13956,#13957,#13958,#13959,#13960,#13961,#13962,#13963,#13964,#13965,#13966,#13967,#13968,#13969,#13970,#13971,#13972,#13973,#13974,#13975,#13976,#13977,#13978,#13979,#13980,#13981,#13982,#13983,#13984,#13985,#13986,#13987,#13988,#13989,#13990,#13991,#13992,#13993,#13994,#13995,#13996,#13997,#13998,#13999,#14000,#14001,#14002,#14003,#14004,#14005,#14006,#14007,#14008,#14009,#14010,#14011,#14012,#14013,#14014,#14015,#14016,#14017,#14018,#14019,#14020,#14021,#14022,#14023,#14024,#14025,#14026,#14027,#14028,#14029,#14030,#14031,#14032,#14033,#14034,#14035,#14036,#14037,#14038,#14039,#14040,#14041,#14042,#14043,#14044,#14045,#14046,#14047,#14048,#14049,#14050,#14051,#14052,#14053,#14054,#14055,#14056,#14057,#14058,#14059,#14060,#14061,#14062,#14063,#14064,#14065,#14066,#14067,#14068,#14069,#14070,#14071,#14072,#14073,#14074,#14075,#14076,#14077,#14078,#14079,#14080,#14081,#14082,#14083,#14084,#14085,#14086,#14087,#14088,#14089,#14090,#14091,#14092,#14093,#14094,#14095,#14096,#14097,#14098,#14099,#14100,#14101,#14102,#14103,#14104,#14105,#14106,#14107,#14108,#14109,#14110,#14111,#14112,#14113,#14114,#14115,#14116,#14117,#14118,#14119,#14120,#14121,#14122,#14123,#14124,#14125,#14126,#14127,#14128,#14129,#14130,#14131,#14132,#14133,#14134,#14135,#14136,#14137,#14138,#14139,#14140,#14141,#14142,#14143,#14144,#14145,#14146,#14147,#14148,#14149,#14150,#14151,#14152,#14153,#14154,#14155,#14156,#14157,#14158,#14159,#14160,#14161,#14162,#14163,#14164,#14165,#14166,#14167,#14168,#14169,#14170,#14171,#14172,#14173,#14174,#14175,#14176,#14177,#14178,#14179,#14180,#14181,#14182,#14183,#14184,#14185,#14186,#14187,#14188,#14189,#14190,#14191,#14192,#14193,#14194,#14195,#14196,#14197,#14198,#14199,#14200,#14201,#14202,#14203,#14204,#14205,#14206,#14207,#14208,#14209,#14210,#14211,#14212,#14213,#14214,#14215,#14216,#14217,#14218,#14219,#14220,#14221,#14222,#14223,#14224,#14225,#14226,#14227,#14228,#14229,#14230,#14231,#14232,#14233,#14234,#14235,#14236,#14237,#14238,#14239,#14240,#14241,#14242,#14243,#14244,#14245,#14246,#14247,#14248,#14249,#14250,#14251,#14252,#14253,#14254,#14255,#14256,#14257,#14258,#14259,#14260,#14261,#14262,#14263,#14264,#14265,#14266,#14267,#14268,#14269,#14270,#14271,#14272,#14273,#14274,#14275,#14276,#14277,#14278,#14279,#14280,#14281,#14282,#14283,#14284,#14285,#14286,#14287,#14288,#14289,#14290,#14291,#14292,#14293,#14294,#14295,#14296,#14297,#14298,#14299,#14300),$);
#14302=IFCSHAPEREPRESENTATION(#15,'Body','Tessellation',(#14301));
#14303=IFCREPRESENTATIONMAP(#12633,#14302);
#14304=IFCBUILDINGELEMENTPROXYTYPE('2tMj73bJrFpAZ_Cinlqm1y',$,'Reaching',$,$,$,(#14303),$,'HUMAN',.USERDEFINED.);
#14305=IFCCARTESIANPOINT((0.,0.,0.));
#14306=IFCDIRECTION((0.,0.,1.));
#14307=IFCDIRECTION((1.,0.,0.));
#14308=IFCAXIS2PLACEMENT3D(#14305,#14306,#14307);
#14315=IFCCARTESIANPOINTLIST3D(((0.251232594251633,0.695692896842957,0.544343948364258),(0.242399781942368,0.702601552009583,1.09837555885315),(0.298390358686447,0.637494564056396,0.555207133293152),(0.293220460414886,0.671538352966309,1.099848985672),(0.317653775215149,0.596701860427856,0.559675455093384),(0.307359933853149,0.633342623710632,1.10242629051208),(0.295624643564224,0.546967506408691,0.554863095283508),(0.288707435131073,0.593760013580322,1.09807920455933),(0.250357955694199,0.525037288665771,0.545906186103821),(0.239399552345276,0.56586354970932,1.09419226646423),(0.258505880832672,0.737433791160583,1.01205778121948),(0.267786145210266,0.72303569316864,0.912755250930786),(0.246635973453522,0.694194912910461,0.819851517677307),(0.238977715373039,0.663411736488342,0.725625872612),(0.3167345225811,0.704443693161011,0.992030143737793),(0.33197820186615,0.694464206695557,0.927766978740692),(0.301428377628326,0.638929128646851,0.819851338863373),(0.281997829675674,0.625217974185944,0.714823961257935),(0.339778304100037,0.623135149478912,0.895318508148193),(0.319379955530167,0.579176068305969,0.821011960506439),(0.299802988767624,0.573044419288635,0.700068235397339),(0.320193201303482,0.547953188419342,1.00938606262207),(0.339109718799591,0.555004954338074,0.937045037746429),(0.301428347826004,0.518289923667908,0.819851279258728),(0.281997829675674,0.520870923995972,0.685312628746033),(0.266438364982605,0.498119294643402,0.981417179107666),(0.286394834518433,0.475451469421387,0.88955295085907),(0.246635973453522,0.47451376914978,0.819851338863373),(0.233353197574615,0.482677280902863,0.674510717391968),(0.199891775846481,0.670254468917847,1.14596402645111),(0.232500523328781,0.650781035423279,1.14026308059692),(0.245578721165657,0.617849588394165,1.13133263587952),(0.232500493526459,0.584918022155762,1.12468767166138),(0.199891775846481,0.560073137283325,1.11713528633118),(0.199065178632736,0.655724406242371,1.18286466598511),(0.217621192336082,0.633452653884888,1.17518258094788),(0.225477874279022,0.600295722484589,1.16314899921417),(0.217621177434921,0.567138910293579,1.15111541748047),(0.196156293153763,0.545658826828003,1.14374601840973),(0.375319361686707,0.650426626205444,1.07014405727386),(0.36754310131073,0.676215171813965,1.06420195102692),(0.359542012214661,0.615454912185669,1.06721889972687),(0.428611218929291,0.666970252990723,1.02342510223389),(0.44744536280632,0.649212956428528,0.945570528507233),(0.434996247291565,0.636345505714417,1.02560305595398),(0.451479643583298,0.612651228904724,0.947888433933258),(0.412760317325592,0.604045212268829,1.03285455703735),(0.424475073814392,0.577708184719086,0.957099080085754),(0.247277349233627,0.536028265953064,1.05088400840759),(0.357833027839661,0.575343430042267,1.01842594146729),(0.307874768972397,0.566455483436584,1.0507560968399),(0.366311311721802,0.560137867927551,0.948761165142059),(0.338368237018585,0.583216071128845,1.05061364173889),(0.399530589580536,0.688161015510559,0.934739649295807),(0.38110163807869,0.703770160675049,1.01480102539062),(0.308910846710205,0.702303767204285,1.0539014339447),(0.251603484153748,0.725488066673279,1.05280876159668),(0.344119042158127,0.704993009567261,1.04270112514496),(0.362801015377045,0.603999257087708,0.852727711200714),(0.36697056889534,0.564833402633667,0.857817888259888),(0.395546287298203,0.547809839248657,0.872189879417419),(0.382328867912292,0.641443610191345,0.843266069889069),(0.463129252195358,0.595371723175049,0.870701968669891),(0.44148001074791,0.558960914611816,0.876921534538269),(0.459711045026779,0.632232964038849,0.858346283435822),(0.420881032943726,0.653422713279724,0.84728729724884),(0.414030581712723,0.567188501358032,0.757859289646149),(0.417151868343353,0.546949207782745,0.773687958717346),(0.432862997055054,0.545283377170563,0.794811010360718),(0.432580024003983,0.58467423915863,0.747189044952393),(0.478249400854111,0.567818164825439,0.785585105419159),(0.458071559667587,0.553473949432373,0.79913318157196),(0.477440476417542,0.585884690284729,0.767615795135498),(0.458502650260925,0.592865109443665,0.751681864261627),(0.524560213088989,0.23610121011734,0.745099186897278),(0.505302608013153,0.227472931146622,0.761218309402466),(0.504791676998138,0.226886034011841,0.778056502342224),(0.539174675941467,0.239822775125504,0.74347984790802),(0.543779015541077,0.236166447401047,0.779427230358124),(0.518604338169098,0.230397909879684,0.787121057510376),(0.553216576576233,0.239803224802017,0.767402410507202),(0.553516864776611,0.241177096962929,0.751092195510864),(0.472078144550323,0.552964568138123,0.737014949321747),(0.494677722454071,0.467038959264755,0.733872950077057),(0.507282495498657,0.402838081121445,0.737093329429626),(0.531695961952209,0.316664457321167,0.748565554618835),(0.511928141117096,0.314429461956024,0.740121483802795),(0.480718553066254,0.393816441297531,0.729582190513611),(0.465095847845078,0.456697881221771,0.726435542106628),(0.441746801137924,0.542532622814178,0.730724096298218),(0.492105156183243,0.548282384872437,0.761489272117615),(0.51221239566803,0.464773893356323,0.760827302932739),(0.522394299507141,0.400325298309326,0.76165497303009),(0.539185762405396,0.314386785030365,0.767849445343018),(0.464576989412308,0.513494610786438,0.811592936515808),(0.482259839773178,0.434113353490829,0.807653725147247),(0.494375854730606,0.372380286455154,0.802739024162292),(0.507837414741516,0.300957351922989,0.794674873352051),(0.530878782272339,0.309341549873352,0.785721063613892),(0.517069578170776,0.387710958719254,0.788960576057434),(0.507060766220093,0.45112732052803,0.791573524475098),(0.489273607730865,0.53173553943634,0.791410446166992),(0.493147760629654,0.309749245643616,0.745875597000122),(0.458305031061172,0.378560870885849,0.743387937545776),(0.440726518630981,0.439802199602127,0.742522239685059),(0.419474720954895,0.521591186523438,0.746415376663208),(0.481341481208801,0.301106959581375,0.766263127326965),(0.452989548444748,0.365960597991943,0.770366370677948),(0.435548067092896,0.426165729761124,0.772756516933441),(0.416594415903091,0.505138456821442,0.777475893497467),(0.434684425592422,0.502821326255798,0.804912090301514),(0.452637434005737,0.423777878284454,0.799743115901947),(0.467841416597366,0.36337673664093,0.794937133789062),(0.488030582666397,0.298158824443817,0.785967826843262),(0.189984261989594,0.510145723819733,0.520377993583679),(0.201975658535957,0.560758173465729,1.09201550483704),(0.200128257274628,0.475687325000763,0.672533869743347),(0.209212064743042,0.466432511806488,0.819851398468018),(0.21576127409935,0.459096252918243,0.889553070068359),(0.209481582045555,0.487795829772949,0.980440139770508),(0.179848060011864,0.546876966953278,1.11609196662903),(0.181495502591133,0.541216731071472,1.14213371276855),(0.205914556980133,0.52909904718399,1.05097138881683),(0.17803293466568,0.703184604644775,0.539992868900299),(0.186551973223686,0.706404447555542,1.0967081785202),(0.190177142620087,0.665109992027283,0.727177381515503),(0.195878610014915,0.702276229858398,0.819851517677307),(0.198515400290489,0.731450319290161,0.910694599151611),(0.192238926887512,0.744397163391113,1.00938606262207),(0.174675986170769,0.678974986076355,1.14700722694397),(0.181495502591133,0.662769317626953,1.18528187274933),(0.190852776169777,0.730067849159241,1.05050015449524),(0.174915209412575,0.498129218816757,0.512450039386749),(0.180009573698044,0.521077513694763,0.464539051055908),(0.185490682721138,0.652981519699097,0.442108333110809),(0.323679029941559,0.44014436006546,0.437352538108826),(0.3562833070755,0.45870515704155,0.493990302085876),(0.36911928653717,0.475952684879303,0.555686593055725),(0.327712655067444,0.459978938102722,0.59583568572998),(0.270914614200592,0.432074546813965,0.615072965621948),(0.223003044724464,0.404109120368958,0.604367852210999),(0.280688434839249,0.414311945438385,0.413451135158539),(0.205067008733749,0.38786906003952,0.561475038528442),(0.218963906168938,0.384208232164383,0.497718274593353),(0.256244480609894,0.394128322601318,0.429197072982788),(0.187199294567108,0.454825103282928,0.537928938865662),(0.206701636314392,0.484269618988037,0.582870543003082),(0.199002727866173,0.457560896873474,0.476424336433411),(0.247234463691711,0.513936579227448,0.60015332698822),(0.237371295690536,0.661032915115356,0.431634306907654),(0.222206801176071,0.532700300216675,0.409797310829163),(0.298912107944489,0.547197341918945,0.583670794963837),(0.338548302650452,0.568274974822998,0.546298921108246),(0.299232870340347,0.610197246074677,0.432256937026978),(0.33111560344696,0.565990805625916,0.480419754981995),(0.198519289493561,0.511304438114166,0.555436909198761),(0.241113007068634,0.542408883571625,0.57932984828949),(0.200320705771446,0.604195833206177,0.426869809627533),(0.289234817028046,0.575188875198364,0.566099405288696),(0.322734236717224,0.605781733989716,0.541206836700439),(0.317118167877197,0.619986355304718,0.486919820308685),(0.182826340198517,0.485133230686188,0.520429849624634),(0.189556792378426,0.491316825151443,0.470143795013428),(0.199924424290657,0.692347288131714,0.466701626777649),(0.269761204719543,0.678357601165771,0.480379283428192),(0.243738412857056,0.688474893569946,0.587239444255829),(0.288363575935364,0.632434487342834,0.592458307743073),(0.310763627290726,0.584785461425781,0.58932626247406),(0.292463839054108,0.5279261469841,0.578118205070496),(0.245491251349449,0.508498132228851,0.559249520301819),(0.20767243206501,0.505365014076233,0.541183114051819),(0.175879687070847,0.693817973136902,0.581836938858032),(0.240736693143845,0.666273236274719,0.636471509933472),(0.285029739141464,0.621668934822083,0.632510662078857),(0.305388748645782,0.574452877044678,0.623802661895752),(0.288104772567749,0.523939907550812,0.611225008964539),(0.242600560188293,0.49698081612587,0.593912243843079),(0.207577064633369,0.492048263549805,0.582508623600006),(0.18415904045105,0.670397281646729,0.637434720993042),(0.338715553283691,0.358528524637222,0.445487856864929),(0.372382581233978,0.365621149539948,0.495452105998993),(0.388774812221527,0.370083838701248,0.553144454956055),(0.34881865978241,0.364586591720581,0.591777086257935),(0.291622072458267,0.35556948184967,0.610512375831604),(0.242023929953575,0.346904367208481,0.600259840488434),(0.294921100139618,0.350530534982681,0.42295503616333),(0.222113460302353,0.34233158826828,0.560125112533569),(0.233012109994888,0.342345178127289,0.499015986919403),(0.26903161406517,0.346540659666061,0.435414850711823),(0.35032993555069,0.285609424114227,0.468176126480103),(0.379410862922668,0.288837134838104,0.503466367721558),(0.393896341323853,0.292346775531769,0.547167181968689),(0.361758291721344,0.288211196660995,0.580705642700195),(0.315138459205627,0.281150013208389,0.598128259181976),(0.274962842464447,0.271824836730957,0.592853784561157),(0.313685595989227,0.280202329158783,0.452340185642242),(0.259325802326202,0.268574774265289,0.562234699726105),(0.265227884054184,0.269836902618408,0.513380527496338),(0.294366598129272,0.276477932929993,0.463677406311035),(0.359556168317795,0.249031275510788,0.492378354072571),(0.386688232421875,0.244804129004478,0.515721142292023),(0.401211231946945,0.242151409387589,0.548186182975769),(0.374777287244797,0.238441541790962,0.573825836181641),(0.336813181638718,0.229339212179184,0.589301824569702),(0.302440226078033,0.222984671592712,0.585255920886993),(0.32752725481987,0.247454971075058,0.483234047889709),(0.290048211812973,0.22263765335083,0.563174486160278),(0.290583670139313,0.228833794593811,0.52657151222229),(0.314045608043671,0.242119461297989,0.491628170013428),(0.362294882535934,0.295236796140671,0.487076222896576),(0.388775944709778,0.27555900812149,0.495829522609711),(0.405745923519135,0.248519718647003,0.506473064422607),(0.386888384819031,0.221447944641113,0.516031265258789),(0.356403112411499,0.198923051357269,0.52593719959259),(0.326486349105835,0.194407284259796,0.531660795211792),(0.333485215902328,0.298490017652512,0.485542714595795),(0.312306135892868,0.212655067443848,0.525283336639404),(0.307894289493561,0.245844930410385,0.509834885597229),(0.323444694280624,0.284855455160141,0.490544259548187),(0.37179958820343,0.327972710132599,0.39384663105011),(0.395881950855255,0.30088347196579,0.398520886898041),(0.412097692489624,0.264966130256653,0.406200706958771),(0.39718097448349,0.231137320399284,0.416296005249023),(0.370951294898987,0.207443743944168,0.424871444702148),(0.344681441783905,0.204602181911469,0.428104639053345),(0.34645813703537,0.334318816661835,0.394616365432739),(0.331809312105179,0.227005690336227,0.423576891422272),(0.326155126094818,0.270773530006409,0.412868738174438),(0.339619338512421,0.313562780618668,0.399761438369751),(0.359697759151459,0.238364562392235,0.0913501381874084),(0.372979938983917,0.220207735896111,0.0922031402587891),(0.380901455879211,0.20090040564537,0.0928982496261597),(0.373527765274048,0.174786478281021,0.0971307754516602),(0.355122208595276,0.155679658055305,0.0968636870384216),(0.335469961166382,0.157356470823288,0.092279851436615),(0.344483017921448,0.240751951932907,0.090904176235199),(0.320874959230423,0.183458670973778,0.0924398303031921),(0.317551285028458,0.200881823897362,0.0923691987991333),(0.323664844036102,0.22640934586525,0.0918692350387573),(0.418113112449646,0.253364145755768,0.323964595794678),(0.401374340057373,0.232359871268272,0.243656814098358),(0.385488361120224,0.209563732147217,0.165118336677551),(0.37337052822113,0.230434119701385,0.161040484905243),(0.385228127241135,0.258272677659988,0.238474547863007),(0.396425604820251,0.287590324878693,0.317202091217041),(0.321021914482117,0.306724429130554,0.319341659545898),(0.32960045337677,0.272274494171143,0.239977478981018),(0.331960141658783,0.241019874811172,0.162052810192108),(0.324673920869827,0.212114483118057,0.169680178165436),(0.31948783993721,0.236754864454269,0.250053763389587),(0.306960642337799,0.260255098342896,0.332613229751587),(0.331902831792831,0.320003569126129,0.314908385276794),(0.337565362453461,0.282482534646988,0.236619591712952),(0.340704709291458,0.248828411102295,0.15949684381485),(0.399554967880249,0.221616119146347,0.333858132362366),(0.387872159481049,0.208029314875603,0.251154601573944),(0.375666618347168,0.189862489700317,0.170890152454376),(0.364768415689468,0.313593208789825,0.313482046127319),(0.361780315637589,0.27784463763237,0.235589861869812),(0.355821192264557,0.245962560176849,0.158833265304565),(0.315191060304642,0.218769684433937,0.342510581016541),(0.325764775276184,0.205204620957375,0.257599115371704),(0.329516589641571,0.186622500419617,0.175572991371155),(0.339033037424088,0.17357525229454,0.177943766117096),(0.33849024772644,0.189030945301056,0.260588884353638),(0.33231982588768,0.197368383407593,0.346402645111084),(0.366192787885666,0.199632465839386,0.342637300491333),(0.363420337438583,0.191021531820297,0.257779717445374),(0.35756516456604,0.175654768943787,0.175970911979675),(0.238046050071716,0.673249006271362,0.766835331916809),(0.286952316761017,0.632073640823364,0.761434376239777),(0.305882573127747,0.57582700252533,0.754056453704834),(0.286952286958694,0.51958042383194,0.746678650379181),(0.235233768820763,0.478595465421677,0.741277813911438),(0.19990935921669,0.471059888601303,0.740289330482483),(0.191990196704865,0.678138852119446,0.767611145973206),(0.513615608215332,0.113057136535645,0.777049779891968),(0.52239465713501,0.115532346069813,0.797808945178986),(0.587269186973572,0.126439601182938,0.744306087493896),(0.595799326896667,0.128844559192657,0.764476835727692),(0.53202897310257,0.11640278249979,0.76886373758316),(0.550442337989807,0.119748391211033,0.760677874088287),(0.568855881690979,0.123093970119953,0.752492010593414),(0.577634811401367,0.125569134950638,0.773251354694366),(0.560138702392578,0.122482098639011,0.783605873584747),(0.541725158691406,0.119136519730091,0.79179173707962),(0.581604242324829,0.151291072368622,0.741720139980316),(0.572494506835938,0.189223229885101,0.741798222064972),(0.56051504611969,0.212799146771431,0.741286098957062),(0.57154107093811,0.215565890073776,0.766976177692413),(0.58361029624939,0.192669883370399,0.768169283866882),(0.591955661773682,0.154209613800049,0.766197621822357),(0.494268089532852,0.208523392677307,0.771529614925385),(0.481232047080994,0.163314118981361,0.780956327915192),(0.5079505443573,0.137908697128296,0.774463593959808),(0.518302083015442,0.140827178955078,0.798941195011139),(0.492318093776703,0.166439637541771,0.807170808315277),(0.505374789237976,0.211384609341621,0.797268867492676),(0.558131098747253,0.213184759020805,0.777394533157349),(0.566384077072144,0.189735293388367,0.781300783157349),(0.575140357017517,0.151314496994019,0.778162598609924),(0.545109510421753,0.211123153567314,0.784825205802917),(0.551277160644531,0.187163710594177,0.78922700881958),(0.557138681411743,0.148217082023621,0.787375807762146),(0.524159789085388,0.207873165607452,0.792978584766388),(0.530532836914062,0.183221340179443,0.797238767147064),(0.538313627243042,0.144623279571533,0.794534265995026),(0.558204889297485,0.147287666797638,0.759074807167053),(0.547835946083069,0.18533182144165,0.760584056377411),(0.543601870536804,0.209595575928688,0.743332028388977),(0.529077768325806,0.144190847873688,0.763533055782318),(0.527382254600525,0.182790517807007,0.755859553813934),(0.530093193054199,0.207190126180649,0.749383330345154),(0.519271850585938,0.142426863312721,0.768386483192444),(0.505680561065674,0.179605677723885,0.755647838115692),(0.509878396987915,0.20355811715126,0.758407831192017),(0.541292071342468,0.0301030650734901,0.781493723392487),(0.544786810874939,0.0310883596539497,0.789757430553436),(0.537793874740601,0.0298177674412727,0.792866289615631),(0.534299254417419,0.0288325324654579,0.784602463245392),(0.602695465087891,0.0506757572293282,0.753073632717133),(0.606190145015717,0.0516608729958534,0.761337339878082),(0.599197268486023,0.0503903701901436,0.764445960521698),(0.595702648162842,0.0494052246212959,0.756182372570038),(0.584554195404053,0.0342932417988777,0.762698709964752),(0.588048815727234,0.0352785065770149,0.770962536334991),(0.581055998802185,0.0340079143643379,0.774071276187897),(0.577561259269714,0.0330226793885231,0.765807449817657),(0.564663410186768,0.0242438688874245,0.772308647632599),(0.568158149719238,0.0252291336655617,0.780572354793549),(0.5611652135849,0.0239585712552071,0.783681094646454),(0.557670593261719,0.0229732468724251,0.775417506694794),(0.541178107261658,0.110251314938068,0.788102507591248),(0.533247232437134,0.10801524668932,0.769348680973053),(0.52276474237442,0.106905646622181,0.796288430690765),(0.514833688735962,0.104669637978077,0.777534484863281),(0.559920310974121,0.113651283085346,0.779771268367767),(0.551989316940308,0.111415304243565,0.761017382144928),(0.541506826877594,0.110305733978748,0.78795713186264),(0.533575892448425,0.108069725334644,0.769203126430511),(0.578594207763672,0.117051549255848,0.771468639373779),(0.570663213729858,0.114815510809422,0.752714693546295),(0.560180842876434,0.113705903291702,0.779654562473297),(0.552249789237976,0.111469931900501,0.760900557041168),(0.597292304039001,0.120471157133579,0.763153612613678),(0.589361310005188,0.118235148489475,0.744399726390839),(0.57887876033783,0.117125637829304,0.771339476108551),(0.570947885513306,0.114889569580555,0.752585589885712),(0.591234683990479,0.127557635307312,0.753683030605316),(0.517581105232239,0.114175148308277,0.786426544189453),(0.572821259498596,0.124212026596069,0.761868894100189),(0.554407835006714,0.12086645513773,0.770054757595062),(0.535994529724121,0.11752075701952,0.778240740299225),(0.507352948188782,0.138309836387634,0.789015293121338),(0.481704264879227,0.164273634552956,0.79632693529129),(0.493283599615097,0.208874881267548,0.78683066368103),(0.572118043899536,0.21542876958847,0.75097393989563),(0.584482789039612,0.192286849021912,0.7526034116745),(0.59237265586853,0.153757452964783,0.751218855381012),(0.543039441108704,0.030595637857914,0.785625517368317),(0.536046504974365,0.0293250754475594,0.788734257221222),(0.604442834854126,0.0511683002114296,0.757205426692963),(0.597449898719788,0.0498977974057198,0.760314166545868),(0.586301445960999,0.0347858741879463,0.766830623149872),(0.57930862903595,0.0335152819752693,0.769939482212067),(0.566410779953003,0.0247364118695259,0.776440680027008),(0.559417963027954,0.0234658792614937,0.779549300670624),(0.517504215240479,0.105552390217781,0.787487030029297),(0.537212610244751,0.109133251011372,0.778725564479828),(0.537541329860687,0.109187610447407,0.778580248355865),(0.555954813957214,0.112533159554005,0.770394384860992),(0.556215286254883,0.112587936222553,0.770277559757233),(0.574628710746765,0.115933507680893,0.762091755867004),(0.574913382530212,0.116007506847382,0.761962652206421),(0.593326807022095,0.119353123009205,0.753776729106903),(0.540704607963562,0.0942176952958107,0.787947416305542),(0.543720662593842,0.075736977159977,0.789150953292847),(0.543256759643555,0.0562325492501259,0.788999855518341),(0.526022672653198,0.0915500894188881,0.794474244117737),(0.528585433959961,0.0729870274662971,0.795879542827606),(0.532520413398743,0.0542817488312721,0.793772876262665),(0.519699096679688,0.0897672548890114,0.779520988464355),(0.522066354751587,0.0711488798260689,0.780464231967926),(0.527896046638489,0.0529780462384224,0.782837927341461),(0.538632392883301,0.0549286976456642,0.778065145015717),(0.537201642990112,0.0738988891243935,0.773735702037811),(0.534380972385406,0.092434860765934,0.772994101047516),(0.529453277587891,0.0534926727414131,0.788641154766083),(0.524261474609375,0.0718745961785316,0.788645148277283),(0.521828293800354,0.0904711559414864,0.787456631660461),(0.540944576263428,0.0555806532502174,0.783532440662384),(0.54046106338501,0.07481799274683,0.781443297863007),(0.537542700767517,0.0933263674378395,0.780470669269562),(0.560379266738892,0.0964516773819923,0.779394328594208),(0.565624833106995,0.0741207376122475,0.780737936496735),(0.566253900527954,0.0530456379055977,0.780301868915558),(0.545642256736755,0.0937739685177803,0.785945951938629),(0.549407005310059,0.0711740627884865,0.787947833538055),(0.554451823234558,0.0509012416005135,0.785548746585846),(0.539294600486755,0.0919843688607216,0.770936071872711),(0.542421758174896,0.0692045465111732,0.771430134773254),(0.549368500709534,0.0494679883122444,0.773528397083282),(0.56117057800293,0.0516123250126839,0.768281638622284),(0.558639585971832,0.0721512213349342,0.764220416545868),(0.554031729698181,0.0946620479226112,0.764384508132935),(0.551910161972046,0.0501845553517342,0.779538691043854),(0.5459144115448,0.0701893046498299,0.779688894748688),(0.542468428611755,0.0928791835904121,0.778440952301025),(0.563712239265442,0.0523289516568184,0.774291813373566),(0.562132239341736,0.0731359198689461,0.772479236125946),(0.557205438613892,0.0955568924546242,0.771889388561249),(0.579101800918579,0.0999840274453163,0.770675718784332),(0.583433508872986,0.0816410556435585,0.771295607089996),(0.585056304931641,0.061142273247242,0.770737826824188),(0.564989686012268,0.0974198952317238,0.776949465274811),(0.568885564804077,0.0789977684617043,0.777763068675995),(0.574319839477539,0.0591915622353554,0.775510728359222),(0.558911323547363,0.0957062020897865,0.762576282024384),(0.562619507312775,0.0772311761975288,0.76294606924057),(0.569695353507996,0.0578877404332161,0.764575779438019),(0.580431818962097,0.0598384216427803,0.759802877902985),(0.577167510986328,0.0798744633793831,0.756478667259216),(0.573023438453674,0.0982703343033791,0.75630259513855),(0.572007656097412,0.058539517223835,0.770043313503265),(0.565752565860748,0.0781144574284554,0.770354568958282),(0.561950445175171,0.0965631082653999,0.769762814044952),(0.582744002342224,0.0604902878403664,0.765270292758942),(0.580300569534302,0.0807577446103096,0.763887226581573),(0.576062679290771,0.0991271808743477,0.763489067554474),(0.597504377365112,0.106025137007236,0.761987626552582),(0.601600646972656,0.0912307873368263,0.762278139591217),(0.603347301483154,0.0740407779812813,0.761464655399323),(0.583697438240051,0.10351649671793,0.768125593662262),(0.587367415428162,0.0886446610093117,0.768605649471283),(0.592610836029053,0.0720900371670723,0.766237556934357),(0.577750563621521,0.101839996874332,0.754063427448273),(0.581236958503723,0.0869162753224373,0.75410932302475),(0.587986588478088,0.0707863345742226,0.755302667617798),(0.5987229347229,0.0727370753884315,0.750529706478119),(0.595470190048218,0.0895023718476295,0.747781693935394),(0.591557383537292,0.104348607361317,0.747925460338593),(0.590298771858215,0.0714381709694862,0.7607701420784),(0.584302186965942,0.0877803936600685,0.761357665061951),(0.580724000930786,0.102678336203098,0.761094510555267),(0.601034998893738,0.07338897138834,0.755997121334076),(0.598535418510437,0.0903665199875832,0.75502997636795),(0.594530940055847,0.10518691688776,0.754956543445587),(0.544990360736847,0.0358554199337959,0.784173429012299),(0.542241096496582,0.0350804105401039,0.777672708034515),(0.534973859786987,0.0343111827969551,0.796349346637726),(0.547739386558533,0.0366306379437447,0.790674269199371),(0.532224655151367,0.0335360243916512,0.789848506450653),(0.529475450515747,0.0327609851956367,0.78334766626358),(0.606393694877625,0.0564281642436981,0.755753338336945),(0.603644549846649,0.0556529462337494,0.749252438545227),(0.59637725353241,0.0548836961388588,0.767929255962372),(0.609142899513245,0.0572031810879707,0.762254059314728),(0.59362804889679,0.0541087165474892,0.761428415775299),(0.590878844261169,0.0533335879445076,0.754927456378937),(0.588252425193787,0.0400455072522163,0.765378534793854),(0.585503220558167,0.0392704978585243,0.758877694606781),(0.578235983848572,0.0385012403130531,0.777554452419281),(0.591001570224762,0.0408206656575203,0.771879374980927),(0.575486779212952,0.0377260819077492,0.771053612232208),(0.572737574577332,0.0369511023163795,0.764552772045135),(0.568361639976501,0.0299962535500526,0.774988353252411),(0.565612435340881,0.0292211249470711,0.768487513065338),(0.558345198631287,0.0284518674015999,0.787164270877838),(0.571110844612122,0.0307713523507118,0.781489193439484),(0.555596113204956,0.0276767686009407,0.780663549900055),(0.552846789360046,0.0269016399979591,0.774162709712982),(0.486766010522842,0.083205059170723,0.797206461429596),(0.490980178117752,0.0843931213021278,0.807171285152435),(0.482363134622574,0.0860284045338631,0.810620665550232),(0.478148937225342,0.0848401859402657,0.800655424594879),(0.488873094320297,0.0837990343570709,0.80218893289566),(0.480255961418152,0.0854343846440315,0.805638015270233),(0.505237102508545,0.141941905021667,0.799602448940277),(0.502710461616516,0.127537041902542,0.802211046218872),(0.49647244811058,0.109603598713875,0.803764641284943),(0.486288279294968,0.14553764462471,0.807187020778656),(0.484059900045395,0.131076231598854,0.809676468372345),(0.483242332935333,0.112114086747169,0.809060156345367),(0.478301346302032,0.143285885453224,0.788300931453705),(0.476198673248291,0.128859728574753,0.791087448596954),(0.47766587138176,0.110541976988316,0.795873701572418),(0.490896016359329,0.108031399548054,0.790578186511993),(0.494849175214767,0.125320747494698,0.783622086048126),(0.497250080108643,0.139690041542053,0.780716061592102),(0.479523718357086,0.111504569649696,0.802839457988739),(0.478817671537399,0.130216926336288,0.800907015800476),(0.479924350976944,0.144179537892342,0.799113512039185),(0.493684142827988,0.108817473053932,0.797171235084534),(0.498779833316803,0.1264289021492,0.792916595935822),(0.501976251602173,0.139465093612671,0.790010452270508),(0.492893844842911,0.0888247862458229,0.799889266490936),(0.489578634500504,0.0878900960087776,0.792049944400787),(0.480478554964066,0.0927445963025093,0.814025282859802),(0.496209055185318,0.089759536087513,0.807728707790375),(0.477163285017014,0.0918098464608192,0.806185841560364),(0.473848044872284,0.0908752381801605,0.79834657907486),(0.26447069644928,0.711597323417664,0.876597583293915),(0.317217409610748,0.673625469207764,0.892802298069),(0.329933255910873,0.596222639083862,0.86222243309021),(0.329943180084229,0.547188520431519,0.892005085945129),(0.281530141830444,0.480206787586212,0.876124680042267),(0.21495994925499,0.464863955974579,0.876124739646912),(0.198535665869713,0.72020161151886,0.875187873840332),(0.208034947514534,0.648102641105652,1.20106911659241),(0.201143890619278,0.605378150939941,1.36996138095856),(0.22278319299221,0.628980457782745,1.19448530673981),(0.214851140975952,0.588771820068359,1.36451363563538),(0.232645973563194,0.590584337711334,1.1809093952179),(0.224558502435684,0.554893493652344,1.35167765617371),(0.221471279859543,0.54043173789978,1.15887117385864),(0.214851126074791,0.521015286445618,1.33884167671204),(0.205155998468399,0.513466238975525,1.14587950706482),(0.199559792876244,0.505880117416382,1.33027958869934),(0.206247270107269,0.633339881896973,1.35651421546936),(0.208024844527245,0.652452707290649,1.32570672035217),(0.211962416768074,0.660728454589844,1.28596603870392),(0.209011793136597,0.662542104721069,1.23861718177795),(0.226815819740295,0.608382642269135,1.34438860416412),(0.229603797197342,0.624321162700653,1.31165409088135),(0.232881262898445,0.631263792514801,1.27102828025818),(0.22604513168335,0.630758166313171,1.22583961486816),(0.237185090780258,0.569468438625336,1.32782483100891),(0.241925954818726,0.578543663024902,1.29245805740356),(0.246117919683456,0.582294821739197,1.25062298774719),(0.238199859857559,0.585565209388733,1.20686507225037),(0.224658504128456,0.525751292705536,1.3112610578537),(0.227408677339554,0.527879059314728,1.27326190471649),(0.230686157941818,0.528438746929169,1.23413586616516),(0.223850011825562,0.535484969615936,1.18789029121399),(0.201614171266556,0.505730926990509,1.29913544654846),(0.202293500304222,0.507151782512665,1.26384627819061),(0.205189153552055,0.498941421508789,1.22453308105469),(0.206240221858025,0.508866310119629,1.17560827732086),(0.200308814644814,0.5860995054245,1.37065935134888),(0.200199261307716,0.556492209434509,1.36685490608215),(0.196819484233856,0.523881316184998,1.35125613212585),(0.185098871588707,0.659454107284546,1.20519244670868),(0.185729086399078,0.61648166179657,1.37160229682922),(0.184635013341904,0.492254436016083,1.13430619239807),(0.182869613170624,0.495917737483978,1.32722461223602),(0.182790249586105,0.492193728685379,1.16912078857422),(0.183225855231285,0.478227823972702,1.22030830383301),(0.18304380774498,0.490030258893967,1.25960516929626),(0.182394996285439,0.489818781614304,1.29560399055481),(0.186293721199036,0.674896717071533,1.24439299106598),(0.189542546868324,0.672934532165527,1.29194569587708),(0.189780741930008,0.663158774375916,1.33036494255066),(0.188798904418945,0.642208695411682,1.35913443565369),(0.184873700141907,0.5861936211586,1.37448060512543),(0.184818938374519,0.555113196372986,1.36924409866333),(0.183129042387009,0.522531151771545,1.3532840013504),(0.330475330352783,0.0408907607197762,0.00132644176483154),(0.330958425998688,0.0419503897428513,0.0312206745147705),(0.320257902145386,0.230336144566536,0.00876009464263916),(0.411251842975616,0.0667433738708496,0.00241947174072266),(0.410229384899139,0.0663602575659752,0.0274401903152466),(0.375884085893631,0.240605980157852,0.00895953178405762),(0.329171150922775,0.147882804274559,0.02295982837677),(0.392293393611908,0.156248614192009,0.0156939029693604),(0.386972576379776,0.207528039813042,0.00921213626861572),(0.31788432598114,0.201314806938171,0.00874269008636475),(0.363647937774658,0.246332764625549,0.00867033004760742),(0.351581871509552,0.248121947050095,0.00852084159851074),(0.340591073036194,0.246848285198212,0.00896322727203369),(0.330281257629395,0.242472052574158,0.00887525081634521),(0.348787426948547,0.0443418100476265,0.000183939933776855),(0.36340606212616,0.0479627400636673,0.000183939933776855),(0.379022538661957,0.054027147591114,0.000183939933776855),(0.396315813064575,0.0647999048233032,0.000183939933776855),(0.396809667348862,0.0648284181952477,0.0312187671661377),(0.379533648490906,0.0540566444396973,0.0331116914749146),(0.363917171955109,0.0479922369122505,0.03248131275177),(0.349293291568756,0.0429849550127983,0.0319153070449829),(0.381415963172913,0.155058443546295,0.0076829195022583),(0.364701747894287,0.153153926134109,0.00745844841003418),(0.349965125322342,0.151474788784981,0.00726032257080078),(0.341326862573624,0.149960473179817,0.00708186626434326),(0.373675376176834,0.216395199298859,0.00356888771057129),(0.356808722019196,0.22122597694397,0.00334286689758301),(0.342071294784546,0.219546765089035,0.00314474105834961),(0.32893168926239,0.211297035217285,0.0029677152633667),(0.35011038184166,-0.00150203704833984,0.00163853168487549),(0.350397109985352,-0.00254820287227631,0.0144176483154297),(0.337819635868073,-0.00398136675357819,0.0142486095428467),(0.337532877922058,-0.00293520092964172,0.00146937370300293),(0.410659313201904,0.0353742390871048,0.00283932685852051),(0.41088330745697,0.0345569774508476,0.0128226280212402),(0.403320789337158,0.033695250749588,0.0127209424972534),(0.403096795082092,0.0345125272870064,0.00273776054382324),(0.396733224391937,0.0203262865543365,0.00259387493133545),(0.396957278251648,0.0195090249180794,0.0125771760940552),(0.389394760131836,0.0186473056674004,0.0124754905700684),(0.389170736074448,0.0194645598530769,0.00249230861663818),(0.381518661975861,0.0114398598670959,0.00233554840087891),(0.381742656230927,0.0106225907802582,0.0123188495635986),(0.374180167913437,0.00976085662841797,0.0122171640396118),(0.373956203460693,0.0105781108140945,0.00223398208618164),(0.365814864635468,0.00395685434341431,0.00208187103271484),(0.366038858890533,0.00313960015773773,0.012065052986145),(0.358476340770721,0.00227786600589752,0.0119633674621582),(0.358252316713333,0.00309513509273529,0.00198018550872803),(0.351545512676239,0.00537692010402679,0.0184706449508667),(0.351112127304077,0.00695820152759552,-0.000844955444335938),(0.334852695465088,0.00347483158111572,0.0182462930679321),(0.334419310092926,0.00505609810352325,-0.00106942653656006),(0.412306785583496,0.043843537569046,0.0176926851272583),(0.411905556917191,0.0453074127435684,-0.00018918514251709),(0.399771481752396,0.0424151793122292,0.017524242401123),(0.399370223283768,0.0438790544867516,-0.000357747077941895),(0.398380726575851,0.0287955701351166,0.0174469947814941),(0.397979497909546,0.030259445309639,-0.000434756278991699),(0.385845422744751,0.0273672193288803,0.0172785520553589),(0.385444194078445,0.0288310945034027,-0.000603199005126953),(0.383166164159775,0.0199091508984566,0.0171889066696167),(0.382764935493469,0.0213730335235596,-0.000692963600158691),(0.370630860328674,0.0184807926416397,0.0170203447341919),(0.370229661464691,0.0199446752667427,-0.000861644744873047),(0.367462337017059,0.0124261453747749,0.0169349908828735),(0.367061078548431,0.0138900279998779,-0.000946760177612305),(0.354927003383636,0.0109978094696999,0.0167664289474487),(0.354525804519653,0.0124616846442223,-0.00111544132232666),(0.351399779319763,-0.00133606791496277,0.0163202285766602),(0.351033598184586,2.98023223876953E-08,-1.19209289550781E-07),(0.336592674255371,-0.00302329659461975,0.0161212682723999),(0.336226463317871,-0.00168722867965698,-0.000199079513549805),(0.412100434303284,0.0359768643975258,0.0151174068450928),(0.411780387163162,0.0371444523334503,0.000855088233947754),(0.401843726634979,0.0348081514239311,0.0149796009063721),(0.40152370929718,0.0359757319092751,0.0007171630859375),(0.398174375295639,0.0209288969635963,0.0148720741271973),(0.397854328155518,0.0220964923501015,0.000609517097473145),(0.387917667627335,0.0197601839900017,0.0147340297698975),(0.387597650289536,0.0209277793765068,0.000471591949462891),(0.38295978307724,0.0120424926280975,0.0146136283874512),(0.382639765739441,0.0132100805640221,0.000351309776306152),(0.37270313501358,0.0108737796545029,0.0144758224487305),(0.372383087873459,0.0120413452386856,0.000213384628295898),(0.367255955934525,0.0045594722032547,0.014359712600708),(0.366935938596725,0.00572706758975983,9.73939895629883E-05),(0.35699924826622,0.00339075922966003,0.0142220258712769),(0.356679260730743,0.00455833971500397,-4.05311584472656E-05),(0.363981008529663,0.0419880077242851,0.0266538858413696),(0.36592823266983,0.0252762585878372,0.0202304124832153),(0.365495234727859,0.0268559977412224,0.000933170318603516),(0.363665997982025,0.041969820857048,0.00316643714904785),(0.349940299987793,0.0403880998492241,0.0264654159545898),(0.352640211582184,0.0237621292471886,0.0200517177581787),(0.349625289440155,0.040369912981987,0.00297760963439941),(0.352207213640213,0.0253418758511543,0.000754475593566895),(0.350510895252228,0.0311997309327126,0.0276377201080322),(0.351646304130554,0.019393265247345,0.0217812061309814),(0.351178675889969,0.0210994035005569,0.00093996524810791),(0.350377351045609,0.0323000773787498,0.00327908992767334),(0.330911815166473,0.0286192074418068,0.0268348455429077),(0.331978380680084,0.0171521604061127,0.0215167999267578),(0.330565094947815,0.0285992026329041,0.00302135944366455),(0.331510722637177,0.0188582986593246,0.000675559043884277),(0.38015079498291,0.0457289069890976,0.0268728733062744),(0.381862282752991,0.0308946818113327,0.0203067064285278),(0.381429314613342,0.0324744135141373,0.00100970268249512),(0.379835784435272,0.0457107201218605,0.00338518619537354),(0.365036964416504,0.044006735086441,0.0266697406768799),(0.368037700653076,0.0293194204568863,0.0201209783554077),(0.364721953868866,0.0439885482192039,0.003182053565979),(0.367604732513428,0.0308991521596909,0.000823736190795898),(0.397624909877777,0.0501049757003784,0.0267120599746704),(0.398203134536743,0.0375340655446053,0.0203533172607422),(0.397770166397095,0.0391138046979904,0.00105631351470947),(0.397309899330139,0.0500867813825607,0.00362193584442139),(0.381043612957001,0.0482155755162239,0.0264892578125),(0.383644849061966,0.0358752012252808,0.0201576948165894),(0.380728602409363,0.0481973886489868,0.00339913368225098),(0.383211851119995,0.0374549403786659,0.000860452651977539),(0.413008391857147,0.0561492741107941,0.0244675874710083),(0.412671953439713,0.0503295287489891,0.0198652744293213),(0.412238955497742,0.0519092604517937,0.000568151473999023),(0.412693351507187,0.0561310797929764,0.00331342220306396),(0.3981574177742,0.0544570609927177,0.0242677927017212),(0.39897882938385,0.0487692356109619,0.0196812152862549),(0.397842407226562,0.0544388666749001,0.00311362743377686),(0.398545861244202,0.0503489896655083,0.000383973121643066),(0.326794624328613,0.041814036667347,0.0202552080154419),(0.315482974052429,0.237682640552521,0.0414447784423828),(0.374478906393051,0.244383826851845,0.0419459342956543),(0.413883030414581,0.0670256838202477,0.0228288173675537),(0.393506765365601,0.166005745530128,0.0436125993728638),(0.323540151119232,0.14813919365406,0.0425983667373657),(0.390310883522034,0.208311423659325,0.0436526536941528),(0.310475409030914,0.198073133826256,0.0425258874893188),(0.396623194217682,0.0648176521062851,0.0185275077819824),(0.379329949617386,0.0540448725223541,0.0145039558410645),(0.363713502883911,0.0479804649949074,0.0150707960128784),(0.349094867706299,0.0429735109210014,0.0184594392776489),(0.325064033269882,0.250081151723862,0.0413930416107178),(0.337918996810913,0.25715234875679,0.0412148237228394),(0.346692264080048,0.258123159408569,0.0412731170654297),(0.363026201725006,0.254401683807373,0.0417016744613647),(0.351328819990158,0.00616756081581116,0.00881302356719971),(0.332386136054993,0.00400906801223755,0.00855827331542969),(0.414242118597031,0.0448188632726669,0.00878059864044189),(0.399570852518082,0.0431471168994904,0.00858330726623535),(0.39818012714386,0.0295275077223778,0.00850605964660645),(0.385644793510437,0.0280991569161415,0.00833761692047119),(0.382965564727783,0.0206410959362984,0.008247971534729),(0.37043023109436,0.0192127376794815,0.0080794095993042),(0.367261707782745,0.0131580904126167,0.00799417495727539),(0.354726374149323,0.0117297321557999,0.00782561302185059),(0.351216673851013,-0.00066801905632019,0.00816023349761963),(0.336409568786621,-0.00235526263713837,0.00796103477478027),(0.411940395832062,0.0365606546401978,0.00798618793487549),(0.401683747768402,0.0353919416666031,0.00784826278686523),(0.39801436662674,0.0215127021074295,0.00774073600769043),(0.387757658958435,0.0203439816832542,0.00760293006896973),(0.382799804210663,0.0126262679696083,0.00748240947723389),(0.372543096542358,0.011457547545433,0.00734448432922363),(0.367095947265625,0.00514328479766846,0.00722861289978027),(0.356839269399643,0.00397457182407379,0.00709080696105957),(0.350253760814667,-0.00202512741088867,0.00802803039550781),(0.337676256895065,-0.00345829129219055,0.0078589916229248),(0.410771310329437,0.0349656045436859,0.00783085823059082),(0.403208792209625,0.0341038778424263,0.00772929191589355),(0.39684522151947,0.0199176669120789,0.00758564472198486),(0.389282763004303,0.0190559402108192,0.00748395919799805),(0.381630688905716,0.0110312253236771,0.00732719898223877),(0.374068170785904,0.0101694911718369,0.00722551345825195),(0.365926861763,0.00354823470115662,0.00707340240478516),(0.358364343643188,0.0026865154504776,0.00697171688079834),(0.349816679954529,0.0403809547424316,0.0170056819915771),(0.352423697710037,0.0245519950985909,0.0104031562805176),(0.363857418298721,0.0419808700680733,0.0189238786697388),(0.365711748600006,0.0260661244392395,0.0105818510055542),(0.327647149562836,0.0282550528645515,0.015311598777771),(0.329430043697357,0.0177415013313293,0.0110652446746826),(0.350584626197815,0.0323120504617691,0.0163700580596924),(0.3514124751091,0.020246334373951,0.0113605260848999),(0.364913374185562,0.0439995974302292,0.0189396142959595),(0.367821216583252,0.0301093012094498,0.010472297668457),(0.380027204751968,0.0457217767834663,0.019142746925354),(0.381645798683167,0.0316845551133156,0.0106581449508667),(0.380920022726059,0.0482084453105927,0.0191565752029419),(0.383428335189819,0.036665067076683,0.0105091333389282),(0.397501319646835,0.0500978380441666,0.0193794965744019),(0.397986650466919,0.0383239313960075,0.0107047557830811),(0.398033797740936,0.0544499158859253,0.0152668952941895),(0.398762345314026,0.0495591014623642,0.0100325345993042),(0.415143251419067,0.0563994944095612,0.0154968500137329),(0.414652705192566,0.051369771361351,0.0102462768554688),(0.331912875175476,0.108655244112015,0.0236915349960327),(0.394777178764343,0.120885357260704,0.0533508062362671),(0.337590783834457,0.111772745847702,0.0592784881591797),(0.399166882038116,0.117800444364548,0.0116438865661621),(0.384113699197769,0.119898900389671,0.0608605146408081),(0.365507990121841,0.116216935217381,0.0646978616714478),(0.355031490325928,0.1146644577384,0.0655837059020996),(0.343364268541336,0.113302871584892,0.0646625757217407),(0.345515966415405,0.109057068824768,0.00730347633361816),(0.354843944311142,0.11105689406395,0.00703465938568115),(0.370344996452332,0.11327438801527,0.0067368745803833),(0.387926340103149,0.115789517760277,0.00639903545379639),(0.328183233737946,0.109255351126194,0.0359578132629395),(0.402339696884155,0.119975320994854,0.0349084138870239),(0.379118978977203,0.199788585305214,0.117291927337646),(0.328256011009216,0.2279082685709,0.114925026893616),(0.340503752231598,0.238478422164917,0.113051652908325),(0.369918972253799,0.177579313516617,0.117766737937927),(0.356771528720856,0.234934106469154,0.11313784122467),(0.326702892780304,0.174475252628326,0.117899537086487),(0.354288280010223,0.16120009124279,0.118093013763428),(0.371356844902039,0.217436492443085,0.114913046360016),(0.32188755273819,0.200173288583755,0.117334961891174),(0.336470514535904,0.158189296722412,0.11824369430542),(0.330396950244904,0.0615841746330261,0.00746166706085205),(0.406365483999252,0.0785406231880188,0.0322881937026978),(0.393359631299973,0.0750796645879745,0.0360176563262939),(0.376377642154694,0.0706693902611732,0.0387994050979614),(0.362021446228027,0.0670275315642357,0.0398541688919067),(0.35013422369957,0.0640655308961868,0.0411163568496704),(0.347381770610809,0.0660384297370911,0.000769257545471191),(0.361396074295044,0.0695757642388344,0.000800132751464844),(0.376899063587189,0.0734924450516701,0.000777840614318848),(0.394746363162994,0.0780079141259193,0.000648975372314453),(0.410799860954285,0.0805451944470406,0.0245721340179443),(0.33161848783493,0.0598465129733086,0.0394171476364136),(0.407416135072708,0.0809708312153816,0.00438344478607178),(0.327130138874054,0.0597367584705353,0.0235848426818848),(0.406569719314575,0.100260280072689,0.0297403335571289),(0.391336262226105,0.0968986004590988,0.00352394580841064),(0.373622059822083,0.093383252620697,0.00375688076019287),(0.358120054006577,0.0903161913156509,0.00391709804534912),(0.344123005867004,0.08754763007164,0.0040360689163208),(0.346749365329742,0.0886845514178276,0.052889347076416),(0.358526468276978,0.0908463224768639,0.0527187585830688),(0.370942771434784,0.093443438410759,0.0517486333847046),(0.388736546039581,0.0974894762039185,0.0484392642974854),(0.400571227073669,0.0997131243348122,0.0428197383880615),(0.331915676593781,0.0839339345693588,0.0139921903610229),(0.328417479991913,0.0833103582262993,0.0297709703445435),(0.403291463851929,0.0993855893611908,0.00801360607147217),(0.334507942199707,0.0846241861581802,0.0493476390838623),(0.164588272571564,0.675904989242554,0.52112877368927),(0.1645517796278,0.701336622238159,1.0967081785202),(0.07792579382658,0.69569206237793,0.544338583946228),(0.086751252412796,0.702439546585083,1.09887766838074),(0.030595988035202,0.637431144714355,0.555163860321045),(0.0359555184841156,0.671344637870789,1.10049629211426),(0.0112359225749969,0.596616148948669,0.559621810913086),(0.0217608064413071,0.633217751979828,1.1029531955719),(0.0332954525947571,0.54696136713028,0.554874539375305),(0.040396124124527,0.593760013580322,1.09807920455933),(0.0784720182418823,0.525166690349579,0.54604160785675),(0.0897040069103241,0.565863609313965,1.09419226646423),(0.164509549736977,0.496212840080261,0.516004741191864),(0.1645517796278,0.555652737617493,1.0905933380127),(0.1645517796278,0.645609617233276,0.727087378501892),(0.1645517796278,0.682608246803284,0.819851636886597),(0.1645517796278,0.714117646217346,0.910694599151611),(0.1645517796278,0.726343750953674,1.00938606262207),(0.0707428082823753,0.73710024356842,1.01284062862396),(0.0613942220807076,0.722812652587891,0.913159370422363),(0.0824675932526588,0.694194912910461,0.819851517677307),(0.0901258364319801,0.663411736488342,0.725625872612),(0.0127005726099014,0.703898310661316,0.993092060089111),(-0.00264807045459747,0.693995594978333,0.928359270095825),(0.0276751965284348,0.638929128646851,0.819851338863373),(0.0471057295799255,0.625217974185944,0.714823961257935),(-0.0109778791666031,0.623411417007446,0.894128322601318),(0.00965312123298645,0.579219698905945,0.820981383323669),(0.0293005704879761,0.573044538497925,0.700068235397339),(0.00891035795211792,0.547953128814697,1.00938606262207),(-0.010474905371666,0.555248498916626,0.936884045600891),(0.0276752114295959,0.518289864063263,0.819851338863373),(0.0471057444810867,0.520870923995972,0.685312628746033),(0.0626651868224144,0.498119294643402,0.981417179107666),(0.0427087396383286,0.475451469421387,0.88955295085907),(0.0824675858020782,0.474513798952103,0.819851338863373),(0.0957503691315651,0.482677280902863,0.674510717391968),(0.1645517796278,0.482373803853989,0.988666832447052),(0.1645517796278,0.458232849836349,0.927741289138794),(0.1645517796278,0.458351254463196,0.819851398468018),(0.1645517796278,0.468697369098663,0.670557081699371),(0.129211783409119,0.670254468917847,1.14596402645111),(0.1645517796278,0.678195118904114,1.14805066585541),(0.09660305082798,0.650781035423279,1.14026308059692),(0.0835248380899429,0.617849469184875,1.13133263587952),(0.0966030657291412,0.584918022155762,1.12468767166138),(0.129211783409119,0.560073137283325,1.11713540554047),(0.1645517796278,0.542464971542358,1.11504864692688),(0.130038380622864,0.655724406242371,1.18286466598511),(0.1645517796278,0.667211532592773,1.1868941783905),(0.111482366919518,0.633452653884888,1.17518258094788),(0.103625684976578,0.600295782089233,1.16314899921417),(0.111482374370098,0.567138910293579,1.15111541748047),(0.132947266101837,0.545658946037292,1.14374589920044),(0.1645517796278,0.536774516105652,1.14052140712738),(-0.0458659678697586,0.650204300880432,1.07082581520081),(-0.0379185974597931,0.6757972240448,1.0651957988739),(-0.0303967744112015,0.615380048751831,1.06768226623535),(-0.0975075662136078,0.66646671295166,1.02298521995544),(-0.11609023809433,0.649019956588745,0.94073474407196),(-0.104308694601059,0.63647449016571,1.0241185426712),(-0.120458960533142,0.61328512430191,0.941396176815033),(-0.0831458866596222,0.604528069496155,1.03182005882263),(-0.0945509970188141,0.579102098941803,0.951019704341888),(0.1645517796278,0.522169888019562,1.05105888843536),(0.0818262025713921,0.536028265953064,1.05088400840759),(-0.0288063734769821,0.575367331504822,1.01851320266724),(0.0212288051843643,0.566455483436584,1.0507560968399),(-0.0378833264112473,0.561474323272705,0.945485234260559),(-0.00930458307266235,0.583201766014099,1.05078125),(0.1645517796278,0.717311263084412,1.05064630508423),(-0.0688613057136536,0.687220454216003,0.933354437351227),(-0.0504453480243683,0.702518582344055,1.01649451255798),(0.0204596519470215,0.701850056648254,1.05505573749542),(0.0776084959506989,0.725208520889282,1.05355274677277),(-0.0144157558679581,0.704327940940857,1.0441038608551),(-0.0338850617408752,0.605818271636963,0.845895171165466),(-0.0382490158081055,0.567845106124878,0.848672986030579),(-0.0663645714521408,0.55106246471405,0.861370444297791),(-0.0528542399406433,0.642383098602295,0.836361169815063),(-0.13241720199585,0.597083449363708,0.858192980289459),(-0.111377567052841,0.561750054359436,0.864280879497528),(-0.128852128982544,0.632988512516022,0.847042202949524),(-0.0905491411685944,0.653830766677856,0.838564991950989),(-0.0834552943706512,0.570717036724091,0.742144286632538),(-0.0859438180923462,0.551920592784882,0.757884085178375),(-0.102116346359253,0.550639808177948,0.778631508350372),(-0.10178130865097,0.586718678474426,0.730772435665131),(-0.147802799940109,0.570201754570007,0.767106354236603),(-0.127899795770645,0.557572543621063,0.781675219535828),(-0.146829575300217,0.587123811244965,0.749301731586456),(-0.127764850854874,0.593952298164368,0.734210252761841),(-0.173917144536972,0.235463976860046,0.74479353427887),(-0.15428563952446,0.227574676275253,0.761089682579041),(-0.153755843639374,0.226945877075195,0.777957558631897),(-0.188692361116409,0.238531231880188,0.743189513683319),(-0.192751914262772,0.235953152179718,0.779398441314697),(-0.167558163404465,0.230436086654663,0.787038922309875),(-0.202381134033203,0.239088594913483,0.767320036888123),(-0.202787548303604,0.240320235490799,0.750937581062317),(-0.13967552781105,0.553001224994659,0.71968799829483),(-0.157557159662247,0.465749889612198,0.721094012260437),(-0.166542589664459,0.401461958885193,0.7279452085495),(-0.18586939573288,0.315081983804703,0.744223952293396),(-0.166012555360794,0.313582718372345,0.735785841941833),(-0.139352470636368,0.3936987221241,0.721120476722717),(-0.127237856388092,0.456860065460205,0.714714646339417),(-0.108790636062622,0.543968200683594,0.714730501174927),(-0.160190224647522,0.548609912395477,0.743655979633331),(-0.175478130578995,0.463941752910614,0.747930586338043),(-0.181758731603622,0.399377197027206,0.752546310424805),(-0.193206995725632,0.313355624675751,0.763679683208466),(-0.132134258747101,0.518091678619385,0.796579301357269),(-0.14440330862999,0.437871396541595,0.796975016593933),(-0.152366727590561,0.375499665737152,0.795369744300842),(-0.160859137773514,0.30313840508461,0.791191756725311),(-0.184574633836746,0.309737652540207,0.781791090965271),(-0.17591604590416,0.388631671667099,0.780621111392975),(-0.17002272605896,0.452397137880325,0.779601037502289),(-0.157418757677078,0.533912777900696,0.774407148361206),(-0.146951138973236,0.310359925031662,0.741723656654358),(-0.116169363260269,0.380642861127853,0.735897064208984),(-0.102183669805527,0.442452371120453,0.732080817222595),(-0.0859874188899994,0.525271773338318,0.731874585151672),(-0.134490817785263,0.303453147411346,0.762607216835022),(-0.110335499048233,0.369892001152039,0.763550400733948),(-0.0966834425926208,0.430886507034302,0.763091385364532),(-0.0828693807125092,0.510799169540405,0.763949036598206),(-0.101414233446121,0.508919239044189,0.791217446327209),(-0.114021986722946,0.428958147764206,0.789986371994019),(-0.125212520360947,0.367737412452698,0.788169741630554),(-0.140906751155853,0.301047891378403,0.782539844512939),(0.139031529426575,0.510355114936829,0.52060079574585),(0.127127885818481,0.560758233070374,1.09201550483704),(0.128975301980972,0.475687325000763,0.672533869743347),(0.119891487061977,0.466432482004166,0.819851398468018),(0.113342292606831,0.459096252918243,0.889553010463715),(0.119621977210045,0.487795829772949,0.980440139770508),(0.149255499243736,0.546876966953278,1.11609196662903),(0.147608056664467,0.541216731071472,1.14213371276855),(0.123189002275467,0.52909904718399,1.05097138881683),(0.151121139526367,0.703218579292297,0.540017426013947),(0.142551586031914,0.706404447555542,1.0967081785202),(0.138926416635513,0.665109992027283,0.727177381515503),(0.133224949240685,0.702276229858398,0.819851517677307),(0.130588158965111,0.731450319290161,0.910694599151611),(0.136864632368088,0.744397163391113,1.00938606262207),(0.15442755818367,0.678974986076355,1.14700722694397),(0.147608056664467,0.662769317626953,1.18528187274933),(0.138250783085823,0.730067849159241,1.05050015449524),(0.154269069433212,0.498368799686432,0.512753427028656),(0.1500563621521,0.52128541469574,0.464825987815857),(0.144090294837952,0.65302300453186,0.442140460014343),(0.164552122354507,0.495347023010254,0.513061285018921),(0.164920493960381,0.536300539970398,0.459778547286987),(0.164697110652924,0.653900623321533,0.461069226264954),(0.00860103964805603,0.439421117305756,0.436647236347198),(-0.025245875120163,0.457681477069855,0.49265444278717),(-0.039402648806572,0.474863320589066,0.554098427295685),(0.00142185389995575,0.459447115659714,0.594996750354767),(0.0581075102090836,0.432281076908112,0.61537492275238),(0.106508120894432,0.40490248799324,0.605729818344116),(0.0524132773280144,0.414035379886627,0.413607776165009),(0.125499725341797,0.388805270195007,0.563270807266235),(0.112952634692192,0.384846091270447,0.499241471290588),(0.0769051760435104,0.394180923700333,0.429917216300964),(0.142656981945038,0.455624908208847,0.539159655570984),(0.122193321585655,0.484936654567719,0.583749890327454),(0.131954401731491,0.458136558532715,0.477434515953064),(0.0812788754701614,0.514254093170166,0.600522875785828),(0.0922743678092957,0.661021590232849,0.431610584259033),(0.108842447400093,0.532863616943359,0.410126447677612),(0.029670849442482,0.546931862831116,0.5833580493927),(-0.00960718095302582,0.56756067276001,0.545518398284912),(0.0308087319135666,0.609912991523743,0.431931257247925),(-0.0013439953327179,0.56535816192627,0.479730844497681),(0.130384132266045,0.511813342571259,0.556019067764282),(0.0874157249927521,0.542701721191406,0.579650640487671),(0.129671558737755,0.604276895523071,0.4269779920578),(0.0393074154853821,0.575060606002808,0.566013693809509),(0.00595384836196899,0.605328321456909,0.540848851203918),(0.0120510756969452,0.619591593742371,0.486576795578003),(0.146793082356453,0.485724717378616,0.521246671676636),(0.140931665897369,0.491765797138214,0.470821499824524),(0.129445090889931,0.692368626594543,0.46670663356781),(0.0596142560243607,0.678295016288757,0.480301201343536),(0.0853626430034637,0.688485383987427,0.587248921394348),(0.0406560152769089,0.632421016693115,0.592454671859741),(0.0182479172945023,0.584767818450928,0.589319705963135),(0.0366397053003311,0.5279261469841,0.578118205070496),(0.0834735482931137,0.508569240570068,0.559322953224182),(0.164501443505287,0.498316198587418,0.539839506149292),(0.1645517796278,0.674837470054626,0.575059771537781),(0.12131080031395,0.505421757698059,0.541240334510803),(0.153239235281944,0.693841695785522,0.581855952739716),(0.1645517796278,0.664759278297424,0.631829142570496),(0.0883465111255646,0.666282773017883,0.636481523513794),(0.0440177321434021,0.621668219566345,0.63251531124115),(0.023669570684433,0.574450135231018,0.62380450963974),(0.040998786687851,0.523939907550812,0.611225008964539),(0.0864413902163506,0.497009754180908,0.593942701816559),(0.164513856172562,0.488762021064758,0.580758571624756),(0.121461138129234,0.492102473974228,0.582560896873474),(0.14494451880455,0.670397400856018,0.637434720993042),(-0.00507496297359467,0.357518702745438,0.444634675979614),(-0.0399432778358459,0.364302933216095,0.493729948997498),(-0.0578176081180573,0.36872786283493,0.550938129425049),(-0.0187930911779404,0.363879412412643,0.590596735477448),(0.0380670130252838,0.355652809143066,0.610787272453308),(0.088058240711689,0.34757336974144,0.601720809936523),(0.0392492711544037,0.350033164024353,0.423130393028259),(0.108994044363499,0.343125522136688,0.56202095746994),(0.0995112955570221,0.342829287052155,0.500625908374786),(0.064881332218647,0.346405208110809,0.436179578304291),(-0.0157043039798737,0.284353405237198,0.467384517192841),(-0.0458140075206757,0.287325501441956,0.501666903495789),(-0.0617170929908752,0.290858387947083,0.544821679592133),(-0.0306399762630463,0.287350356578827,0.579415798187256),(0.015503004193306,0.281028389930725,0.598371088504791),(0.055957704782486,0.272212445735931,0.594395458698273),(0.0213956832885742,0.2793989777565,0.452714264392853),(0.0725882351398468,0.269021570682526,0.564263582229614),(0.0681454092264175,0.26997172832489,0.515230774879456),(0.0404016375541687,0.275992423295975,0.464642226696014),(-0.0247825384140015,0.247699737548828,0.491628706455231),(-0.0526427328586578,0.243198201060295,0.513887822628021),(-0.0682972371578217,0.240525364875793,0.545736193656921),(-0.0427824705839157,0.237378984689713,0.572359025478363),(-0.00529545545578003,0.228917568922043,0.589287996292114),(0.0292969197034836,0.223034799098969,0.586551249027252),(0.00753545761108398,0.246549189090729,0.483707427978516),(0.0424902439117432,0.222730070352554,0.564953327178955),(0.0431757867336273,0.228704005479813,0.52836412191391),(0.0207808315753937,0.241455495357513,0.492591321468353),(-0.027694970369339,0.294298380613327,0.48648989200592),(-0.0541991591453552,0.274259895086288,0.494115352630615),(-0.0711642652750015,0.247001647949219,0.504001975059509),(-0.0522930771112442,0.220230668783188,0.514271140098572),(-0.0218952000141144,0.198162987828255,0.525405466556549),(0.00782635807991028,0.194095656275749,0.532373309135437),(0.00109484791755676,0.297964066267014,0.486149072647095),(0.021966740489006,0.212541311979294,0.526611030101776),(0.0264813154935837,0.245749533176422,0.511409521102905),(0.0111275613307953,0.284478157758713,0.491547346115112),(-0.033757209777832,0.327201008796692,0.392935037612915),(-0.0576121956110001,0.299749732017517,0.396580934524536),(-0.0735999345779419,0.263579845428467,0.403543829917908),(-0.058611273765564,0.229953795671463,0.414205431938171),(-0.0324049592018127,0.206635504961014,0.423826456069946),(-0.00624939799308777,0.204180002212524,0.428135693073273),(-0.00856399536132812,0.333918333053589,0.394755661487579),(0.0064626932144165,0.226780712604523,0.424168109893799),(0.0119033306837082,0.270646244287491,0.413753390312195),(-0.00164613127708435,0.313222885131836,0.400186896324158),(-0.00847913324832916,0.238363027572632,0.0913231372833252),(-0.0217948108911514,0.220185935497284,0.0921189785003662),(-0.0298129767179489,0.200888589024544,0.0928557515144348),(-0.0224936455488205,0.174785867333412,0.0971292853355408),(-0.00408795475959778,0.155678912997246,0.0968625545501709),(0.0155645757913589,0.157355606555939,0.0922784209251404),(0.00673364102840424,0.240782499313354,0.0909750461578369),(0.0301998108625412,0.183474451303482,0.092484176158905),(0.0335517525672913,0.2009137570858,0.0924590826034546),(0.0275147706270218,0.226470977067947,0.0920397639274597),(-0.0760377049446106,0.252054184675217,0.321125984191895),(-0.0556924939155579,0.2314523011446,0.241560399532318),(-0.0361769497394562,0.209054857492447,0.163779497146606),(-0.0241691172122955,0.230091840028763,0.160209536552429),(-0.0397124737501144,0.257601141929626,0.237080276012421),(-0.0545860528945923,0.286604762077332,0.315304279327393),(0.0203844606876373,0.306821823120117,0.32057249546051),(0.015606015920639,0.272381454706192,0.240892589092255),(0.017059400677681,0.241212159395218,0.1628457903862),(0.0243776142597198,0.21239247918129,0.170728266239166),(0.0257946997880936,0.236988797783852,0.251333117485046),(0.0345577597618103,0.260536104440689,0.33435595035553),(0.00950491428375244,0.319950878620148,0.315710663795471),(0.00764240324497223,0.282483160495758,0.237221777439117),(0.0083276629447937,0.248912394046783,0.15996253490448),(-0.0574434697628021,0.220557153224945,0.331737577915192),(-0.0421672910451889,0.207298681139946,0.249578475952148),(-0.026376336812973,0.189465090632439,0.169891893863678),(-0.0231794416904449,0.313069701194763,0.312923431396484),(-0.0164420604705811,0.277507066726685,0.235189020633698),(-0.00671818852424622,0.245853513479233,0.158711433410645),(0.0265294313430786,0.218917667865753,0.343855738639832),(0.0196590274572372,0.205338925123215,0.258574366569519),(0.0196157991886139,0.186831086874008,0.176406025886536),(0.0101855397224426,0.17365488409996,0.178382873535156),(0.00705136358737946,0.188981235027313,0.261016964912415),(0.00956754386425018,0.197262674570084,0.347012996673584),(-0.0241529792547226,0.199041858315468,0.341857671737671),(-0.0177690535783768,0.190624505281448,0.257184982299805),(-0.0082956999540329,0.175492808222771,0.175682067871094),(0.1645517796278,0.658554553985596,0.767566084861755),(0.0910575166344643,0.673249006271362,0.766835331916809),(0.0421512424945831,0.632073640823364,0.761434376239777),(0.0232210010290146,0.57582700252533,0.754056453704834),(0.0421512573957443,0.51958042383194,0.746678650379181),(0.0938697829842567,0.478595465421677,0.741277813911438),(0.1645517796278,0.46352419257164,0.739301085472107),(0.12919420003891,0.471059888601303,0.740289330482483),(0.137113362550735,0.678138852119446,0.767611145973206),(-0.162651628255844,0.112888045608997,0.776941776275635),(-0.171430617570877,0.115363247692585,0.797701001167297),(-0.236305147409439,0.12627050280571,0.744198203086853),(-0.244835287332535,0.12867546081543,0.764368891716003),(-0.181064993143082,0.116233684122562,0.768755793571472),(-0.199478387832642,0.119579285383224,0.760569930076599),(-0.217891782522202,0.122924871742725,0.752384066581726),(-0.226670771837234,0.12540003657341,0.773143410682678),(-0.209174603223801,0.122313059866428,0.783498048782349),(-0.190761178731918,0.118967488408089,0.791683912277222),(-0.230640262365341,0.151122063398361,0.741612195968628),(-0.221439391374588,0.188954889774323,0.741782903671265),(-0.209400683641434,0.212309867143631,0.74136221408844),(-0.220439165830612,0.215214133262634,0.767019152641296),(-0.232646316289902,0.192500814795494,0.768061399459839),(-0.240991681814194,0.154040485620499,0.766089797019958),(-0.143304079771042,0.208354324102402,0.771421670913696),(-0.130268007516861,0.163145110011101,0.780848503112793),(-0.156986474990845,0.13773974776268,0.77435564994812),(-0.167338043451309,0.140658050775528,0.798833250999451),(-0.141354084014893,0.166270583868027,0.807062864303589),(-0.154353410005569,0.21128337085247,0.797193050384521),(-0.207005769014359,0.212928235530853,0.77743661403656),(-0.215420037508011,0.189566224813461,0.781192779541016),(-0.224176377058029,0.151145488023758,0.778054594993591),(-0.194014877080917,0.210949867963791,0.78482460975647),(-0.200313121080399,0.186994642019272,0.789119005203247),(-0.20617464184761,0.148048013448715,0.787267804145813),(-0.1731958091259,0.207704037427902,0.7928706407547),(-0.17956879734993,0.183052271604538,0.797130942344666),(-0.187349587678909,0.144454270601273,0.794426321983337),(-0.207240909337997,0.147118538618088,0.75896680355072),(-0.196871906518936,0.185162752866745,0.760476231575012),(-0.192472189664841,0.209230244159698,0.743392825126648),(-0.178113788366318,0.144021838903427,0.76342511177063),(-0.176418215036392,0.182621508836746,0.755751729011536),(-0.178987205028534,0.206959247589111,0.749398052692413),(-0.16830787062645,0.142257794737816,0.76827871799469),(-0.154716521501541,0.179436668753624,0.755539894104004),(-0.158792167901993,0.20343491435051,0.758384883403778),(-0.190328001976013,0.0299340263009071,0.781385779380798),(-0.193822681903839,0.0309193208813667,0.789649486541748),(-0.186829835176468,0.0296487584710121,0.792758345603943),(-0.183335155248642,0.0286634936928749,0.784494519233704),(-0.251731425523758,0.0505066886544228,0.752965688705444),(-0.255226165056229,0.0514918342232704,0.761229395866394),(-0.248233288526535,0.0502213016152382,0.76433801651001),(-0.244738608598709,0.0492361262440681,0.75607442855835),(-0.233590066432953,0.0341241732239723,0.762590765953064),(-0.237084776163101,0.0351094380021095,0.770854592323303),(-0.23009192943573,0.0338389053940773,0.773963332176208),(-0.226597189903259,0.0328536406159401,0.765699505805969),(-0.213699370622635,0.0240748003125191,0.772200703620911),(-0.217194050550461,0.0250601246953011,0.78046441078186),(-0.210201174020767,0.0237895920872688,0.783573150634766),(-0.206706553697586,0.0228041782975197,0.775309562683105),(-0.190214067697525,0.110082276165485,0.787994623184204),(-0.182283133268356,0.107846207916737,0.769240736961365),(-0.171800643205643,0.10673663765192,0.796180486679077),(-0.163869649171829,0.104500629007816,0.777426600456238),(-0.208956271409988,0.113482214510441,0.779663324356079),(-0.201025277376175,0.111246198415756,0.76090943813324),(-0.190542787313461,0.110136695206165,0.787849187850952),(-0.182611703872681,0.107900686562061,0.769095182418823),(-0.227630108594894,0.116882480680943,0.771360754966736),(-0.219699174165726,0.114646442234516,0.752606749534607),(-0.209216743707657,0.113536812365055,0.779546618461609),(-0.201285749673843,0.111300893127918,0.76079261302948),(-0.246328204870224,0.120302118360996,0.76304566860199),(-0.238397270441055,0.118066050112247,0.74429178237915),(-0.227914780378342,0.116956599056721,0.771231532096863),(-0.219983845949173,0.114720463752747,0.752477645874023),(-0.240270644426346,0.127388596534729,0.753575205802917),(-0.166617065668106,0.114006116986275,0.78631865978241),(-0.221857219934464,0.124042995274067,0.761761069297791),(-0.203443765640259,0.120697416365147,0.769946932792664),(-0.185030460357666,0.117351740598679,0.778132796287537),(-0.156388968229294,0.138140767812729,0.788907408714294),(-0.130740225315094,0.16410456597805,0.796218991279602),(-0.142319589853287,0.208705872297287,0.786722660064697),(-0.221057146787643,0.215052753686905,0.750986933708191),(-0.233518749475479,0.192117780447006,0.752495527267456),(-0.241408675909042,0.153588384389877,0.751110911369324),(-0.192075371742249,0.030426599085331,0.785517573356628),(-0.185082465410233,0.0291560366749763,0.788626313209534),(-0.253478795289993,0.0509992614388466,0.757097482681274),(-0.246485948562622,0.049728736281395,0.76020622253418),(-0.235337466001511,0.0346168354153633,0.766722679138184),(-0.228344619274139,0.0333462134003639,0.769831538200378),(-0.215446799993515,0.0245673432946205,0.77633273601532),(-0.208453863859177,0.0232968404889107,0.779441356658936),(-0.166540205478668,0.10538337379694,0.787379145622253),(-0.186248540878296,0.108964242041111,0.77861762046814),(-0.186577349901199,0.109018571674824,0.778472304344177),(-0.204990744590759,0.112364180386066,0.770286440849304),(-0.205251187086105,0.11241889744997,0.770169615745544),(-0.223664671182632,0.115764446556568,0.761983752250671),(-0.22394934296608,0.115838468074799,0.761854648590088),(-0.242362767457962,0.119184084236622,0.753668785095215),(-0.189740508794785,0.0940486565232277,0.787839412689209),(-0.192756623029709,0.075567938387394,0.789043068885803),(-0.1922926902771,0.0560634806752205,0.788891911506653),(-0.17505869269371,0.0913810506463051,0.794366359710693),(-0.177621334791183,0.0728179588913918,0.795771598815918),(-0.181556314229965,0.0541127398610115,0.793665051460266),(-0.168734967708588,0.0895982161164284,0.779413104057312),(-0.171102315187454,0.0709798410534859,0.780356287956238),(-0.176931947469711,0.052808977663517,0.782729983329773),(-0.187668412923813,0.0547596886754036,0.777957201004028),(-0.186237514019012,0.0737298503518105,0.773627758026123),(-0.183416873216629,0.0922657921910286,0.772886157035828),(-0.178489178419113,0.0533236339688301,0.788533210754395),(-0.173297375440598,0.0717054978013039,0.78853714466095),(-0.170864254236221,0.090302087366581,0.787348747253418),(-0.189980536699295,0.0554116144776344,0.783424496650696),(-0.189497023820877,0.0746489241719246,0.781335353851318),(-0.186578631401062,0.0931572988629341,0.780362725257874),(-0.209415227174759,0.0962826386094093,0.77928638458252),(-0.214660793542862,0.0739516988396645,0.780629992485046),(-0.215289860963821,0.0528765991330147,0.78019392490387),(-0.194678157567978,0.0936049595475197,0.785838007926941),(-0.198442965745926,0.0710049942135811,0.787839889526367),(-0.203487783670425,0.0507322028279305,0.785440802574158),(-0.188330560922623,0.0918153300881386,0.770828127861023),(-0.191457748413086,0.0690355077385902,0.771322250366211),(-0.198404461145401,0.049298919737339,0.773420453071594),(-0.210206538438797,0.0514432862401009,0.768173694610596),(-0.207675606012344,0.0719821527600288,0.76411247253418),(-0.203067660331726,0.0944930091500282,0.764276623725891),(-0.200946152210236,0.0500155165791512,0.779430747032166),(-0.194950371980667,0.0700202360749245,0.779580950737),(-0.191504389047623,0.0927101448178291,0.778333067893982),(-0.212748199701309,0.0521599426865578,0.774183869361877),(-0.211168259382248,0.0729668810963631,0.772371292114258),(-0.206241458654404,0.0953878834843636,0.771781444549561),(-0.228137761354446,0.0998149886727333,0.770567774772644),(-0.232469528913498,0.0814720168709755,0.771187663078308),(-0.234092175960541,0.0609732046723366,0.7706298828125),(-0.214025646448135,0.0972508564591408,0.776841521263123),(-0.217921584844589,0.0788286998867989,0.777655124664307),(-0.223355740308762,0.0590225234627724,0.775402903556824),(-0.207947283983231,0.0955371633172035,0.762468338012695),(-0.211655527353287,0.0770621374249458,0.762838125228882),(-0.218731373548508,0.0577186718583107,0.764467835426331),(-0.229467839002609,0.0596693828701973,0.759694933891296),(-0.226203471422195,0.0797054544091225,0.756370663642883),(-0.222059369087219,0.0981012955307961,0.756194710731506),(-0.221043616533279,0.0583704486489296,0.769935369491577),(-0.214788526296616,0.0779454186558723,0.770246744155884),(-0.210986375808716,0.0963940694928169,0.769654870033264),(-0.231779962778091,0.060321219265461,0.765162348747253),(-0.229336529970169,0.0805887058377266,0.763779282569885),(-0.225098580121994,0.0989581421017647,0.763381123542786),(-0.246540278196335,0.105856068432331,0.761879682540894),(-0.250636607408524,0.0910616889595985,0.762170195579529),(-0.252383261919022,0.0738717392086983,0.761356711387634),(-0.232733398675919,0.103347457945347,0.768017649650574),(-0.236403316259384,0.0884755626320839,0.768497705459595),(-0.24164679646492,0.0719209983944893,0.766129612922668),(-0.226786524057388,0.101670898497105,0.753955483436584),(-0.230272859334946,0.0867472365498543,0.754001379013062),(-0.237022489309311,0.0706172958016396,0.755194783210754),(-0.247758895158768,0.0725680068135262,0.750421762466431),(-0.24450609087944,0.0893333032727242,0.747673749923706),(-0.240593403577805,0.104179508984089,0.747817516326904),(-0.239334672689438,0.0712691321969032,0.760662198066711),(-0.23333814740181,0.0876113548874855,0.761249661445618),(-0.229759961366653,0.102509267628193,0.760986566543579),(-0.25007101893425,0.0732199028134346,0.755889058113098),(-0.247571378946304,0.0901974812150002,0.754922032356262),(-0.24356684088707,0.1050179079175,0.754848599433899),(-0.194026261568069,0.0356864109635353,0.78406548500061),(-0.191277027130127,0.0349113419651985,0.777564644813538),(-0.184009790420532,0.0341421738266945,0.796241402626038),(-0.196775376796722,0.0364615991711617,0.790566325187683),(-0.181260615587234,0.0333669856190681,0.789740562438965),(-0.178511381149292,0.0325919464230537,0.783239722251892),(-0.255429625511169,0.0562590956687927,0.755645394325256),(-0.252680480480194,0.0554839372634888,0.749144434928894),(-0.245413213968277,0.0547146275639534,0.767821311950684),(-0.258178859949112,0.0570341423153877,0.76214611530304),(-0.242664039134979,0.0539397075772285,0.761320471763611),(-0.239914804697037,0.0531645193696022,0.754819512367249),(-0.237288385629654,0.0398764386773109,0.765270590782166),(-0.234539180994034,0.0391014292836189,0.758769750595093),(-0.227271944284439,0.0383322015404701,0.777446508407593),(-0.240037590265274,0.0406515970826149,0.771771430969238),(-0.224522739648819,0.0375570431351662,0.77094566822052),(-0.221773505210876,0.0367820635437965,0.764444828033447),(-0.217397540807724,0.0298272147774696,0.774880409240723),(-0.214648395776749,0.0290520563721657,0.76837956905365),(-0.207381159067154,0.0282828286290169,0.78705632686615),(-0.220146745443344,0.0306022837758064,0.781381249427795),(-0.204632014036179,0.0275077000260353,0.780555605888367),(-0.201882749795914,0.0267326310276985,0.774054765701294),(-0.135802000761032,0.0830359533429146,0.797098517417908),(-0.140016108751297,0.0842241123318672,0.807063460350037),(-0.131399124860764,0.0858593657612801,0.810512661933899),(-0.127184957265854,0.084671176970005,0.800547480583191),(-0.137909084558487,0.0836300328373909,0.802080988883972),(-0.129291951656342,0.0852653533220291,0.805530190467834),(-0.15427303314209,0.141772791743279,0.799494504928589),(-0.151746451854706,0.127368003129959,0.802103161811829),(-0.14550843834877,0.109434552490711,0.803656697273254),(-0.13532418012619,0.145368576049805,0.807079076766968),(-0.133095860481262,0.130907222628593,0.809568524360657),(-0.132278352975845,0.111945077776909,0.808952212333679),(-0.1273373067379,0.143116816878319,0.788192987442017),(-0.125234633684158,0.12869068980217,0.790979504585266),(-0.126701831817627,0.110372878611088,0.79576575756073),(-0.139931946992874,0.107862383127213,0.790470361709595),(-0.143885165452957,0.125151693820953,0.783514142036438),(-0.146286070346832,0.139521032571793,0.780608177185059),(-0.128559738397598,0.111335560679436,0.802731513977051),(-0.127853631973267,0.130047917366028,0.800799012184143),(-0.128960341215134,0.144010409712791,0.799005746841431),(-0.142720073461533,0.108648456633091,0.79706335067749),(-0.147815823554993,0.126259833574295,0.792808651924133),(-0.15101221203804,0.13929608464241,0.789902567863464),(-0.141929775476456,0.0886558145284653,0.799781322479248),(-0.138614565134048,0.0877210795879364,0.791942119598389),(-0.129514545202255,0.0925754904747009,0.813917279243469),(-0.145245045423508,0.0895905271172523,0.807620763778687),(-0.126199275255203,0.0916408076882362,0.80607795715332),(-0.122884064912796,0.0907061994075775,0.798238635063171),(0.1645517796278,0.702583074569702,0.875187933444977),(0.0646584331989288,0.711472511291504,0.876818478107452),(0.0119077861309052,0.673468708992004,0.893018662929535),(-0.00101533532142639,0.596325993537903,0.862109065055847),(-0.000953525304794312,0.547234117984772,0.891985714435577),(0.0475734174251556,0.480206787586212,0.876124680042267),(0.1645517796278,0.461835950613022,0.911936283111572),(0.114143617451191,0.464863926172256,0.876124739646912),(0.130567893385887,0.72020161151886,0.875187873840332),(0.1645517796278,0.665865421295166,1.20740878582001),(0.1645517796278,0.622650146484375,1.37167406082153),(0.121068611741066,0.648102641105652,1.20106911659241),(0.127959668636322,0.605378150939941,1.36996138095856),(0.10632036626339,0.62898051738739,1.19448530673981),(0.114252425730228,0.588771820068359,1.36451363563538),(0.0964575782418251,0.590584337711334,1.1809093952179),(0.104545049369335,0.554893553256989,1.35167765617371),(0.107632279396057,0.54043173789978,1.15887117385864),(0.114252433180809,0.521015286445618,1.33884167671204),(0.123947560787201,0.513466238975525,1.14587950706482),(0.129543766379356,0.505880057811737,1.33027958869934),(0.1645517796278,0.487614333629608,1.13151466846466),(0.1645517796278,0.489919126033783,1.3268404006958),(0.1645517796278,0.68028450012207,1.24694728851318),(0.1645517796278,0.680269598960876,1.29467940330505),(0.1645517796278,0.669903755187988,1.33293676376343),(0.1645517796278,0.647333145141602,1.35856461524963),(0.122856289148331,0.633339881896973,1.35651421546936),(0.121078722178936,0.652452707290649,1.32570672035217),(0.117141149938107,0.660728454589844,1.28596603870392),(0.120091758668423,0.662542104721069,1.23861718177795),(0.102287746965885,0.60838258266449,1.34438860416412),(0.0994997695088387,0.624321222305298,1.31165409088135),(0.0962222963571548,0.631263792514801,1.27102828025818),(0.103058442473412,0.630758166313171,1.22583961486816),(0.0919184610247612,0.569468438625336,1.32782483100891),(0.0871775969862938,0.578543663024902,1.29245805740356),(0.0829856395721436,0.582294881343842,1.25062298774719),(0.090903714299202,0.585565209388733,1.20686507225037),(0.104445055127144,0.525751292705536,1.3112610578537),(0.101694889366627,0.527879059314728,1.27326190471649),(0.0984174013137817,0.528438746929169,1.23413586616516),(0.105253554880619,0.535484969615936,1.18789029121399),(0.127489387989044,0.505730926990509,1.29913544654846),(0.126810058951378,0.507151782512665,1.26384627819061),(0.123914405703545,0.498941421508789,1.22453308105469),(0.122863337397575,0.508866310119629,1.17560827732086),(0.1645517796278,0.482034116983414,1.29469728469849),(0.1645517796278,0.4832424223423,1.25870275497437),(0.1645517796278,0.469020038843155,1.21906542778015),(0.1645517796278,0.485404819250107,1.16891574859619),(0.1645517796278,0.586287617683411,1.37657058238983),(0.1645517796278,0.553734302520752,1.3716334104538),(0.1645517796278,0.521180987358093,1.35531175136566),(0.128794759511948,0.5860995054245,1.37065935134888),(0.128904297947884,0.556492209434509,1.36685490608215),(0.132284075021744,0.523881375789642,1.35125613212585),(0.144004687666893,0.659454107284546,1.20519244670868),(0.143374472856522,0.61648166179657,1.37160229682922),(0.144468531012535,0.492254436016083,1.13430619239807),(0.146233931183815,0.495917767286301,1.32722461223602),(0.146313309669495,0.492193728685379,1.16912078857422),(0.145877689123154,0.478227823972702,1.22030830383301),(0.14605975151062,0.490030258893967,1.25960516929626),(0.146708562970161,0.489818781614304,1.29560399055481),(0.142809838056564,0.674896717071533,1.24439299106598),(0.139561012387276,0.672934532165527,1.29194569587708),(0.139322817325592,0.663158774375916,1.33036494255066),(0.140304654836655,0.642208695411682,1.35913443565369),(0.144229859113693,0.5861936211586,1.37448060512543),(0.144284620881081,0.555113255977631,1.36924409866333),(0.145974516868591,0.522531151771545,1.3532840013504),(0.0205583572387695,0.0408907756209373,0.00132656097412109),(0.0200752466917038,0.0419503971934319,0.0312207937240601),(0.0307764708995819,0.230336308479309,0.00875794887542725),(-0.0602181851863861,0.0667433887720108,0.00241947174072266),(-0.0591957420110703,0.0663602724671364,0.0274403095245361),(-0.0248503983020782,0.240606591105461,0.00895786285400391),(0.0218627005815506,0.14788281917572,0.0229597091674805),(-0.0412600338459015,0.156248986721039,0.015694260597229),(-0.0359391868114471,0.207528680562973,0.00921142101287842),(0.0331498980522156,0.201314926147461,0.00874137878417969),(-0.0124927014112473,0.24633800983429,0.00866913795471191),(-0.000425457954406738,0.248131513595581,0.00853264331817627),(0.0105645656585693,0.246861666440964,0.0089869499206543),(0.020870715379715,0.242488592863083,0.00890934467315674),(0.00224621593952179,0.0443418249487877,0.000183939933776855),(-0.0123724043369293,0.0479627475142479,0.000183939933776855),(-0.0279888808727264,0.0540271699428558,0.000183939933776855),(-0.0452821552753448,0.064799927175045,0.000183939933776855),(-0.0457759946584702,0.0648284330964088,0.0312188863754272),(-0.0284999758005142,0.0540566667914391,0.0331118106842041),(-0.0128835141658783,0.0479922443628311,0.0324814319610596),(0.00174038112163544,0.0429849699139595,0.0319154262542725),(-0.0303825736045837,0.155058801174164,0.00768327713012695),(-0.0136682689189911,0.153154194355011,0.00745856761932373),(0.00106848776340485,0.151474997401237,0.00726044178009033),(0.00970682501792908,0.149960651993752,0.00708198547363281),(-0.0226418375968933,0.216395825147629,0.00356793403625488),(-0.00577495992183685,0.22122648358345,0.00334155559539795),(0.00896269083023071,0.219547152519226,0.003143310546875),(0.0221024006605148,0.211297318339348,0.00296640396118164),(0.000923275947570801,-0.00150202214717865,0.00163865089416504),(0.00063653290271759,-0.00254820287227631,0.0144177675247192),(0.013214036822319,-0.00398136675357819,0.0142487287521362),(0.0135007798671722,-0.00293518602848053,0.00146949291229248),(-0.0596256405115128,0.0353742614388466,0.00283944606781006),(-0.0598496496677399,0.0345569998025894,0.0128227472305298),(-0.0522871464490891,0.0336952656507492,0.012721061706543),(-0.0520631223917007,0.0345125496387482,0.00273787975311279),(-0.0456995815038681,0.0203262940049171,0.002593994140625),(-0.0459236055612564,0.01950903236866,0.0125772953033447),(-0.0383610725402832,0.018647313117981,0.0124756097793579),(-0.0381370633840561,0.0194645673036575,0.00249242782592773),(-0.0304850041866302,0.0114398673176765,0.00233566761016846),(-0.0307089984416962,0.0106226056814194,0.0123189687728882),(-0.0231464952230453,0.00976087152957916,0.0122172832489014),(-0.0229225158691406,0.0105781257152557,0.00223410129547119),(-0.0147811621427536,0.0039568692445755,0.00208199024200439),(-0.0150051712989807,0.00313961505889893,0.0120651721954346),(-0.0074426680803299,0.00227786600589752,0.0119634866714478),(-0.00721865892410278,0.00309513509273529,0.00198030471801758),(-0.000511869788169861,0.00537692010402679,0.0184707641601562),(-7.84695148468018E-05,0.00695820152759552,-0.000844836235046387),(0.0161809474229813,0.00347484648227692,0.0182464122772217),(0.0166143476963043,0.00505611300468445,-0.00106930732727051),(-0.0612731128931046,0.0438435524702072,0.0176928043365479),(-0.0608718991279602,0.0453074276447296,-0.000189065933227539),(-0.0487378239631653,0.0424151867628098,0.0175243616104126),(-0.0483365654945374,0.0438790619373322,-0.000357627868652344),(-0.0473470687866211,0.0287955775856972,0.0174471139907837),(-0.0469458550214767,0.0302594527602196,-0.000434637069702148),(-0.0348117351531982,0.0273672267794609,0.0172786712646484),(-0.0344105213880539,0.0288311019539833,-0.000603079795837402),(-0.0321324914693832,0.0199091583490372,0.0171890258789062),(-0.0317312479019165,0.0213730409741402,-0.000692844390869141),(-0.0195971876382828,0.0184808000922203,0.0170204639434814),(-0.0191959738731384,0.0199446901679039,-0.000861525535583496),(-0.0164286643266678,0.0124261528253555,0.0169351100921631),(-0.0160274058580399,0.0138900354504585,-0.000946640968322754),(-0.00389334559440613,0.0109978094696999,0.0167665481567383),(-0.00349211692810059,0.0124616846442223,-0.00111532211303711),(-0.000366121530532837,-0.00133606791496277,0.0163203477859497),(5.96046447753906E-08,2.98023223876953E-08,0.),(0.0144409984350204,-0.00302329659461975,0.0161213874816895),(0.0148072093725204,-0.00168721377849579,-0.000198960304260254),(-0.0610667616128922,0.0359768867492676,0.0151175260543823),(-0.0607467293739319,0.0371444746851921,0.000855207443237305),(-0.0508100539445877,0.0348081737756729,0.0149797201156616),(-0.0504900515079498,0.0359757542610168,0.000717282295227051),(-0.0471407026052475,0.0209289044141769,0.0148721933364868),(-0.0468206703662872,0.0220964998006821,0.000609636306762695),(-0.0368839949369431,0.0197601914405823,0.014734148979187),(-0.036563977599144,0.0209277868270874,0.000471711158752441),(-0.0319261252880096,0.0120424926280975,0.0146137475967407),(-0.0316061079502106,0.0132100805640221,0.000351428985595703),(-0.0216694623231888,0.0108737796545029,0.01447594165802),(-0.0213494151830673,0.0120413526892662,0.000213503837585449),(-0.016222283244133,0.00455948710441589,0.0143598318099976),(-0.0159022659063339,0.00572708249092102,9.75131988525391E-05),(-0.00596559047698975,0.00339077413082123,0.0142221450805664),(-0.00564557313919067,0.00455833971500397,-4.04119491577148E-05),(-0.0129473507404327,0.0419880151748657,0.0266540050506592),(-0.0148945599794388,0.0252762585878372,0.0202305316925049),(-0.014461562037468,0.026856005191803,0.000933289527893066),(-0.0126323252916336,0.0419698283076286,0.0031665563583374),(0.00109337270259857,0.0403881222009659,0.0264655351638794),(-0.0016065239906311,0.0237621292471886,0.0200518369674683),(0.00140839815139771,0.0403699353337288,0.00297772884368896),(-0.00117355585098267,0.0253418833017349,0.000754594802856445),(0.000522762537002563,0.0311997383832932,0.0276378393173218),(-0.000612646341323853,0.0193932726979256,0.021781325340271),(-0.000145018100738525,0.0210994109511375,0.000940084457397461),(0.000656306743621826,0.032300092279911,0.00327920913696289),(0.020121842622757,0.0286192148923874,0.0268349647521973),(0.0190552920103073,0.0171521678566933,0.0215169191360474),(0.0204685926437378,0.0285992100834846,0.0030214786529541),(0.0195229649543762,0.0188583135604858,0.000675678253173828),(-0.0291171371936798,0.0457289218902588,0.026872992515564),(-0.030828595161438,0.0308946892619133,0.0203068256378174),(-0.0303956121206284,0.0324744284152985,0.00100982189178467),(-0.0288021117448807,0.0457107350230217,0.00338530540466309),(-0.0140033066272736,0.0440067425370216,0.0266698598861694),(-0.0170040279626846,0.0293194279074669,0.0201210975646973),(-0.0136882811784744,0.0439885556697845,0.00318217277526855),(-0.0165710598230362,0.0308991670608521,0.000823855400085449),(-0.0465912669897079,0.0501049906015396,0.02671217918396),(-0.0471694767475128,0.0375340729951859,0.0203534364700317),(-0.0467364937067032,0.0391138195991516,0.00105643272399902),(-0.0462762415409088,0.0500867962837219,0.00362205505371094),(-0.0300099551677704,0.0482155904173851,0.0264893770217896),(-0.0326111614704132,0.0358752086758614,0.0201578140258789),(-0.0296949297189713,0.048197403550148,0.00339925289154053),(-0.0321781635284424,0.0374549552798271,0.00086057186126709),(-0.0619747191667557,0.0561492890119553,0.0244677066802979),(-0.0616382956504822,0.0503295436501503,0.0198653936386108),(-0.0612053126096725,0.0519092828035355,0.000568270683288574),(-0.0616596937179565,0.0561311021447182,0.00331354141235352),(-0.0471237599849701,0.0544570684432983,0.0242679119110107),(-0.0479451715946198,0.0487692430615425,0.0196813344955444),(-0.046808734536171,0.0544388815760612,0.00311374664306641),(-0.0475121736526489,0.0503490045666695,0.000384092330932617),(0.0242390632629395,0.0418140441179276,0.0202553272247314),(0.0356844961643219,0.237713396549225,0.041521430015564),(-0.0233005732297897,0.244381442666054,0.0419197082519531),(-0.062849372625351,0.0670256987214088,0.0228289365768433),(-0.0424733757972717,0.166005983948708,0.0436124801635742),(0.0274939686059952,0.14813894033432,0.0425978899002075),(-0.0392772406339645,0.208311706781387,0.0436514616012573),(0.0405592173337936,0.198072761297226,0.0425238609313965),(-0.0455895513296127,0.0648176744580269,0.018527626991272),(-0.0282962769269943,0.0540448948740959,0.014504075050354),(-0.0126798152923584,0.047980472445488,0.015070915222168),(0.00193880498409271,0.0429735258221626,0.0184595584869385),(0.0261118113994598,0.250108152627945,0.041456937789917),(0.0132638216018677,0.257172524929047,0.0412565469741821),(0.00449733436107635,0.258138418197632,0.0412991046905518),(-0.0118390470743179,0.254406273365021,0.041695237159729),(-0.000295162200927734,0.00616756081581116,0.00881314277648926),(0.0186475217342377,0.00400908291339874,0.00855839252471924),(-0.0632084608078003,0.0448188707232475,0.00878071784973145),(-0.0485371947288513,0.043147124350071,0.0085834264755249),(-0.0471464693546295,0.0295275151729584,0.008506178855896),(-0.0346111208200455,0.0280991643667221,0.00833773612976074),(-0.0319318771362305,0.020641103386879,0.00824809074401855),(-0.0193965584039688,0.0192127525806427,0.00807952880859375),(-0.0162280350923538,0.0131580978631973,0.00799429416656494),(-0.00369273126125336,0.0117297321557999,0.00782573223114014),(-0.000183030962944031,-0.00066801905632019,0.00816035270690918),(0.0146240890026093,-0.00235524773597717,0.00796115398406982),(-0.0609067529439926,0.0365606769919395,0.00798630714416504),(-0.0506500750780106,0.0353919640183449,0.00784838199615479),(-0.0469806790351868,0.0215127095580101,0.00774085521697998),(-0.0367240011692047,0.0203439891338348,0.00760304927825928),(-0.0317661166191101,0.0126262679696083,0.00748252868652344),(-0.0215094387531281,0.0114575549960136,0.00734460353851318),(-0.0160622596740723,0.00514329969882965,0.00722873210906982),(-0.0058056116104126,0.00397457182407379,0.00709092617034912),(0.000779911875724792,-0.00202511250972748,0.00802814960479736),(0.0133574157953262,-0.00345827639102936,0.00785911083221436),(-0.0597376227378845,0.0349656268954277,0.00783097743988037),(-0.0521751493215561,0.0341038927435875,0.00772941112518311),(-0.0458115786314011,0.0199176743626595,0.00758576393127441),(-0.0382490903139114,0.0190559476613998,0.0074840784072876),(-0.0305970162153244,0.0110312327742577,0.00732731819152832),(-0.0230344980955124,0.010169506072998,0.0072256326675415),(-0.0148931741714478,0.00354823470115662,0.00707352161407471),(-0.00733067095279694,0.0026865154504776,0.00697183609008789),(0.00121697783470154,0.0403809770941734,0.0170058012008667),(-0.00139003992080688,0.0245520025491714,0.0104032754898071),(-0.0128237307071686,0.0419808775186539,0.0189239978790283),(-0.0146780610084534,0.0260661318898201,0.0105819702148438),(0.023386538028717,0.0282550528645515,0.0153117179870605),(0.0216036140918732,0.0177414938807487,0.0110653638839722),(0.000449016690254211,0.0323120579123497,0.0163701772689819),(-0.000378817319869995,0.020246334373951,0.0113606452941895),(-0.0138797014951706,0.0439996048808098,0.018939733505249),(-0.0167875438928604,0.030109316110611,0.0104724168777466),(-0.0289935320615768,0.0457217916846275,0.0191428661346436),(-0.0306121110916138,0.0316845700144768,0.0106582641601562),(-0.0298863351345062,0.0482084602117538,0.0191566944122314),(-0.0323946475982666,0.0366650819778442,0.0105092525482178),(-0.046467661857605,0.0500978529453278,0.0193796157836914),(-0.0469529777765274,0.0383239462971687,0.0107048749923706),(-0.0470001548528671,0.0544499233365059,0.015267014503479),(-0.0477286726236343,0.0495591089129448,0.0100326538085938),(-0.0641096085309982,0.0563995018601418,0.0154969692230225),(-0.0636190325021744,0.0513697862625122,0.0102463960647583),(0.0191207826137543,0.108655266463757,0.0236916542053223),(-0.0437435656785965,0.120885394513607,0.0533510446548462),(0.0134429186582565,0.111772701144218,0.0592786073684692),(-0.0481333136558533,0.117800548672676,0.0116441249847412),(-0.0330800563097,0.119898907840252,0.0608607530593872),(-0.0144743174314499,0.116216912865639,0.0646979808807373),(-0.00399781763553619,0.114664420485497,0.0655838251113892),(0.00766944885253906,0.113302811980247,0.0646626949310303),(0.00551766157150269,0.109057106077671,0.00730359554290771),(-0.00381031632423401,0.111056946218014,0.0070347785949707),(-0.0193113684654236,0.113274447619915,0.0067371129989624),(-0.0368927270174026,0.115789607167244,0.00639927387237549),(0.0228504687547684,0.109255351126194,0.035957932472229),(-0.0513061434030533,0.11997539550066,0.034908652305603),(-0.0280298292636871,0.199739202857018,0.117135882377625),(0.0228168964385986,0.228056013584137,0.115368723869324),(0.0105841755867004,0.238562703132629,0.113299667835236),(-0.0188555866479874,0.177562713623047,0.117714166641235),(-0.00565019249916077,0.234917849302292,0.113076508045197),(0.0243564546108246,0.17451137304306,0.118008553981781),(-0.00322112441062927,0.161197870969772,0.118084609508514),(-0.0201918184757233,0.217334568500519,0.114587604999542),(0.0291680097579956,0.200234144926071,0.117518663406372),(0.0145952999591827,0.158209785819054,0.118304848670959),(0.020636722445488,0.0615841895341873,0.00746166706085205),(-0.0553318113088608,0.07854063808918,0.0322883129119873),(-0.042325958609581,0.0750796794891357,0.0360177755355835),(-0.0253439843654633,0.0706694051623344,0.038799524307251),(-0.0109877735376358,0.0670275390148163,0.0398542881011963),(0.000899434089660645,0.064065545797348,0.0411163568496704),(0.00365190207958221,0.0660384371876717,0.000769376754760742),(-0.0103624016046524,0.0695757791399956,0.000800251960754395),(-0.0258654057979584,0.0734924599528313,0.000777959823608398),(-0.0437127202749252,0.0780079364776611,0.000649094581604004),(-0.0597661882638931,0.0805452167987823,0.0245722532272339),(0.0194151699542999,0.0598465278744698,0.0394172668457031),(-0.0563824623823166,0.0809708535671234,0.00438344478607178),(0.0239035189151764,0.0597367659211159,0.0235849618911743),(-0.0555361211299896,0.100260332226753,0.029740571975708),(-0.0403026342391968,0.0968986451625824,0.0035240650177002),(-0.0225883722305298,0.0933832675218582,0.00375699996948242),(-0.00708639621734619,0.0903162211179733,0.00391721725463867),(0.00691066682338715,0.0875476524233818,0.00403618812561035),(0.00428429245948792,0.0886845663189888,0.0528894662857056),(-0.00749282538890839,0.0908463373780251,0.0527188777923584),(-0.0199090987443924,0.0934434533119202,0.0517487525939941),(-0.0377029031515121,0.0974894911050797,0.0484393835067749),(-0.0495375990867615,0.0997131615877151,0.0428199768066406),(0.019117996096611,0.0839339569211006,0.0139921903610229),(0.0226161777973175,0.0833103731274605,0.029771089553833),(-0.0522578358650208,0.099385641515255,0.00801384449005127),(0.0165257304906845,0.0846242010593414,0.0493477582931519)),$);
#14316=IFCINDEXEDPOLYGONALFACE((129,132,57,11));
#14317=IFCINDEXEDPOLYGONALFACE((11,57,56,15));
#14318=IFCINDEXEDPOLYGONALFACE((6,8,42,40));
#14319=IFCINDEXEDPOLYGONALFACE((4,6,40,41));
#14320=IFCINDEXEDPOLYGONALFACE((22,51,49,26));
#14321=IFCINDEXEDPOLYGONALFACE((120,123,869,842));
#14322=IFCINDEXEDPOLYGONALFACE((178,117,845,1006));
#14323=IFCINDEXEDPOLYGONALFACE((275,118,844,1105));
#14324=IFCINDEXEDPOLYGONALFACE((507,119,843,1339));
#14325=IFCINDEXEDPOLYGONALFACE((119,120,842,843));
#14326=IFCINDEXEDPOLYGONALFACE((176,25,29,177));
#14327=IFCINDEXEDPOLYGONALFACE((273,24,28,274));
#14328=IFCINDEXEDPOLYGONALFACE((505,23,27,506));
#14329=IFCINDEXEDPOLYGONALFACE((23,22,26,27));
#14330=IFCINDEXEDPOLYGONALFACE((175,21,25,176));
#14331=IFCINDEXEDPOLYGONALFACE((272,20,24,273));
#14332=IFCINDEXEDPOLYGONALFACE((504,19,23,505));
#14333=IFCINDEXEDPOLYGONALFACE((42,53,50,47));
#14334=IFCINDEXEDPOLYGONALFACE((174,18,21,175));
#14335=IFCINDEXEDPOLYGONALFACE((271,17,20,272));
#14336=IFCINDEXEDPOLYGONALFACE((503,16,19,504));
#14337=IFCINDEXEDPOLYGONALFACE((16,54,66,62));
#14338=IFCINDEXEDPOLYGONALFACE((173,14,18,174));
#14339=IFCINDEXEDPOLYGONALFACE((270,13,17,271));
#14340=IFCINDEXEDPOLYGONALFACE((502,12,16,503));
#14341=IFCINDEXEDPOLYGONALFACE((12,11,15,16));
#14342=IFCINDEXEDPOLYGONALFACE((179,126,14,173));
#14343=IFCINDEXEDPOLYGONALFACE((276,127,13,270));
#14344=IFCINDEXEDPOLYGONALFACE((508,128,12,502));
#14345=IFCINDEXEDPOLYGONALFACE((128,129,11,12));
#14346=IFCINDEXEDPOLYGONALFACE((116,10,34,121));
#14347=IFCINDEXEDPOLYGONALFACE((10,8,33,34));
#14348=IFCINDEXEDPOLYGONALFACE((8,6,32,33));
#14349=IFCINDEXEDPOLYGONALFACE((125,806,847,130));
#14350=IFCINDEXEDPOLYGONALFACE((6,4,31,32));
#14351=IFCINDEXEDPOLYGONALFACE((4,2,30,31));
#14352=IFCINDEXEDPOLYGONALFACE((34,33,38,39));
#14353=IFCINDEXEDPOLYGONALFACE((31,30,35,36));
#14354=IFCINDEXEDPOLYGONALFACE((121,34,39,122));
#14355=IFCINDEXEDPOLYGONALFACE((32,31,36,37));
#14356=IFCINDEXEDPOLYGONALFACE((33,32,37,38));
#14357=IFCINDEXEDPOLYGONALFACE((130,847,854,131));
#14358=IFCINDEXEDPOLYGONALFACE((43,41,40,45));
#14359=IFCINDEXEDPOLYGONALFACE((45,40,42,47));
#14360=IFCINDEXEDPOLYGONALFACE((46,45,47,48));
#14361=IFCINDEXEDPOLYGONALFACE((44,43,45,46));
#14362=IFCINDEXEDPOLYGONALFACE((15,56,58,55));
#14363=IFCINDEXEDPOLYGONALFACE((22,23,52,50));
#14364=IFCINDEXEDPOLYGONALFACE((48,52,61,64));
#14365=IFCINDEXEDPOLYGONALFACE((16,15,55,54));
#14366=IFCINDEXEDPOLYGONALFACE((55,58,41,43));
#14367=IFCINDEXEDPOLYGONALFACE((50,52,48,47));
#14368=IFCINDEXEDPOLYGONALFACE((49,51,8,10));
#14369=IFCINDEXEDPOLYGONALFACE((50,53,51,22));
#14370=IFCINDEXEDPOLYGONALFACE((123,49,10,116));
#14371=IFCINDEXEDPOLYGONALFACE((132,875,806,125));
#14372=IFCINDEXEDPOLYGONALFACE((56,57,2,4));
#14373=IFCINDEXEDPOLYGONALFACE((54,55,43,44));
#14374=IFCINDEXEDPOLYGONALFACE((58,56,4,41));
#14375=IFCINDEXEDPOLYGONALFACE((8,51,53,42));
#14376=IFCINDEXEDPOLYGONALFACE((59,62,70,67));
#14377=IFCINDEXEDPOLYGONALFACE((63,64,72,71));
#14378=IFCINDEXEDPOLYGONALFACE((52,23,60,61));
#14379=IFCINDEXEDPOLYGONALFACE((44,46,63,65));
#14380=IFCINDEXEDPOLYGONALFACE((19,16,62,59));
#14381=IFCINDEXEDPOLYGONALFACE((46,48,64,63));
#14382=IFCINDEXEDPOLYGONALFACE((54,44,65,66));
#14383=IFCINDEXEDPOLYGONALFACE((23,19,59,60));
#14384=IFCINDEXEDPOLYGONALFACE((86,94,81,82));
#14385=IFCINDEXEDPOLYGONALFACE((87,86,82,78));
#14386=IFCINDEXEDPOLYGONALFACE((60,59,67,68));
#14387=IFCINDEXEDPOLYGONALFACE((64,61,69,72));
#14388=IFCINDEXEDPOLYGONALFACE((65,63,71,73));
#14389=IFCINDEXEDPOLYGONALFACE((61,60,68,69));
#14390=IFCINDEXEDPOLYGONALFACE((62,66,74,70));
#14391=IFCINDEXEDPOLYGONALFACE((66,65,73,74));
#14392=IFCINDEXEDPOLYGONALFACE((99,98,80,79));
#14393=IFCINDEXEDPOLYGONALFACE((103,87,78,75));
#14394=IFCINDEXEDPOLYGONALFACE((107,103,75,76));
#14395=IFCINDEXEDPOLYGONALFACE((98,114,77,80));
#14396=IFCINDEXEDPOLYGONALFACE((94,99,79,81));
#14397=IFCINDEXEDPOLYGONALFACE((114,107,76,77));
#14398=IFCINDEXEDPOLYGONALFACE((69,68,110,111));
#14399=IFCINDEXEDPOLYGONALFACE((111,110,109,112));
#14400=IFCINDEXEDPOLYGONALFACE((112,109,108,113));
#14401=IFCINDEXEDPOLYGONALFACE((113,108,107,114));
#14402=IFCINDEXEDPOLYGONALFACE((73,71,102,91));
#14403=IFCINDEXEDPOLYGONALFACE((91,102,101,92));
#14404=IFCINDEXEDPOLYGONALFACE((92,101,100,93));
#14405=IFCINDEXEDPOLYGONALFACE((93,100,99,94));
#14406=IFCINDEXEDPOLYGONALFACE((72,69,111,95));
#14407=IFCINDEXEDPOLYGONALFACE((95,111,112,96));
#14408=IFCINDEXEDPOLYGONALFACE((96,112,113,97));
#14409=IFCINDEXEDPOLYGONALFACE((97,113,114,98));
#14410=IFCINDEXEDPOLYGONALFACE((68,67,106,110));
#14411=IFCINDEXEDPOLYGONALFACE((110,106,105,109));
#14412=IFCINDEXEDPOLYGONALFACE((109,105,104,108));
#14413=IFCINDEXEDPOLYGONALFACE((108,104,103,107));
#14414=IFCINDEXEDPOLYGONALFACE((67,70,90,106));
#14415=IFCINDEXEDPOLYGONALFACE((106,90,89,105));
#14416=IFCINDEXEDPOLYGONALFACE((105,89,88,104));
#14417=IFCINDEXEDPOLYGONALFACE((104,88,87,103));
#14418=IFCINDEXEDPOLYGONALFACE((71,72,95,102));
#14419=IFCINDEXEDPOLYGONALFACE((102,95,96,101));
#14420=IFCINDEXEDPOLYGONALFACE((101,96,97,100));
#14421=IFCINDEXEDPOLYGONALFACE((100,97,98,99));
#14422=IFCINDEXEDPOLYGONALFACE((70,74,83,90));
#14423=IFCINDEXEDPOLYGONALFACE((90,83,84,89));
#14424=IFCINDEXEDPOLYGONALFACE((89,84,85,88));
#14425=IFCINDEXEDPOLYGONALFACE((88,85,86,87));
#14426=IFCINDEXEDPOLYGONALFACE((74,73,91,83));
#14427=IFCINDEXEDPOLYGONALFACE((83,91,92,84));
#14428=IFCINDEXEDPOLYGONALFACE((84,92,93,85));
#14429=IFCINDEXEDPOLYGONALFACE((85,93,94,86));
#14430=IFCINDEXEDPOLYGONALFACE((869,123,116,818));
#14431=IFCINDEXEDPOLYGONALFACE((852,121,122,859));
#14432=IFCINDEXEDPOLYGONALFACE((818,116,121,852));
#14433=IFCINDEXEDPOLYGONALFACE((27,26,120,119));
#14434=IFCINDEXEDPOLYGONALFACE((506,27,119,507));
#14435=IFCINDEXEDPOLYGONALFACE((274,28,118,275));
#14436=IFCINDEXEDPOLYGONALFACE((177,29,117,178));
#14437=IFCINDEXEDPOLYGONALFACE((26,49,123,120));
#14438=IFCINDEXEDPOLYGONALFACE((57,132,125,2));
#14439=IFCINDEXEDPOLYGONALFACE((30,130,131,35));
#14440=IFCINDEXEDPOLYGONALFACE((2,125,130,30));
#14441=IFCINDEXEDPOLYGONALFACE((821,822,129,128));
#14442=IFCINDEXEDPOLYGONALFACE((1333,821,128,508));
#14443=IFCINDEXEDPOLYGONALFACE((1099,820,127,276));
#14444=IFCINDEXEDPOLYGONALFACE((1000,819,126,179));
#14445=IFCINDEXEDPOLYGONALFACE((822,875,132,129));
#14446=IFCINDEXEDPOLYGONALFACE((135,960,805,124));
#14447=IFCINDEXEDPOLYGONALFACE((115,817,958,133));
#14448=IFCINDEXEDPOLYGONALFACE((133,958,959,134));
#14449=IFCINDEXEDPOLYGONALFACE((134,959,960,135));
#14450=IFCINDEXEDPOLYGONALFACE((147,146,143,141));
#14451=IFCINDEXEDPOLYGONALFACE((146,148,144,143));
#14452=IFCINDEXEDPOLYGONALFACE((149,147,141,140));
#14453=IFCINDEXEDPOLYGONALFACE((151,150,142,145));
#14454=IFCINDEXEDPOLYGONALFACE((148,151,145,144));
#14455=IFCINDEXEDPOLYGONALFACE((152,149,140,139));
#14456=IFCINDEXEDPOLYGONALFACE((153,152,139,138));
#14457=IFCINDEXEDPOLYGONALFACE((150,154,136,142));
#14458=IFCINDEXEDPOLYGONALFACE((155,153,138,137));
#14459=IFCINDEXEDPOLYGONALFACE((154,155,137,136));
#14460=IFCINDEXEDPOLYGONALFACE((165,161,155,154));
#14461=IFCINDEXEDPOLYGONALFACE((161,160,153,155));
#14462=IFCINDEXEDPOLYGONALFACE((164,165,154,150));
#14463=IFCINDEXEDPOLYGONALFACE((160,159,152,153));
#14464=IFCINDEXEDPOLYGONALFACE((159,157,149,152));
#14465=IFCINDEXEDPOLYGONALFACE((163,158,151,148));
#14466=IFCINDEXEDPOLYGONALFACE((158,164,150,151));
#14467=IFCINDEXEDPOLYGONALFACE((157,156,147,149));
#14468=IFCINDEXEDPOLYGONALFACE((162,163,148,146));
#14469=IFCINDEXEDPOLYGONALFACE((156,162,146,147));
#14470=IFCINDEXEDPOLYGONALFACE((115,133,162,156));
#14471=IFCINDEXEDPOLYGONALFACE((133,134,163,162));
#14472=IFCINDEXEDPOLYGONALFACE((9,115,156,157));
#14473=IFCINDEXEDPOLYGONALFACE((135,124,164,158));
#14474=IFCINDEXEDPOLYGONALFACE((134,135,158,163));
#14475=IFCINDEXEDPOLYGONALFACE((7,9,157,159));
#14476=IFCINDEXEDPOLYGONALFACE((5,7,159,160));
#14477=IFCINDEXEDPOLYGONALFACE((124,1,165,164));
#14478=IFCINDEXEDPOLYGONALFACE((3,5,160,161));
#14479=IFCINDEXEDPOLYGONALFACE((1,3,161,165));
#14480=IFCINDEXEDPOLYGONALFACE((805,997,172,124));
#14481=IFCINDEXEDPOLYGONALFACE((9,170,171,115));
#14482=IFCINDEXEDPOLYGONALFACE((124,172,166,1));
#14483=IFCINDEXEDPOLYGONALFACE((1,166,167,3));
#14484=IFCINDEXEDPOLYGONALFACE((3,167,168,5));
#14485=IFCINDEXEDPOLYGONALFACE((5,168,169,7));
#14486=IFCINDEXEDPOLYGONALFACE((7,169,170,9));
#14487=IFCINDEXEDPOLYGONALFACE((115,171,996,817));
#14488=IFCINDEXEDPOLYGONALFACE((997,1000,179,172));
#14489=IFCINDEXEDPOLYGONALFACE((170,177,178,171));
#14490=IFCINDEXEDPOLYGONALFACE((172,179,173,166));
#14491=IFCINDEXEDPOLYGONALFACE((166,173,174,167));
#14492=IFCINDEXEDPOLYGONALFACE((167,174,175,168));
#14493=IFCINDEXEDPOLYGONALFACE((168,175,176,169));
#14494=IFCINDEXEDPOLYGONALFACE((169,176,177,170));
#14495=IFCINDEXEDPOLYGONALFACE((171,178,1006,996));
#14496=IFCINDEXEDPOLYGONALFACE((143,144,188,187));
#14497=IFCINDEXEDPOLYGONALFACE((140,141,185,184));
#14498=IFCINDEXEDPOLYGONALFACE((137,138,182,181));
#14499=IFCINDEXEDPOLYGONALFACE((144,145,189,188));
#14500=IFCINDEXEDPOLYGONALFACE((145,142,186,189));
#14501=IFCINDEXEDPOLYGONALFACE((138,139,183,182));
#14502=IFCINDEXEDPOLYGONALFACE((142,136,180,186));
#14503=IFCINDEXEDPOLYGONALFACE((141,143,187,185));
#14504=IFCINDEXEDPOLYGONALFACE((139,140,184,183));
#14505=IFCINDEXEDPOLYGONALFACE((136,137,181,180));
#14506=IFCINDEXEDPOLYGONALFACE((189,186,196,199));
#14507=IFCINDEXEDPOLYGONALFACE((182,183,193,192));
#14508=IFCINDEXEDPOLYGONALFACE((186,180,190,196));
#14509=IFCINDEXEDPOLYGONALFACE((185,187,197,195));
#14510=IFCINDEXEDPOLYGONALFACE((183,184,194,193));
#14511=IFCINDEXEDPOLYGONALFACE((180,181,191,190));
#14512=IFCINDEXEDPOLYGONALFACE((187,188,198,197));
#14513=IFCINDEXEDPOLYGONALFACE((184,185,195,194));
#14514=IFCINDEXEDPOLYGONALFACE((181,182,192,191));
#14515=IFCINDEXEDPOLYGONALFACE((188,189,199,198));
#14516=IFCINDEXEDPOLYGONALFACE((192,193,203,202));
#14517=IFCINDEXEDPOLYGONALFACE((196,190,200,206));
#14518=IFCINDEXEDPOLYGONALFACE((195,197,207,205));
#14519=IFCINDEXEDPOLYGONALFACE((193,194,204,203));
#14520=IFCINDEXEDPOLYGONALFACE((190,191,201,200));
#14521=IFCINDEXEDPOLYGONALFACE((197,198,208,207));
#14522=IFCINDEXEDPOLYGONALFACE((194,195,205,204));
#14523=IFCINDEXEDPOLYGONALFACE((191,192,202,201));
#14524=IFCINDEXEDPOLYGONALFACE((198,199,209,208));
#14525=IFCINDEXEDPOLYGONALFACE((199,196,206,209));
#14526=IFCINDEXEDPOLYGONALFACE((207,208,218,217));
#14527=IFCINDEXEDPOLYGONALFACE((204,205,215,214));
#14528=IFCINDEXEDPOLYGONALFACE((201,202,212,211));
#14529=IFCINDEXEDPOLYGONALFACE((208,209,219,218));
#14530=IFCINDEXEDPOLYGONALFACE((209,206,216,219));
#14531=IFCINDEXEDPOLYGONALFACE((202,203,213,212));
#14532=IFCINDEXEDPOLYGONALFACE((206,200,210,216));
#14533=IFCINDEXEDPOLYGONALFACE((205,207,217,215));
#14534=IFCINDEXEDPOLYGONALFACE((203,204,214,213));
#14535=IFCINDEXEDPOLYGONALFACE((200,201,211,210));
#14536=IFCINDEXEDPOLYGONALFACE((214,215,225,224));
#14537=IFCINDEXEDPOLYGONALFACE((211,212,222,221));
#14538=IFCINDEXEDPOLYGONALFACE((218,219,229,228));
#14539=IFCINDEXEDPOLYGONALFACE((219,216,226,229));
#14540=IFCINDEXEDPOLYGONALFACE((212,213,223,222));
#14541=IFCINDEXEDPOLYGONALFACE((216,210,220,226));
#14542=IFCINDEXEDPOLYGONALFACE((215,217,227,225));
#14543=IFCINDEXEDPOLYGONALFACE((213,214,224,223));
#14544=IFCINDEXEDPOLYGONALFACE((210,211,221,220));
#14545=IFCINDEXEDPOLYGONALFACE((217,218,228,227));
#14546=IFCINDEXEDPOLYGONALFACE((774,767,232,231));
#14547=IFCINDEXEDPOLYGONALFACE((775,768,239,238));
#14548=IFCINDEXEDPOLYGONALFACE((768,769,236,239));
#14549=IFCINDEXEDPOLYGONALFACE((767,770,233,232));
#14550=IFCINDEXEDPOLYGONALFACE((769,771,230,236));
#14551=IFCINDEXEDPOLYGONALFACE((776,772,237,235));
#14552=IFCINDEXEDPOLYGONALFACE((770,773,234,233));
#14553=IFCINDEXEDPOLYGONALFACE((771,774,231,230));
#14554=IFCINDEXEDPOLYGONALFACE((772,775,238,237));
#14555=IFCINDEXEDPOLYGONALFACE((773,776,235,234));
#14556=IFCINDEXEDPOLYGONALFACE((224,225,266,267));
#14557=IFCINDEXEDPOLYGONALFACE((267,266,265,268));
#14558=IFCINDEXEDPOLYGONALFACE((268,265,264,269));
#14559=IFCINDEXEDPOLYGONALFACE((227,228,251,261));
#14560=IFCINDEXEDPOLYGONALFACE((261,251,250,262));
#14561=IFCINDEXEDPOLYGONALFACE((262,250,249,263));
#14562=IFCINDEXEDPOLYGONALFACE((220,221,245,258));
#14563=IFCINDEXEDPOLYGONALFACE((258,245,244,259));
#14564=IFCINDEXEDPOLYGONALFACE((259,244,243,260));
#14565=IFCINDEXEDPOLYGONALFACE((223,224,267,255));
#14566=IFCINDEXEDPOLYGONALFACE((255,267,268,256));
#14567=IFCINDEXEDPOLYGONALFACE((256,268,269,257));
#14568=IFCINDEXEDPOLYGONALFACE((225,227,261,266));
#14569=IFCINDEXEDPOLYGONALFACE((266,261,262,265));
#14570=IFCINDEXEDPOLYGONALFACE((265,262,263,264));
#14571=IFCINDEXEDPOLYGONALFACE((226,220,258,252));
#14572=IFCINDEXEDPOLYGONALFACE((252,258,259,253));
#14573=IFCINDEXEDPOLYGONALFACE((253,259,260,254));
#14574=IFCINDEXEDPOLYGONALFACE((222,223,255,240));
#14575=IFCINDEXEDPOLYGONALFACE((240,255,256,241));
#14576=IFCINDEXEDPOLYGONALFACE((241,256,257,242));
#14577=IFCINDEXEDPOLYGONALFACE((229,226,252,246));
#14578=IFCINDEXEDPOLYGONALFACE((246,252,253,247));
#14579=IFCINDEXEDPOLYGONALFACE((247,253,254,248));
#14580=IFCINDEXEDPOLYGONALFACE((228,229,246,251));
#14581=IFCINDEXEDPOLYGONALFACE((251,246,247,250));
#14582=IFCINDEXEDPOLYGONALFACE((250,247,248,249));
#14583=IFCINDEXEDPOLYGONALFACE((221,222,240,245));
#14584=IFCINDEXEDPOLYGONALFACE((245,240,241,244));
#14585=IFCINDEXEDPOLYGONALFACE((244,241,242,243));
#14586=IFCINDEXEDPOLYGONALFACE((819,1099,276,126));
#14587=IFCINDEXEDPOLYGONALFACE((29,274,275,117));
#14588=IFCINDEXEDPOLYGONALFACE((126,276,270,14));
#14589=IFCINDEXEDPOLYGONALFACE((14,270,271,18));
#14590=IFCINDEXEDPOLYGONALFACE((18,271,272,21));
#14591=IFCINDEXEDPOLYGONALFACE((21,272,273,25));
#14592=IFCINDEXEDPOLYGONALFACE((25,273,274,29));
#14593=IFCINDEXEDPOLYGONALFACE((117,275,1105,845));
#14594=IFCINDEXEDPOLYGONALFACE((359,292,280,349));
#14595=IFCINDEXEDPOLYGONALFACE((356,298,80,77));
#14596=IFCINDEXEDPOLYGONALFACE((314,281,277,295));
#14597=IFCINDEXEDPOLYGONALFACE((305,79,80,298));
#14598=IFCINDEXEDPOLYGONALFACE((290,81,79,299));
#14599=IFCINDEXEDPOLYGONALFACE((299,79,302));
#14600=IFCINDEXEDPOLYGONALFACE((302,79,305));
#14601=IFCINDEXEDPOLYGONALFACE((287,279,283,308));
#14602=IFCINDEXEDPOLYGONALFACE((308,283,282,311));
#14603=IFCINDEXEDPOLYGONALFACE((311,282,281,314));
#14604=IFCINDEXEDPOLYGONALFACE((75,313,316));
#14605=IFCINDEXEDPOLYGONALFACE((313,312,315,316));
#14606=IFCINDEXEDPOLYGONALFACE((308,311,312,309));
#14607=IFCINDEXEDPOLYGONALFACE((75,310,313));
#14608=IFCINDEXEDPOLYGONALFACE((310,309,312,313));
#14609=IFCINDEXEDPOLYGONALFACE((287,308,309,288));
#14610=IFCINDEXEDPOLYGONALFACE((78,289,310,75));
#14611=IFCINDEXEDPOLYGONALFACE((289,288,309,310));
#14612=IFCINDEXEDPOLYGONALFACE((303,306,307,304));
#14613=IFCINDEXEDPOLYGONALFACE((285,304,307,286));
#14614=IFCINDEXEDPOLYGONALFACE((300,303,304,301));
#14615=IFCINDEXEDPOLYGONALFACE((303,302,305,306));
#14616=IFCINDEXEDPOLYGONALFACE((284,301,304,285));
#14617=IFCINDEXEDPOLYGONALFACE((291,300,301,292));
#14618=IFCINDEXEDPOLYGONALFACE((300,299,302,303));
#14619=IFCINDEXEDPOLYGONALFACE((280,292,301,284));
#14620=IFCINDEXEDPOLYGONALFACE((306,297,296,307));
#14621=IFCINDEXEDPOLYGONALFACE((489,484,294,295));
#14622=IFCINDEXEDPOLYGONALFACE((291,290,299,300));
#14623=IFCINDEXEDPOLYGONALFACE((286,307,296,278));
#14624=IFCINDEXEDPOLYGONALFACE((314,295,294,315));
#14625=IFCINDEXEDPOLYGONALFACE((495,489,295,354));
#14626=IFCINDEXEDPOLYGONALFACE((306,305,298,297));
#14627=IFCINDEXEDPOLYGONALFACE((75,316,293,76));
#14628=IFCINDEXEDPOLYGONALFACE((316,315,294,293));
#14629=IFCINDEXEDPOLYGONALFACE((288,358,359,287));
#14630=IFCINDEXEDPOLYGONALFACE((478,495,354,296));
#14631=IFCINDEXEDPOLYGONALFACE((350,278,296,354));
#14632=IFCINDEXEDPOLYGONALFACE((355,297,298,356));
#14633=IFCINDEXEDPOLYGONALFACE((82,81,290,357));
#14634=IFCINDEXEDPOLYGONALFACE((357,290,291,358));
#14635=IFCINDEXEDPOLYGONALFACE((484,492,355,294));
#14636=IFCINDEXEDPOLYGONALFACE((492,481,297,355));
#14637=IFCINDEXEDPOLYGONALFACE((360,318,319,361));
#14638=IFCINDEXEDPOLYGONALFACE((391,448,449,385));
#14639=IFCINDEXEDPOLYGONALFACE((381,450,451,378));
#14640=IFCINDEXEDPOLYGONALFACE((388,452,450,381));
#14641=IFCINDEXEDPOLYGONALFACE((385,449,453,384));
#14642=IFCINDEXEDPOLYGONALFACE((362,322,323,363));
#14643=IFCINDEXEDPOLYGONALFACE((445,454,455,439));
#14644=IFCINDEXEDPOLYGONALFACE((435,456,457,432));
#14645=IFCINDEXEDPOLYGONALFACE((442,458,456,435));
#14646=IFCINDEXEDPOLYGONALFACE((439,455,459,438));
#14647=IFCINDEXEDPOLYGONALFACE((364,326,327,365));
#14648=IFCINDEXEDPOLYGONALFACE((427,460,461,421));
#14649=IFCINDEXEDPOLYGONALFACE((417,462,463,414));
#14650=IFCINDEXEDPOLYGONALFACE((424,464,462,417));
#14651=IFCINDEXEDPOLYGONALFACE((421,461,465,420));
#14652=IFCINDEXEDPOLYGONALFACE((366,330,331,367));
#14653=IFCINDEXEDPOLYGONALFACE((409,466,467,403));
#14654=IFCINDEXEDPOLYGONALFACE((399,468,469,396));
#14655=IFCINDEXEDPOLYGONALFACE((406,470,468,399));
#14656=IFCINDEXEDPOLYGONALFACE((403,467,471,402));
#14657=IFCINDEXEDPOLYGONALFACE((281,334,336,277));
#14658=IFCINDEXEDPOLYGONALFACE((350,368,335,278));
#14659=IFCINDEXEDPOLYGONALFACE((278,335,333,286));
#14660=IFCINDEXEDPOLYGONALFACE((353,369,334,281));
#14661=IFCINDEXEDPOLYGONALFACE((282,338,340,281));
#14662=IFCINDEXEDPOLYGONALFACE((353,370,339,286));
#14663=IFCINDEXEDPOLYGONALFACE((286,339,337,285));
#14664=IFCINDEXEDPOLYGONALFACE((352,371,338,282));
#14665=IFCINDEXEDPOLYGONALFACE((283,342,344,282));
#14666=IFCINDEXEDPOLYGONALFACE((352,372,343,285));
#14667=IFCINDEXEDPOLYGONALFACE((285,343,341,284));
#14668=IFCINDEXEDPOLYGONALFACE((351,373,342,283));
#14669=IFCINDEXEDPOLYGONALFACE((279,346,348,283));
#14670=IFCINDEXEDPOLYGONALFACE((351,374,347,284));
#14671=IFCINDEXEDPOLYGONALFACE((284,347,345,280));
#14672=IFCINDEXEDPOLYGONALFACE((349,375,346,279));
#14673=IFCINDEXEDPOLYGONALFACE((280,345,375,349));
#14674=IFCINDEXEDPOLYGONALFACE((283,348,374,351));
#14675=IFCINDEXEDPOLYGONALFACE((284,341,373,351));
#14676=IFCINDEXEDPOLYGONALFACE((282,344,372,352));
#14677=IFCINDEXEDPOLYGONALFACE((285,337,371,352));
#14678=IFCINDEXEDPOLYGONALFACE((281,340,370,353));
#14679=IFCINDEXEDPOLYGONALFACE((286,333,369,353));
#14680=IFCINDEXEDPOLYGONALFACE((277,336,368,350));
#14681=IFCINDEXEDPOLYGONALFACE((402,471,470,406));
#14682=IFCINDEXEDPOLYGONALFACE((396,469,466,409));
#14683=IFCINDEXEDPOLYGONALFACE((329,366,367,332));
#14684=IFCINDEXEDPOLYGONALFACE((420,465,464,424));
#14685=IFCINDEXEDPOLYGONALFACE((414,463,460,427));
#14686=IFCINDEXEDPOLYGONALFACE((325,364,365,328));
#14687=IFCINDEXEDPOLYGONALFACE((438,459,458,442));
#14688=IFCINDEXEDPOLYGONALFACE((432,457,454,445));
#14689=IFCINDEXEDPOLYGONALFACE((321,362,363,324));
#14690=IFCINDEXEDPOLYGONALFACE((384,453,452,388));
#14691=IFCINDEXEDPOLYGONALFACE((378,451,448,391));
#14692=IFCINDEXEDPOLYGONALFACE((317,360,361,320));
#14693=IFCINDEXEDPOLYGONALFACE((291,292,359,358));
#14694=IFCINDEXEDPOLYGONALFACE((481,478,296,297));
#14695=IFCINDEXEDPOLYGONALFACE((289,357,358,288));
#14696=IFCINDEXEDPOLYGONALFACE((78,82,357,289));
#14697=IFCINDEXEDPOLYGONALFACE((294,355,356,293));
#14698=IFCINDEXEDPOLYGONALFACE((311,314,315,312));
#14699=IFCINDEXEDPOLYGONALFACE((277,350,354,295));
#14700=IFCINDEXEDPOLYGONALFACE((293,356,77,76));
#14701=IFCINDEXEDPOLYGONALFACE((287,359,349,279));
#14702=IFCINDEXEDPOLYGONALFACE((333,376,393,369));
#14703=IFCINDEXEDPOLYGONALFACE((376,377,392,393));
#14704=IFCINDEXEDPOLYGONALFACE((377,378,391,392));
#14705=IFCINDEXEDPOLYGONALFACE((336,382,390,368));
#14706=IFCINDEXEDPOLYGONALFACE((382,383,389,390));
#14707=IFCINDEXEDPOLYGONALFACE((383,384,388,389));
#14708=IFCINDEXEDPOLYGONALFACE((334,387,382,336));
#14709=IFCINDEXEDPOLYGONALFACE((387,386,383,382));
#14710=IFCINDEXEDPOLYGONALFACE((386,385,384,383));
#14711=IFCINDEXEDPOLYGONALFACE((368,390,379,335));
#14712=IFCINDEXEDPOLYGONALFACE((390,389,380,379));
#14713=IFCINDEXEDPOLYGONALFACE((389,388,381,380));
#14714=IFCINDEXEDPOLYGONALFACE((335,379,376,333));
#14715=IFCINDEXEDPOLYGONALFACE((379,380,377,376));
#14716=IFCINDEXEDPOLYGONALFACE((380,381,378,377));
#14717=IFCINDEXEDPOLYGONALFACE((369,393,387,334));
#14718=IFCINDEXEDPOLYGONALFACE((393,392,386,387));
#14719=IFCINDEXEDPOLYGONALFACE((392,391,385,386));
#14720=IFCINDEXEDPOLYGONALFACE((337,394,411,371));
#14721=IFCINDEXEDPOLYGONALFACE((394,395,410,411));
#14722=IFCINDEXEDPOLYGONALFACE((395,396,409,410));
#14723=IFCINDEXEDPOLYGONALFACE((340,400,408,370));
#14724=IFCINDEXEDPOLYGONALFACE((400,401,407,408));
#14725=IFCINDEXEDPOLYGONALFACE((401,402,406,407));
#14726=IFCINDEXEDPOLYGONALFACE((338,405,400,340));
#14727=IFCINDEXEDPOLYGONALFACE((405,404,401,400));
#14728=IFCINDEXEDPOLYGONALFACE((404,403,402,401));
#14729=IFCINDEXEDPOLYGONALFACE((370,408,397,339));
#14730=IFCINDEXEDPOLYGONALFACE((408,407,398,397));
#14731=IFCINDEXEDPOLYGONALFACE((407,406,399,398));
#14732=IFCINDEXEDPOLYGONALFACE((339,397,394,337));
#14733=IFCINDEXEDPOLYGONALFACE((397,398,395,394));
#14734=IFCINDEXEDPOLYGONALFACE((398,399,396,395));
#14735=IFCINDEXEDPOLYGONALFACE((371,411,405,338));
#14736=IFCINDEXEDPOLYGONALFACE((411,410,404,405));
#14737=IFCINDEXEDPOLYGONALFACE((410,409,403,404));
#14738=IFCINDEXEDPOLYGONALFACE((341,412,429,373));
#14739=IFCINDEXEDPOLYGONALFACE((412,413,428,429));
#14740=IFCINDEXEDPOLYGONALFACE((413,414,427,428));
#14741=IFCINDEXEDPOLYGONALFACE((344,418,426,372));
#14742=IFCINDEXEDPOLYGONALFACE((418,419,425,426));
#14743=IFCINDEXEDPOLYGONALFACE((419,420,424,425));
#14744=IFCINDEXEDPOLYGONALFACE((342,423,418,344));
#14745=IFCINDEXEDPOLYGONALFACE((423,422,419,418));
#14746=IFCINDEXEDPOLYGONALFACE((422,421,420,419));
#14747=IFCINDEXEDPOLYGONALFACE((372,426,415,343));
#14748=IFCINDEXEDPOLYGONALFACE((426,425,416,415));
#14749=IFCINDEXEDPOLYGONALFACE((425,424,417,416));
#14750=IFCINDEXEDPOLYGONALFACE((343,415,412,341));
#14751=IFCINDEXEDPOLYGONALFACE((415,416,413,412));
#14752=IFCINDEXEDPOLYGONALFACE((416,417,414,413));
#14753=IFCINDEXEDPOLYGONALFACE((373,429,423,342));
#14754=IFCINDEXEDPOLYGONALFACE((429,428,422,423));
#14755=IFCINDEXEDPOLYGONALFACE((428,427,421,422));
#14756=IFCINDEXEDPOLYGONALFACE((345,430,447,375));
#14757=IFCINDEXEDPOLYGONALFACE((430,431,446,447));
#14758=IFCINDEXEDPOLYGONALFACE((431,432,445,446));
#14759=IFCINDEXEDPOLYGONALFACE((348,436,444,374));
#14760=IFCINDEXEDPOLYGONALFACE((436,437,443,444));
#14761=IFCINDEXEDPOLYGONALFACE((437,438,442,443));
#14762=IFCINDEXEDPOLYGONALFACE((346,441,436,348));
#14763=IFCINDEXEDPOLYGONALFACE((441,440,437,436));
#14764=IFCINDEXEDPOLYGONALFACE((440,439,438,437));
#14765=IFCINDEXEDPOLYGONALFACE((374,444,433,347));
#14766=IFCINDEXEDPOLYGONALFACE((444,443,434,433));
#14767=IFCINDEXEDPOLYGONALFACE((443,442,435,434));
#14768=IFCINDEXEDPOLYGONALFACE((347,433,430,345));
#14769=IFCINDEXEDPOLYGONALFACE((433,434,431,430));
#14770=IFCINDEXEDPOLYGONALFACE((434,435,432,431));
#14771=IFCINDEXEDPOLYGONALFACE((375,447,441,346));
#14772=IFCINDEXEDPOLYGONALFACE((447,446,440,441));
#14773=IFCINDEXEDPOLYGONALFACE((446,445,439,440));
#14774=IFCINDEXEDPOLYGONALFACE((360,317,449,448));
#14775=IFCINDEXEDPOLYGONALFACE((319,318,451,450));
#14776=IFCINDEXEDPOLYGONALFACE((361,319,450,452));
#14777=IFCINDEXEDPOLYGONALFACE((317,320,453,449));
#14778=IFCINDEXEDPOLYGONALFACE((362,321,455,454));
#14779=IFCINDEXEDPOLYGONALFACE((323,322,457,456));
#14780=IFCINDEXEDPOLYGONALFACE((363,323,456,458));
#14781=IFCINDEXEDPOLYGONALFACE((321,324,459,455));
#14782=IFCINDEXEDPOLYGONALFACE((364,325,461,460));
#14783=IFCINDEXEDPOLYGONALFACE((327,326,463,462));
#14784=IFCINDEXEDPOLYGONALFACE((365,327,462,464));
#14785=IFCINDEXEDPOLYGONALFACE((325,328,465,461));
#14786=IFCINDEXEDPOLYGONALFACE((366,329,467,466));
#14787=IFCINDEXEDPOLYGONALFACE((331,330,469,468));
#14788=IFCINDEXEDPOLYGONALFACE((367,331,468,470));
#14789=IFCINDEXEDPOLYGONALFACE((329,332,471,467));
#14790=IFCINDEXEDPOLYGONALFACE((318,360,448,451));
#14791=IFCINDEXEDPOLYGONALFACE((320,361,452,453));
#14792=IFCINDEXEDPOLYGONALFACE((322,362,454,457));
#14793=IFCINDEXEDPOLYGONALFACE((324,363,458,459));
#14794=IFCINDEXEDPOLYGONALFACE((326,364,460,463));
#14795=IFCINDEXEDPOLYGONALFACE((328,365,464,465));
#14796=IFCINDEXEDPOLYGONALFACE((330,366,466,469));
#14797=IFCINDEXEDPOLYGONALFACE((332,367,470,471));
#14798=IFCINDEXEDPOLYGONALFACE((476,473,474,477));
#14799=IFCINDEXEDPOLYGONALFACE((493,496,497,487));
#14800=IFCINDEXEDPOLYGONALFACE((483,498,499,480));
#14801=IFCINDEXEDPOLYGONALFACE((490,500,498,483));
#14802=IFCINDEXEDPOLYGONALFACE((487,497,501,486));
#14803=IFCINDEXEDPOLYGONALFACE((486,501,500,490));
#14804=IFCINDEXEDPOLYGONALFACE((480,499,496,493));
#14805=IFCINDEXEDPOLYGONALFACE((472,476,477,475));
#14806=IFCINDEXEDPOLYGONALFACE((478,479,494,495));
#14807=IFCINDEXEDPOLYGONALFACE((479,480,493,494));
#14808=IFCINDEXEDPOLYGONALFACE((484,485,491,492));
#14809=IFCINDEXEDPOLYGONALFACE((485,486,490,491));
#14810=IFCINDEXEDPOLYGONALFACE((489,488,485,484));
#14811=IFCINDEXEDPOLYGONALFACE((488,487,486,485));
#14812=IFCINDEXEDPOLYGONALFACE((492,491,482,481));
#14813=IFCINDEXEDPOLYGONALFACE((491,490,483,482));
#14814=IFCINDEXEDPOLYGONALFACE((481,482,479,478));
#14815=IFCINDEXEDPOLYGONALFACE((482,483,480,479));
#14816=IFCINDEXEDPOLYGONALFACE((495,494,488,489));
#14817=IFCINDEXEDPOLYGONALFACE((494,493,487,488));
#14818=IFCINDEXEDPOLYGONALFACE((476,472,497,496));
#14819=IFCINDEXEDPOLYGONALFACE((474,473,499,498));
#14820=IFCINDEXEDPOLYGONALFACE((477,474,498,500));
#14821=IFCINDEXEDPOLYGONALFACE((472,475,501,497));
#14822=IFCINDEXEDPOLYGONALFACE((473,476,496,499));
#14823=IFCINDEXEDPOLYGONALFACE((475,477,500,501));
#14824=IFCINDEXEDPOLYGONALFACE((820,1333,508,127));
#14825=IFCINDEXEDPOLYGONALFACE((28,506,507,118));
#14826=IFCINDEXEDPOLYGONALFACE((127,508,502,13));
#14827=IFCINDEXEDPOLYGONALFACE((13,502,503,17));
#14828=IFCINDEXEDPOLYGONALFACE((17,503,504,20));
#14829=IFCINDEXEDPOLYGONALFACE((20,504,505,24));
#14830=IFCINDEXEDPOLYGONALFACE((24,505,506,28));
#14831=IFCINDEXEDPOLYGONALFACE((118,507,1339,844));
#14832=IFCINDEXEDPOLYGONALFACE((553,543,510,519));
#14833=IFCINDEXEDPOLYGONALFACE((519,510,512,523));
#14834=IFCINDEXEDPOLYGONALFACE((523,512,514,527));
#14835=IFCINDEXEDPOLYGONALFACE((527,514,516,531));
#14836=IFCINDEXEDPOLYGONALFACE((531,516,518,535));
#14837=IFCINDEXEDPOLYGONALFACE((549,545,1355,1380));
#14838=IFCINDEXEDPOLYGONALFACE((544,546,1383,1354));
#14839=IFCINDEXEDPOLYGONALFACE((546,547,1382,1383));
#14840=IFCINDEXEDPOLYGONALFACE((547,548,1381,1382));
#14841=IFCINDEXEDPOLYGONALFACE((548,549,1380,1381));
#14842=IFCINDEXEDPOLYGONALFACE((515,534,538,517));
#14843=IFCINDEXEDPOLYGONALFACE((534,533,537,538));
#14844=IFCINDEXEDPOLYGONALFACE((533,532,536,537));
#14845=IFCINDEXEDPOLYGONALFACE((532,531,535,536));
#14846=IFCINDEXEDPOLYGONALFACE((513,530,534,515));
#14847=IFCINDEXEDPOLYGONALFACE((530,529,533,534));
#14848=IFCINDEXEDPOLYGONALFACE((529,528,532,533));
#14849=IFCINDEXEDPOLYGONALFACE((528,527,531,532));
#14850=IFCINDEXEDPOLYGONALFACE((511,526,530,513));
#14851=IFCINDEXEDPOLYGONALFACE((526,525,529,530));
#14852=IFCINDEXEDPOLYGONALFACE((525,524,528,529));
#14853=IFCINDEXEDPOLYGONALFACE((524,523,527,528));
#14854=IFCINDEXEDPOLYGONALFACE((509,522,526,511));
#14855=IFCINDEXEDPOLYGONALFACE((522,521,525,526));
#14856=IFCINDEXEDPOLYGONALFACE((521,520,524,525));
#14857=IFCINDEXEDPOLYGONALFACE((520,519,523,524));
#14858=IFCINDEXEDPOLYGONALFACE((542,550,522,509));
#14859=IFCINDEXEDPOLYGONALFACE((550,551,521,522));
#14860=IFCINDEXEDPOLYGONALFACE((551,552,520,521));
#14861=IFCINDEXEDPOLYGONALFACE((552,553,519,520));
#14862=IFCINDEXEDPOLYGONALFACE((544,1354,859,122));
#14863=IFCINDEXEDPOLYGONALFACE((515,517,39,38));
#14864=IFCINDEXEDPOLYGONALFACE((513,515,38,37));
#14865=IFCINDEXEDPOLYGONALFACE((542,509,35,131));
#14866=IFCINDEXEDPOLYGONALFACE((511,513,37,36));
#14867=IFCINDEXEDPOLYGONALFACE((509,511,36,35));
#14868=IFCINDEXEDPOLYGONALFACE((556,1386,1355,545));
#14869=IFCINDEXEDPOLYGONALFACE((512,510,539));
#14870=IFCINDEXEDPOLYGONALFACE((543,1343,1384,554));
#14871=IFCINDEXEDPOLYGONALFACE((554,1384,1385,555));
#14872=IFCINDEXEDPOLYGONALFACE((555,1385,1386,556));
#14873=IFCINDEXEDPOLYGONALFACE((514,512,539,540));
#14874=IFCINDEXEDPOLYGONALFACE((516,514,540,541));
#14875=IFCINDEXEDPOLYGONALFACE((518,516,541));
#14876=IFCINDEXEDPOLYGONALFACE((540,555,556,541));
#14877=IFCINDEXEDPOLYGONALFACE((539,554,555,540));
#14878=IFCINDEXEDPOLYGONALFACE((510,543,554,539));
#14879=IFCINDEXEDPOLYGONALFACE((541,556,545,518));
#14880=IFCINDEXEDPOLYGONALFACE((1342,542,131,854));
#14881=IFCINDEXEDPOLYGONALFACE((517,544,122,39));
#14882=IFCINDEXEDPOLYGONALFACE((1358,1359,553,552));
#14883=IFCINDEXEDPOLYGONALFACE((1357,1358,552,551));
#14884=IFCINDEXEDPOLYGONALFACE((1356,1357,551,550));
#14885=IFCINDEXEDPOLYGONALFACE((1342,1356,550,542));
#14886=IFCINDEXEDPOLYGONALFACE((536,535,549,548));
#14887=IFCINDEXEDPOLYGONALFACE((537,536,548,547));
#14888=IFCINDEXEDPOLYGONALFACE((538,537,547,546));
#14889=IFCINDEXEDPOLYGONALFACE((517,538,546,544));
#14890=IFCINDEXEDPOLYGONALFACE((535,518,545,549));
#14891=IFCINDEXEDPOLYGONALFACE((1359,1343,543,553));
#14892=IFCINDEXEDPOLYGONALFACE((694,237,238,688));
#14893=IFCINDEXEDPOLYGONALFACE((702,236,230,689));
#14894=IFCINDEXEDPOLYGONALFACE((787,778,561,690));
#14895=IFCINDEXEDPOLYGONALFACE((786,789,560,574));
#14896=IFCINDEXEDPOLYGONALFACE((782,788,558,578));
#14897=IFCINDEXEDPOLYGONALFACE((583,565,564,579));
#14898=IFCINDEXEDPOLYGONALFACE((693,231,232,691));
#14899=IFCINDEXEDPOLYGONALFACE((765,755,235,692));
#14900=IFCINDEXEDPOLYGONALFACE((689,230,231,693));
#14901=IFCINDEXEDPOLYGONALFACE((567,562,565,583));
#14902=IFCINDEXEDPOLYGONALFACE((692,235,237,694));
#14903=IFCINDEXEDPOLYGONALFACE((559,570,586,566));
#14904=IFCINDEXEDPOLYGONALFACE((570,569,585,586));
#14905=IFCINDEXEDPOLYGONALFACE((569,568,584,585));
#14906=IFCINDEXEDPOLYGONALFACE((568,567,583,584));
#14907=IFCINDEXEDPOLYGONALFACE((566,586,582,563));
#14908=IFCINDEXEDPOLYGONALFACE((586,585,581,582));
#14909=IFCINDEXEDPOLYGONALFACE((585,584,580,581));
#14910=IFCINDEXEDPOLYGONALFACE((584,583,579,580));
#14911=IFCINDEXEDPOLYGONALFACE((778,779,575,561));
#14912=IFCINDEXEDPOLYGONALFACE((779,780,576,575));
#14913=IFCINDEXEDPOLYGONALFACE((780,781,577,576));
#14914=IFCINDEXEDPOLYGONALFACE((781,782,578,577));
#14915=IFCINDEXEDPOLYGONALFACE((777,783,571,557));
#14916=IFCINDEXEDPOLYGONALFACE((783,784,572,571));
#14917=IFCINDEXEDPOLYGONALFACE((784,785,573,572));
#14918=IFCINDEXEDPOLYGONALFACE((785,786,574,573));
#14919=IFCINDEXEDPOLYGONALFACE((688,238,239,699));
#14920=IFCINDEXEDPOLYGONALFACE((699,239,700));
#14921=IFCINDEXEDPOLYGONALFACE((700,239,701));
#14922=IFCINDEXEDPOLYGONALFACE((701,239,236,702));
#14923=IFCINDEXEDPOLYGONALFACE((723,588,589,724));
#14924=IFCINDEXEDPOLYGONALFACE((740,703,608,657));
#14925=IFCINDEXEDPOLYGONALFACE((660,609,607,656));
#14926=IFCINDEXEDPOLYGONALFACE((738,704,609,660));
#14927=IFCINDEXEDPOLYGONALFACE((657,608,610,662));
#14928=IFCINDEXEDPOLYGONALFACE((725,592,593,726));
#14929=IFCINDEXEDPOLYGONALFACE((752,705,612,681));
#14930=IFCINDEXEDPOLYGONALFACE((684,613,611,680));
#14931=IFCINDEXEDPOLYGONALFACE((750,706,613,684));
#14932=IFCINDEXEDPOLYGONALFACE((681,612,614,686));
#14933=IFCINDEXEDPOLYGONALFACE((727,596,597,728));
#14934=IFCINDEXEDPOLYGONALFACE((748,707,616,673));
#14935=IFCINDEXEDPOLYGONALFACE((676,617,615,672));
#14936=IFCINDEXEDPOLYGONALFACE((746,708,617,676));
#14937=IFCINDEXEDPOLYGONALFACE((673,616,618,678));
#14938=IFCINDEXEDPOLYGONALFACE((729,600,601,730));
#14939=IFCINDEXEDPOLYGONALFACE((744,709,620,665));
#14940=IFCINDEXEDPOLYGONALFACE((668,621,619,664));
#14941=IFCINDEXEDPOLYGONALFACE((742,710,621,668));
#14942=IFCINDEXEDPOLYGONALFACE((665,620,622,670));
#14943=IFCINDEXEDPOLYGONALFACE((731,604,605,732));
#14944=IFCINDEXEDPOLYGONALFACE((736,711,624,649));
#14945=IFCINDEXEDPOLYGONALFACE((652,625,623,648));
#14946=IFCINDEXEDPOLYGONALFACE((734,712,625,652));
#14947=IFCINDEXEDPOLYGONALFACE((649,624,626,654));
#14948=IFCINDEXEDPOLYGONALFACE((713,628,608,703));
#14949=IFCINDEXEDPOLYGONALFACE((629,627,607,609));
#14950=IFCINDEXEDPOLYGONALFACE((714,629,609,704));
#14951=IFCINDEXEDPOLYGONALFACE((628,630,610,608));
#14952=IFCINDEXEDPOLYGONALFACE((715,632,612,705));
#14953=IFCINDEXEDPOLYGONALFACE((633,631,611,613));
#14954=IFCINDEXEDPOLYGONALFACE((716,633,613,706));
#14955=IFCINDEXEDPOLYGONALFACE((632,634,614,612));
#14956=IFCINDEXEDPOLYGONALFACE((717,636,616,707));
#14957=IFCINDEXEDPOLYGONALFACE((637,635,615,617));
#14958=IFCINDEXEDPOLYGONALFACE((718,637,617,708));
#14959=IFCINDEXEDPOLYGONALFACE((636,638,618,616));
#14960=IFCINDEXEDPOLYGONALFACE((719,640,620,709));
#14961=IFCINDEXEDPOLYGONALFACE((641,639,619,621));
#14962=IFCINDEXEDPOLYGONALFACE((720,641,621,710));
#14963=IFCINDEXEDPOLYGONALFACE((640,642,622,620));
#14964=IFCINDEXEDPOLYGONALFACE((721,644,624,711));
#14965=IFCINDEXEDPOLYGONALFACE((645,643,623,625));
#14966=IFCINDEXEDPOLYGONALFACE((722,645,625,712));
#14967=IFCINDEXEDPOLYGONALFACE((644,646,626,624));
#14968=IFCINDEXEDPOLYGONALFACE((723,587,628,713));
#14969=IFCINDEXEDPOLYGONALFACE((589,588,627,629));
#14970=IFCINDEXEDPOLYGONALFACE((724,589,629,714));
#14971=IFCINDEXEDPOLYGONALFACE((587,590,630,628));
#14972=IFCINDEXEDPOLYGONALFACE((725,591,632,715));
#14973=IFCINDEXEDPOLYGONALFACE((593,592,631,633));
#14974=IFCINDEXEDPOLYGONALFACE((726,593,633,716));
#14975=IFCINDEXEDPOLYGONALFACE((591,594,634,632));
#14976=IFCINDEXEDPOLYGONALFACE((727,595,636,717));
#14977=IFCINDEXEDPOLYGONALFACE((597,596,635,637));
#14978=IFCINDEXEDPOLYGONALFACE((728,597,637,718));
#14979=IFCINDEXEDPOLYGONALFACE((595,598,638,636));
#14980=IFCINDEXEDPOLYGONALFACE((729,599,640,719));
#14981=IFCINDEXEDPOLYGONALFACE((601,600,639,641));
#14982=IFCINDEXEDPOLYGONALFACE((730,601,641,720));
#14983=IFCINDEXEDPOLYGONALFACE((599,602,642,640));
#14984=IFCINDEXEDPOLYGONALFACE((731,603,644,721));
#14985=IFCINDEXEDPOLYGONALFACE((605,604,643,645));
#14986=IFCINDEXEDPOLYGONALFACE((732,605,645,722));
#14987=IFCINDEXEDPOLYGONALFACE((603,606,646,644));
#14988=IFCINDEXEDPOLYGONALFACE((572,650,653,571));
#14989=IFCINDEXEDPOLYGONALFACE((650,649,654,653));
#14990=IFCINDEXEDPOLYGONALFACE((698,733,651,578));
#14991=IFCINDEXEDPOLYGONALFACE((733,734,652,651));
#14992=IFCINDEXEDPOLYGONALFACE((578,651,647,577));
#14993=IFCINDEXEDPOLYGONALFACE((651,652,648,647));
#14994=IFCINDEXEDPOLYGONALFACE((697,735,650,572));
#14995=IFCINDEXEDPOLYGONALFACE((735,736,649,650));
#14996=IFCINDEXEDPOLYGONALFACE((571,658,661,557));
#14997=IFCINDEXEDPOLYGONALFACE((658,657,662,661));
#14998=IFCINDEXEDPOLYGONALFACE((687,737,659,558));
#14999=IFCINDEXEDPOLYGONALFACE((737,738,660,659));
#15000=IFCINDEXEDPOLYGONALFACE((558,659,655,578));
#15001=IFCINDEXEDPOLYGONALFACE((659,660,656,655));
#15002=IFCINDEXEDPOLYGONALFACE((698,739,658,571));
#15003=IFCINDEXEDPOLYGONALFACE((739,740,657,658));
#15004=IFCINDEXEDPOLYGONALFACE((573,666,669,572));
#15005=IFCINDEXEDPOLYGONALFACE((666,665,670,669));
#15006=IFCINDEXEDPOLYGONALFACE((697,741,667,577));
#15007=IFCINDEXEDPOLYGONALFACE((741,742,668,667));
#15008=IFCINDEXEDPOLYGONALFACE((577,667,663,576));
#15009=IFCINDEXEDPOLYGONALFACE((667,668,664,663));
#15010=IFCINDEXEDPOLYGONALFACE((696,743,666,573));
#15011=IFCINDEXEDPOLYGONALFACE((743,744,665,666));
#15012=IFCINDEXEDPOLYGONALFACE((574,674,677,573));
#15013=IFCINDEXEDPOLYGONALFACE((674,673,678,677));
#15014=IFCINDEXEDPOLYGONALFACE((696,745,675,576));
#15015=IFCINDEXEDPOLYGONALFACE((745,746,676,675));
#15016=IFCINDEXEDPOLYGONALFACE((576,675,671,575));
#15017=IFCINDEXEDPOLYGONALFACE((675,676,672,671));
#15018=IFCINDEXEDPOLYGONALFACE((695,747,674,574));
#15019=IFCINDEXEDPOLYGONALFACE((747,748,673,674));
#15020=IFCINDEXEDPOLYGONALFACE((560,682,685,574));
#15021=IFCINDEXEDPOLYGONALFACE((682,681,686,685));
#15022=IFCINDEXEDPOLYGONALFACE((695,749,683,575));
#15023=IFCINDEXEDPOLYGONALFACE((749,750,684,683));
#15024=IFCINDEXEDPOLYGONALFACE((575,683,679,561));
#15025=IFCINDEXEDPOLYGONALFACE((683,684,680,679));
#15026=IFCINDEXEDPOLYGONALFACE((690,751,682,560));
#15027=IFCINDEXEDPOLYGONALFACE((751,752,681,682));
#15028=IFCINDEXEDPOLYGONALFACE((679,680,752,751));
#15029=IFCINDEXEDPOLYGONALFACE((561,679,751,690));
#15030=IFCINDEXEDPOLYGONALFACE((685,686,750,749));
#15031=IFCINDEXEDPOLYGONALFACE((574,685,749,695));
#15032=IFCINDEXEDPOLYGONALFACE((671,672,748,747));
#15033=IFCINDEXEDPOLYGONALFACE((575,671,747,695));
#15034=IFCINDEXEDPOLYGONALFACE((677,678,746,745));
#15035=IFCINDEXEDPOLYGONALFACE((573,677,745,696));
#15036=IFCINDEXEDPOLYGONALFACE((663,664,744,743));
#15037=IFCINDEXEDPOLYGONALFACE((576,663,743,696));
#15038=IFCINDEXEDPOLYGONALFACE((669,670,742,741));
#15039=IFCINDEXEDPOLYGONALFACE((572,669,741,697));
#15040=IFCINDEXEDPOLYGONALFACE((655,656,740,739));
#15041=IFCINDEXEDPOLYGONALFACE((578,655,739,698));
#15042=IFCINDEXEDPOLYGONALFACE((661,662,738,737));
#15043=IFCINDEXEDPOLYGONALFACE((557,661,737,687));
#15044=IFCINDEXEDPOLYGONALFACE((647,648,736,735));
#15045=IFCINDEXEDPOLYGONALFACE((577,647,735,697));
#15046=IFCINDEXEDPOLYGONALFACE((653,654,734,733));
#15047=IFCINDEXEDPOLYGONALFACE((571,653,733,698));
#15048=IFCINDEXEDPOLYGONALFACE((606,732,722,646));
#15049=IFCINDEXEDPOLYGONALFACE((604,731,721,643));
#15050=IFCINDEXEDPOLYGONALFACE((602,730,720,642));
#15051=IFCINDEXEDPOLYGONALFACE((600,729,719,639));
#15052=IFCINDEXEDPOLYGONALFACE((598,728,718,638));
#15053=IFCINDEXEDPOLYGONALFACE((596,727,717,635));
#15054=IFCINDEXEDPOLYGONALFACE((594,726,716,634));
#15055=IFCINDEXEDPOLYGONALFACE((592,725,715,631));
#15056=IFCINDEXEDPOLYGONALFACE((590,724,714,630));
#15057=IFCINDEXEDPOLYGONALFACE((588,723,713,627));
#15058=IFCINDEXEDPOLYGONALFACE((646,722,712,626));
#15059=IFCINDEXEDPOLYGONALFACE((643,721,711,623));
#15060=IFCINDEXEDPOLYGONALFACE((642,720,710,622));
#15061=IFCINDEXEDPOLYGONALFACE((639,719,709,619));
#15062=IFCINDEXEDPOLYGONALFACE((638,718,708,618));
#15063=IFCINDEXEDPOLYGONALFACE((635,717,707,615));
#15064=IFCINDEXEDPOLYGONALFACE((634,716,706,614));
#15065=IFCINDEXEDPOLYGONALFACE((631,715,705,611));
#15066=IFCINDEXEDPOLYGONALFACE((630,714,704,610));
#15067=IFCINDEXEDPOLYGONALFACE((627,713,703,607));
#15068=IFCINDEXEDPOLYGONALFACE((654,626,712,734));
#15069=IFCINDEXEDPOLYGONALFACE((648,623,711,736));
#15070=IFCINDEXEDPOLYGONALFACE((603,731,732,606));
#15071=IFCINDEXEDPOLYGONALFACE((670,622,710,742));
#15072=IFCINDEXEDPOLYGONALFACE((664,619,709,744));
#15073=IFCINDEXEDPOLYGONALFACE((599,729,730,602));
#15074=IFCINDEXEDPOLYGONALFACE((678,618,708,746));
#15075=IFCINDEXEDPOLYGONALFACE((672,615,707,748));
#15076=IFCINDEXEDPOLYGONALFACE((595,727,728,598));
#15077=IFCINDEXEDPOLYGONALFACE((686,614,706,750));
#15078=IFCINDEXEDPOLYGONALFACE((680,611,705,752));
#15079=IFCINDEXEDPOLYGONALFACE((591,725,726,594));
#15080=IFCINDEXEDPOLYGONALFACE((662,610,704,738));
#15081=IFCINDEXEDPOLYGONALFACE((656,607,703,740));
#15082=IFCINDEXEDPOLYGONALFACE((587,723,724,590));
#15083=IFCINDEXEDPOLYGONALFACE((568,701,702,567));
#15084=IFCINDEXEDPOLYGONALFACE((569,700,701,568));
#15085=IFCINDEXEDPOLYGONALFACE((570,699,700,569));
#15086=IFCINDEXEDPOLYGONALFACE((559,688,699,570));
#15087=IFCINDEXEDPOLYGONALFACE((563,692,694,566));
#15088=IFCINDEXEDPOLYGONALFACE((562,689,693,565));
#15089=IFCINDEXEDPOLYGONALFACE((753,765,692,563));
#15090=IFCINDEXEDPOLYGONALFACE((565,693,691,564));
#15091=IFCINDEXEDPOLYGONALFACE((789,787,690,560));
#15092=IFCINDEXEDPOLYGONALFACE((567,702,689,562));
#15093=IFCINDEXEDPOLYGONALFACE((566,694,688,559));
#15094=IFCINDEXEDPOLYGONALFACE((564,691,766,756));
#15095=IFCINDEXEDPOLYGONALFACE((766,754,800,791));
#15096=IFCINDEXEDPOLYGONALFACE((580,579,764,763));
#15097=IFCINDEXEDPOLYGONALFACE((581,580,763,762));
#15098=IFCINDEXEDPOLYGONALFACE((582,581,762,761));
#15099=IFCINDEXEDPOLYGONALFACE((563,582,761,753));
#15100=IFCINDEXEDPOLYGONALFACE((234,760,759));
#15101=IFCINDEXEDPOLYGONALFACE((234,759,758));
#15102=IFCINDEXEDPOLYGONALFACE((233,234,758,757));
#15103=IFCINDEXEDPOLYGONALFACE((232,233,757,754));
#15104=IFCINDEXEDPOLYGONALFACE((801,802,765,753));
#15105=IFCINDEXEDPOLYGONALFACE((234,235,755,760));
#15106=IFCINDEXEDPOLYGONALFACE((579,564,756,764));
#15107=IFCINDEXEDPOLYGONALFACE((691,232,754,766));
#15108=IFCINDEXEDPOLYGONALFACE((269,264,776,773));
#15109=IFCINDEXEDPOLYGONALFACE((263,249,775,772));
#15110=IFCINDEXEDPOLYGONALFACE((260,243,774,771));
#15111=IFCINDEXEDPOLYGONALFACE((257,269,773,770));
#15112=IFCINDEXEDPOLYGONALFACE((264,263,772,776));
#15113=IFCINDEXEDPOLYGONALFACE((254,260,771,769));
#15114=IFCINDEXEDPOLYGONALFACE((242,257,770,767));
#15115=IFCINDEXEDPOLYGONALFACE((248,254,769,768));
#15116=IFCINDEXEDPOLYGONALFACE((249,248,768,775));
#15117=IFCINDEXEDPOLYGONALFACE((243,242,767,774));
#15118=IFCINDEXEDPOLYGONALFACE((687,558,788,790));
#15119=IFCINDEXEDPOLYGONALFACE((557,687,790,777));
#15120=IFCINDEXEDPOLYGONALFACE((802,804,755,765));
#15121=IFCINDEXEDPOLYGONALFACE((803,791,787,789));
#15122=IFCINDEXEDPOLYGONALFACE((793,792,786,785));
#15123=IFCINDEXEDPOLYGONALFACE((794,793,785,784));
#15124=IFCINDEXEDPOLYGONALFACE((795,794,784,783));
#15125=IFCINDEXEDPOLYGONALFACE((801,795,783,777));
#15126=IFCINDEXEDPOLYGONALFACE((797,796,782,781));
#15127=IFCINDEXEDPOLYGONALFACE((798,797,781,780));
#15128=IFCINDEXEDPOLYGONALFACE((799,798,780,779));
#15129=IFCINDEXEDPOLYGONALFACE((800,799,779,778));
#15130=IFCINDEXEDPOLYGONALFACE((796,804,788,782));
#15131=IFCINDEXEDPOLYGONALFACE((792,803,789,786));
#15132=IFCINDEXEDPOLYGONALFACE((777,790,802,801));
#15133=IFCINDEXEDPOLYGONALFACE((790,788,804,802));
#15134=IFCINDEXEDPOLYGONALFACE((756,766,791,803));
#15135=IFCINDEXEDPOLYGONALFACE((763,764,792,793));
#15136=IFCINDEXEDPOLYGONALFACE((762,763,793,794));
#15137=IFCINDEXEDPOLYGONALFACE((761,762,794,795));
#15138=IFCINDEXEDPOLYGONALFACE((753,761,795,801));
#15139=IFCINDEXEDPOLYGONALFACE((759,760,796,797));
#15140=IFCINDEXEDPOLYGONALFACE((758,759,797,798));
#15141=IFCINDEXEDPOLYGONALFACE((757,758,798,799));
#15142=IFCINDEXEDPOLYGONALFACE((754,757,799,800));
#15143=IFCINDEXEDPOLYGONALFACE((760,755,804,796));
#15144=IFCINDEXEDPOLYGONALFACE((764,756,803,792));
#15145=IFCINDEXEDPOLYGONALFACE((791,800,778,787));
#15146=IFCINDEXEDPOLYGONALFACE((951,823,879,954));
#15147=IFCINDEXEDPOLYGONALFACE((823,827,878,879));
#15148=IFCINDEXEDPOLYGONALFACE((812,860,862,814));
#15149=IFCINDEXEDPOLYGONALFACE((810,861,860,812));
#15150=IFCINDEXEDPOLYGONALFACE((834,838,870,872));
#15151=IFCINDEXEDPOLYGONALFACE((942,842,869,945));
#15152=IFCINDEXEDPOLYGONALFACE((1007,1006,845,939));
#15153=IFCINDEXEDPOLYGONALFACE((1106,1105,844,940));
#15154=IFCINDEXEDPOLYGONALFACE((1340,1339,843,941));
#15155=IFCINDEXEDPOLYGONALFACE((941,843,842,942));
#15156=IFCINDEXEDPOLYGONALFACE((1004,1005,841,837));
#15157=IFCINDEXEDPOLYGONALFACE((1103,1104,840,836));
#15158=IFCINDEXEDPOLYGONALFACE((1337,1338,839,835));
#15159=IFCINDEXEDPOLYGONALFACE((835,839,838,834));
#15160=IFCINDEXEDPOLYGONALFACE((1003,1004,837,833));
#15161=IFCINDEXEDPOLYGONALFACE((1102,1103,836,832));
#15162=IFCINDEXEDPOLYGONALFACE((1336,1337,835,831));
#15163=IFCINDEXEDPOLYGONALFACE((862,867,871,874));
#15164=IFCINDEXEDPOLYGONALFACE((1002,1003,833,830));
#15165=IFCINDEXEDPOLYGONALFACE((1101,1102,832,829));
#15166=IFCINDEXEDPOLYGONALFACE((1335,1336,831,828));
#15167=IFCINDEXEDPOLYGONALFACE((828,884,888,876));
#15168=IFCINDEXEDPOLYGONALFACE((1001,1002,830,826));
#15169=IFCINDEXEDPOLYGONALFACE((1100,1101,829,825));
#15170=IFCINDEXEDPOLYGONALFACE((1334,1335,828,824));
#15171=IFCINDEXEDPOLYGONALFACE((824,828,827,823));
#15172=IFCINDEXEDPOLYGONALFACE((1008,1001,826,948));
#15173=IFCINDEXEDPOLYGONALFACE((1107,1100,825,949));
#15174=IFCINDEXEDPOLYGONALFACE((1341,1334,824,950));
#15175=IFCINDEXEDPOLYGONALFACE((950,824,823,951));
#15176=IFCINDEXEDPOLYGONALFACE((938,943,851,816));
#15177=IFCINDEXEDPOLYGONALFACE((816,851,850,814));
#15178=IFCINDEXEDPOLYGONALFACE((814,850,849,812));
#15179=IFCINDEXEDPOLYGONALFACE((947,952,847,806));
#15180=IFCINDEXEDPOLYGONALFACE((812,849,848,810));
#15181=IFCINDEXEDPOLYGONALFACE((810,848,846,808));
#15182=IFCINDEXEDPOLYGONALFACE((851,858,857,850));
#15183=IFCINDEXEDPOLYGONALFACE((848,855,853,846));
#15184=IFCINDEXEDPOLYGONALFACE((943,944,858,851));
#15185=IFCINDEXEDPOLYGONALFACE((849,856,855,848));
#15186=IFCINDEXEDPOLYGONALFACE((850,857,856,849));
#15187=IFCINDEXEDPOLYGONALFACE((952,953,854,847));
#15188=IFCINDEXEDPOLYGONALFACE((863,865,860,861));
#15189=IFCINDEXEDPOLYGONALFACE((865,867,862,860));
#15190=IFCINDEXEDPOLYGONALFACE((866,868,867,865));
#15191=IFCINDEXEDPOLYGONALFACE((864,866,865,863));
#15192=IFCINDEXEDPOLYGONALFACE((827,877,880,878));
#15193=IFCINDEXEDPOLYGONALFACE((834,871,873,835));
#15194=IFCINDEXEDPOLYGONALFACE((868,886,883,873));
#15195=IFCINDEXEDPOLYGONALFACE((828,876,877,827));
#15196=IFCINDEXEDPOLYGONALFACE((877,863,861,880));
#15197=IFCINDEXEDPOLYGONALFACE((871,867,868,873));
#15198=IFCINDEXEDPOLYGONALFACE((870,816,814,872));
#15199=IFCINDEXEDPOLYGONALFACE((871,834,872,874));
#15200=IFCINDEXEDPOLYGONALFACE((945,938,816,870));
#15201=IFCINDEXEDPOLYGONALFACE((954,947,806,875));
#15202=IFCINDEXEDPOLYGONALFACE((878,810,808,879));
#15203=IFCINDEXEDPOLYGONALFACE((876,864,863,877));
#15204=IFCINDEXEDPOLYGONALFACE((880,861,810,878));
#15205=IFCINDEXEDPOLYGONALFACE((814,862,874,872));
#15206=IFCINDEXEDPOLYGONALFACE((881,889,892,884));
#15207=IFCINDEXEDPOLYGONALFACE((885,893,894,886));
#15208=IFCINDEXEDPOLYGONALFACE((873,883,882,835));
#15209=IFCINDEXEDPOLYGONALFACE((864,887,885,866));
#15210=IFCINDEXEDPOLYGONALFACE((831,881,884,828));
#15211=IFCINDEXEDPOLYGONALFACE((866,885,886,868));
#15212=IFCINDEXEDPOLYGONALFACE((876,888,887,864));
#15213=IFCINDEXEDPOLYGONALFACE((835,882,881,831));
#15214=IFCINDEXEDPOLYGONALFACE((908,904,903,916));
#15215=IFCINDEXEDPOLYGONALFACE((909,900,904,908));
#15216=IFCINDEXEDPOLYGONALFACE((882,890,889,881));
#15217=IFCINDEXEDPOLYGONALFACE((886,894,891,883));
#15218=IFCINDEXEDPOLYGONALFACE((887,895,893,885));
#15219=IFCINDEXEDPOLYGONALFACE((883,891,890,882));
#15220=IFCINDEXEDPOLYGONALFACE((884,892,896,888));
#15221=IFCINDEXEDPOLYGONALFACE((888,896,895,887));
#15222=IFCINDEXEDPOLYGONALFACE((921,901,902,920));
#15223=IFCINDEXEDPOLYGONALFACE((925,897,900,909));
#15224=IFCINDEXEDPOLYGONALFACE((929,898,897,925));
#15225=IFCINDEXEDPOLYGONALFACE((920,902,899,936));
#15226=IFCINDEXEDPOLYGONALFACE((916,903,901,921));
#15227=IFCINDEXEDPOLYGONALFACE((936,899,898,929));
#15228=IFCINDEXEDPOLYGONALFACE((891,933,932,890));
#15229=IFCINDEXEDPOLYGONALFACE((933,934,931,932));
#15230=IFCINDEXEDPOLYGONALFACE((934,935,930,931));
#15231=IFCINDEXEDPOLYGONALFACE((935,936,929,930));
#15232=IFCINDEXEDPOLYGONALFACE((895,913,924,893));
#15233=IFCINDEXEDPOLYGONALFACE((913,914,923,924));
#15234=IFCINDEXEDPOLYGONALFACE((914,915,922,923));
#15235=IFCINDEXEDPOLYGONALFACE((915,916,921,922));
#15236=IFCINDEXEDPOLYGONALFACE((894,917,933,891));
#15237=IFCINDEXEDPOLYGONALFACE((917,918,934,933));
#15238=IFCINDEXEDPOLYGONALFACE((918,919,935,934));
#15239=IFCINDEXEDPOLYGONALFACE((919,920,936,935));
#15240=IFCINDEXEDPOLYGONALFACE((890,932,928,889));
#15241=IFCINDEXEDPOLYGONALFACE((932,931,927,928));
#15242=IFCINDEXEDPOLYGONALFACE((931,930,926,927));
#15243=IFCINDEXEDPOLYGONALFACE((930,929,925,926));
#15244=IFCINDEXEDPOLYGONALFACE((889,928,912,892));
#15245=IFCINDEXEDPOLYGONALFACE((928,927,911,912));
#15246=IFCINDEXEDPOLYGONALFACE((927,926,910,911));
#15247=IFCINDEXEDPOLYGONALFACE((926,925,909,910));
#15248=IFCINDEXEDPOLYGONALFACE((893,924,917,894));
#15249=IFCINDEXEDPOLYGONALFACE((924,923,918,917));
#15250=IFCINDEXEDPOLYGONALFACE((923,922,919,918));
#15251=IFCINDEXEDPOLYGONALFACE((922,921,920,919));
#15252=IFCINDEXEDPOLYGONALFACE((892,912,905,896));
#15253=IFCINDEXEDPOLYGONALFACE((912,911,906,905));
#15254=IFCINDEXEDPOLYGONALFACE((911,910,907,906));
#15255=IFCINDEXEDPOLYGONALFACE((910,909,908,907));
#15256=IFCINDEXEDPOLYGONALFACE((896,905,913,895));
#15257=IFCINDEXEDPOLYGONALFACE((905,906,914,913));
#15258=IFCINDEXEDPOLYGONALFACE((906,907,915,914));
#15259=IFCINDEXEDPOLYGONALFACE((907,908,916,915));
#15260=IFCINDEXEDPOLYGONALFACE((869,818,938,945));
#15261=IFCINDEXEDPOLYGONALFACE((852,859,944,943));
#15262=IFCINDEXEDPOLYGONALFACE((818,852,943,938));
#15263=IFCINDEXEDPOLYGONALFACE((839,941,942,838));
#15264=IFCINDEXEDPOLYGONALFACE((1338,1340,941,839));
#15265=IFCINDEXEDPOLYGONALFACE((1104,1106,940,840));
#15266=IFCINDEXEDPOLYGONALFACE((1005,1007,939,841));
#15267=IFCINDEXEDPOLYGONALFACE((838,942,945,870));
#15268=IFCINDEXEDPOLYGONALFACE((879,808,947,954));
#15269=IFCINDEXEDPOLYGONALFACE((846,853,953,952));
#15270=IFCINDEXEDPOLYGONALFACE((808,846,952,947));
#15271=IFCINDEXEDPOLYGONALFACE((821,950,951,822));
#15272=IFCINDEXEDPOLYGONALFACE((1333,1341,950,821));
#15273=IFCINDEXEDPOLYGONALFACE((1099,1107,949,820));
#15274=IFCINDEXEDPOLYGONALFACE((1000,1008,948,819));
#15275=IFCINDEXEDPOLYGONALFACE((822,951,954,875));
#15276=IFCINDEXEDPOLYGONALFACE((957,946,805,960));
#15277=IFCINDEXEDPOLYGONALFACE((937,955,958,817));
#15278=IFCINDEXEDPOLYGONALFACE((955,956,959,958));
#15279=IFCINDEXEDPOLYGONALFACE((956,957,960,959));
#15280=IFCINDEXEDPOLYGONALFACE((972,966,968,971));
#15281=IFCINDEXEDPOLYGONALFACE((971,968,969,973));
#15282=IFCINDEXEDPOLYGONALFACE((974,965,966,972));
#15283=IFCINDEXEDPOLYGONALFACE((976,970,967,975));
#15284=IFCINDEXEDPOLYGONALFACE((973,969,970,976));
#15285=IFCINDEXEDPOLYGONALFACE((977,964,965,974));
#15286=IFCINDEXEDPOLYGONALFACE((978,963,964,977));
#15287=IFCINDEXEDPOLYGONALFACE((975,967,961,979));
#15288=IFCINDEXEDPOLYGONALFACE((980,962,963,978));
#15289=IFCINDEXEDPOLYGONALFACE((979,961,962,980));
#15290=IFCINDEXEDPOLYGONALFACE((990,979,980,986));
#15291=IFCINDEXEDPOLYGONALFACE((986,980,978,985));
#15292=IFCINDEXEDPOLYGONALFACE((989,975,979,990));
#15293=IFCINDEXEDPOLYGONALFACE((985,978,977,984));
#15294=IFCINDEXEDPOLYGONALFACE((984,977,974,982));
#15295=IFCINDEXEDPOLYGONALFACE((988,973,976,983));
#15296=IFCINDEXEDPOLYGONALFACE((983,976,975,989));
#15297=IFCINDEXEDPOLYGONALFACE((982,974,972,981));
#15298=IFCINDEXEDPOLYGONALFACE((987,971,973,988));
#15299=IFCINDEXEDPOLYGONALFACE((981,972,971,987));
#15300=IFCINDEXEDPOLYGONALFACE((937,981,987,955));
#15301=IFCINDEXEDPOLYGONALFACE((955,987,988,956));
#15302=IFCINDEXEDPOLYGONALFACE((815,982,981,937));
#15303=IFCINDEXEDPOLYGONALFACE((957,983,989,946));
#15304=IFCINDEXEDPOLYGONALFACE((956,988,983,957));
#15305=IFCINDEXEDPOLYGONALFACE((813,984,982,815));
#15306=IFCINDEXEDPOLYGONALFACE((811,985,984,813));
#15307=IFCINDEXEDPOLYGONALFACE((946,989,990,807));
#15308=IFCINDEXEDPOLYGONALFACE((809,986,985,811));
#15309=IFCINDEXEDPOLYGONALFACE((807,990,986,809));
#15310=IFCINDEXEDPOLYGONALFACE((805,946,999,997));
#15311=IFCINDEXEDPOLYGONALFACE((815,937,998,995));
#15312=IFCINDEXEDPOLYGONALFACE((946,807,991,999));
#15313=IFCINDEXEDPOLYGONALFACE((807,809,992,991));
#15314=IFCINDEXEDPOLYGONALFACE((809,811,993,992));
#15315=IFCINDEXEDPOLYGONALFACE((811,813,994,993));
#15316=IFCINDEXEDPOLYGONALFACE((813,815,995,994));
#15317=IFCINDEXEDPOLYGONALFACE((937,817,996,998));
#15318=IFCINDEXEDPOLYGONALFACE((997,999,1008,1000));
#15319=IFCINDEXEDPOLYGONALFACE((995,998,1007,1005));
#15320=IFCINDEXEDPOLYGONALFACE((999,991,1001,1008));
#15321=IFCINDEXEDPOLYGONALFACE((991,992,1002,1001));
#15322=IFCINDEXEDPOLYGONALFACE((992,993,1003,1002));
#15323=IFCINDEXEDPOLYGONALFACE((993,994,1004,1003));
#15324=IFCINDEXEDPOLYGONALFACE((994,995,1005,1004));
#15325=IFCINDEXEDPOLYGONALFACE((998,996,1006,1007));
#15326=IFCINDEXEDPOLYGONALFACE((968,1016,1017,969));
#15327=IFCINDEXEDPOLYGONALFACE((965,1013,1014,966));
#15328=IFCINDEXEDPOLYGONALFACE((962,1010,1011,963));
#15329=IFCINDEXEDPOLYGONALFACE((969,1017,1018,970));
#15330=IFCINDEXEDPOLYGONALFACE((970,1018,1015,967));
#15331=IFCINDEXEDPOLYGONALFACE((963,1011,1012,964));
#15332=IFCINDEXEDPOLYGONALFACE((967,1015,1009,961));
#15333=IFCINDEXEDPOLYGONALFACE((966,1014,1016,968));
#15334=IFCINDEXEDPOLYGONALFACE((964,1012,1013,965));
#15335=IFCINDEXEDPOLYGONALFACE((961,1009,1010,962));
#15336=IFCINDEXEDPOLYGONALFACE((1018,1028,1025,1015));
#15337=IFCINDEXEDPOLYGONALFACE((1011,1021,1022,1012));
#15338=IFCINDEXEDPOLYGONALFACE((1015,1025,1019,1009));
#15339=IFCINDEXEDPOLYGONALFACE((1014,1024,1026,1016));
#15340=IFCINDEXEDPOLYGONALFACE((1012,1022,1023,1013));
#15341=IFCINDEXEDPOLYGONALFACE((1009,1019,1020,1010));
#15342=IFCINDEXEDPOLYGONALFACE((1016,1026,1027,1017));
#15343=IFCINDEXEDPOLYGONALFACE((1013,1023,1024,1014));
#15344=IFCINDEXEDPOLYGONALFACE((1010,1020,1021,1011));
#15345=IFCINDEXEDPOLYGONALFACE((1017,1027,1028,1018));
#15346=IFCINDEXEDPOLYGONALFACE((1021,1031,1032,1022));
#15347=IFCINDEXEDPOLYGONALFACE((1025,1035,1029,1019));
#15348=IFCINDEXEDPOLYGONALFACE((1024,1034,1036,1026));
#15349=IFCINDEXEDPOLYGONALFACE((1022,1032,1033,1023));
#15350=IFCINDEXEDPOLYGONALFACE((1019,1029,1030,1020));
#15351=IFCINDEXEDPOLYGONALFACE((1026,1036,1037,1027));
#15352=IFCINDEXEDPOLYGONALFACE((1023,1033,1034,1024));
#15353=IFCINDEXEDPOLYGONALFACE((1020,1030,1031,1021));
#15354=IFCINDEXEDPOLYGONALFACE((1027,1037,1038,1028));
#15355=IFCINDEXEDPOLYGONALFACE((1028,1038,1035,1025));
#15356=IFCINDEXEDPOLYGONALFACE((1036,1046,1047,1037));
#15357=IFCINDEXEDPOLYGONALFACE((1033,1043,1044,1034));
#15358=IFCINDEXEDPOLYGONALFACE((1030,1040,1041,1031));
#15359=IFCINDEXEDPOLYGONALFACE((1037,1047,1048,1038));
#15360=IFCINDEXEDPOLYGONALFACE((1038,1048,1045,1035));
#15361=IFCINDEXEDPOLYGONALFACE((1031,1041,1042,1032));
#15362=IFCINDEXEDPOLYGONALFACE((1035,1045,1039,1029));
#15363=IFCINDEXEDPOLYGONALFACE((1034,1044,1046,1036));
#15364=IFCINDEXEDPOLYGONALFACE((1032,1042,1043,1033));
#15365=IFCINDEXEDPOLYGONALFACE((1029,1039,1040,1030));
#15366=IFCINDEXEDPOLYGONALFACE((1043,1053,1054,1044));
#15367=IFCINDEXEDPOLYGONALFACE((1040,1050,1051,1041));
#15368=IFCINDEXEDPOLYGONALFACE((1047,1057,1058,1048));
#15369=IFCINDEXEDPOLYGONALFACE((1048,1058,1055,1045));
#15370=IFCINDEXEDPOLYGONALFACE((1041,1051,1052,1042));
#15371=IFCINDEXEDPOLYGONALFACE((1045,1055,1049,1039));
#15372=IFCINDEXEDPOLYGONALFACE((1044,1054,1056,1046));
#15373=IFCINDEXEDPOLYGONALFACE((1042,1052,1053,1043));
#15374=IFCINDEXEDPOLYGONALFACE((1039,1049,1050,1040));
#15375=IFCINDEXEDPOLYGONALFACE((1046,1056,1057,1047));
#15376=IFCINDEXEDPOLYGONALFACE((1622,1060,1061,1615));
#15377=IFCINDEXEDPOLYGONALFACE((1623,1067,1068,1616));
#15378=IFCINDEXEDPOLYGONALFACE((1616,1068,1065,1617));
#15379=IFCINDEXEDPOLYGONALFACE((1615,1061,1062,1618));
#15380=IFCINDEXEDPOLYGONALFACE((1617,1065,1059,1619));
#15381=IFCINDEXEDPOLYGONALFACE((1624,1064,1066,1620));
#15382=IFCINDEXEDPOLYGONALFACE((1618,1062,1063,1621));
#15383=IFCINDEXEDPOLYGONALFACE((1619,1059,1060,1622));
#15384=IFCINDEXEDPOLYGONALFACE((1620,1066,1067,1623));
#15385=IFCINDEXEDPOLYGONALFACE((1621,1063,1064,1624));
#15386=IFCINDEXEDPOLYGONALFACE((1053,1096,1095,1054));
#15387=IFCINDEXEDPOLYGONALFACE((1096,1097,1094,1095));
#15388=IFCINDEXEDPOLYGONALFACE((1097,1098,1093,1094));
#15389=IFCINDEXEDPOLYGONALFACE((1056,1090,1080,1057));
#15390=IFCINDEXEDPOLYGONALFACE((1090,1091,1079,1080));
#15391=IFCINDEXEDPOLYGONALFACE((1091,1092,1078,1079));
#15392=IFCINDEXEDPOLYGONALFACE((1049,1087,1074,1050));
#15393=IFCINDEXEDPOLYGONALFACE((1087,1088,1073,1074));
#15394=IFCINDEXEDPOLYGONALFACE((1088,1089,1072,1073));
#15395=IFCINDEXEDPOLYGONALFACE((1052,1084,1096,1053));
#15396=IFCINDEXEDPOLYGONALFACE((1084,1085,1097,1096));
#15397=IFCINDEXEDPOLYGONALFACE((1085,1086,1098,1097));
#15398=IFCINDEXEDPOLYGONALFACE((1054,1095,1090,1056));
#15399=IFCINDEXEDPOLYGONALFACE((1095,1094,1091,1090));
#15400=IFCINDEXEDPOLYGONALFACE((1094,1093,1092,1091));
#15401=IFCINDEXEDPOLYGONALFACE((1055,1081,1087,1049));
#15402=IFCINDEXEDPOLYGONALFACE((1081,1082,1088,1087));
#15403=IFCINDEXEDPOLYGONALFACE((1082,1083,1089,1088));
#15404=IFCINDEXEDPOLYGONALFACE((1051,1069,1084,1052));
#15405=IFCINDEXEDPOLYGONALFACE((1069,1070,1085,1084));
#15406=IFCINDEXEDPOLYGONALFACE((1070,1071,1086,1085));
#15407=IFCINDEXEDPOLYGONALFACE((1058,1075,1081,1055));
#15408=IFCINDEXEDPOLYGONALFACE((1075,1076,1082,1081));
#15409=IFCINDEXEDPOLYGONALFACE((1076,1077,1083,1082));
#15410=IFCINDEXEDPOLYGONALFACE((1057,1080,1075,1058));
#15411=IFCINDEXEDPOLYGONALFACE((1080,1079,1076,1075));
#15412=IFCINDEXEDPOLYGONALFACE((1079,1078,1077,1076));
#15413=IFCINDEXEDPOLYGONALFACE((1050,1074,1069,1051));
#15414=IFCINDEXEDPOLYGONALFACE((1074,1073,1070,1069));
#15415=IFCINDEXEDPOLYGONALFACE((1073,1072,1071,1070));
#15416=IFCINDEXEDPOLYGONALFACE((819,948,1107,1099));
#15417=IFCINDEXEDPOLYGONALFACE((841,939,1106,1104));
#15418=IFCINDEXEDPOLYGONALFACE((948,826,1100,1107));
#15419=IFCINDEXEDPOLYGONALFACE((826,830,1101,1100));
#15420=IFCINDEXEDPOLYGONALFACE((830,833,1102,1101));
#15421=IFCINDEXEDPOLYGONALFACE((833,837,1103,1102));
#15422=IFCINDEXEDPOLYGONALFACE((837,841,1104,1103));
#15423=IFCINDEXEDPOLYGONALFACE((939,845,1105,1106));
#15424=IFCINDEXEDPOLYGONALFACE((1190,1180,1111,1123));
#15425=IFCINDEXEDPOLYGONALFACE((1187,899,902,1129));
#15426=IFCINDEXEDPOLYGONALFACE((1145,1126,1108,1112));
#15427=IFCINDEXEDPOLYGONALFACE((1136,1129,902,901));
#15428=IFCINDEXEDPOLYGONALFACE((1121,1130,901,903));
#15429=IFCINDEXEDPOLYGONALFACE((1130,1133,901));
#15430=IFCINDEXEDPOLYGONALFACE((1133,1136,901));
#15431=IFCINDEXEDPOLYGONALFACE((1118,1139,1114,1110));
#15432=IFCINDEXEDPOLYGONALFACE((1139,1142,1113,1114));
#15433=IFCINDEXEDPOLYGONALFACE((1142,1145,1112,1113));
#15434=IFCINDEXEDPOLYGONALFACE((897,1147,1144));
#15435=IFCINDEXEDPOLYGONALFACE((1144,1147,1146,1143));
#15436=IFCINDEXEDPOLYGONALFACE((1139,1140,1143,1142));
#15437=IFCINDEXEDPOLYGONALFACE((897,1144,1141));
#15438=IFCINDEXEDPOLYGONALFACE((1141,1144,1143,1140));
#15439=IFCINDEXEDPOLYGONALFACE((1118,1119,1140,1139));
#15440=IFCINDEXEDPOLYGONALFACE((900,897,1141,1120));
#15441=IFCINDEXEDPOLYGONALFACE((1120,1141,1140,1119));
#15442=IFCINDEXEDPOLYGONALFACE((1134,1135,1138,1137));
#15443=IFCINDEXEDPOLYGONALFACE((1116,1117,1138,1135));
#15444=IFCINDEXEDPOLYGONALFACE((1131,1132,1135,1134));
#15445=IFCINDEXEDPOLYGONALFACE((1134,1137,1136,1133));
#15446=IFCINDEXEDPOLYGONALFACE((1115,1116,1135,1132));
#15447=IFCINDEXEDPOLYGONALFACE((1122,1123,1132,1131));
#15448=IFCINDEXEDPOLYGONALFACE((1131,1134,1133,1130));
#15449=IFCINDEXEDPOLYGONALFACE((1111,1115,1132,1123));
#15450=IFCINDEXEDPOLYGONALFACE((1137,1138,1127,1128));
#15451=IFCINDEXEDPOLYGONALFACE((1320,1126,1125,1315));
#15452=IFCINDEXEDPOLYGONALFACE((1122,1131,1130,1121));
#15453=IFCINDEXEDPOLYGONALFACE((1117,1109,1127,1138));
#15454=IFCINDEXEDPOLYGONALFACE((1145,1146,1125,1126));
#15455=IFCINDEXEDPOLYGONALFACE((1326,1185,1126,1320));
#15456=IFCINDEXEDPOLYGONALFACE((1137,1128,1129,1136));
#15457=IFCINDEXEDPOLYGONALFACE((897,898,1124,1147));
#15458=IFCINDEXEDPOLYGONALFACE((1147,1124,1125,1146));
#15459=IFCINDEXEDPOLYGONALFACE((1119,1118,1190,1189));
#15460=IFCINDEXEDPOLYGONALFACE((1309,1127,1185,1326));
#15461=IFCINDEXEDPOLYGONALFACE((1181,1185,1127,1109));
#15462=IFCINDEXEDPOLYGONALFACE((1186,1187,1129,1128));
#15463=IFCINDEXEDPOLYGONALFACE((904,1188,1121,903));
#15464=IFCINDEXEDPOLYGONALFACE((1188,1189,1122,1121));
#15465=IFCINDEXEDPOLYGONALFACE((1315,1125,1186,1323));
#15466=IFCINDEXEDPOLYGONALFACE((1323,1186,1128,1312));
#15467=IFCINDEXEDPOLYGONALFACE((1191,1192,1150,1149));
#15468=IFCINDEXEDPOLYGONALFACE((1222,1216,1280,1279));
#15469=IFCINDEXEDPOLYGONALFACE((1212,1209,1282,1281));
#15470=IFCINDEXEDPOLYGONALFACE((1219,1212,1281,1283));
#15471=IFCINDEXEDPOLYGONALFACE((1216,1215,1284,1280));
#15472=IFCINDEXEDPOLYGONALFACE((1193,1194,1154,1153));
#15473=IFCINDEXEDPOLYGONALFACE((1276,1270,1286,1285));
#15474=IFCINDEXEDPOLYGONALFACE((1266,1263,1288,1287));
#15475=IFCINDEXEDPOLYGONALFACE((1273,1266,1287,1289));
#15476=IFCINDEXEDPOLYGONALFACE((1270,1269,1290,1286));
#15477=IFCINDEXEDPOLYGONALFACE((1195,1196,1158,1157));
#15478=IFCINDEXEDPOLYGONALFACE((1258,1252,1292,1291));
#15479=IFCINDEXEDPOLYGONALFACE((1248,1245,1294,1293));
#15480=IFCINDEXEDPOLYGONALFACE((1255,1248,1293,1295));
#15481=IFCINDEXEDPOLYGONALFACE((1252,1251,1296,1292));
#15482=IFCINDEXEDPOLYGONALFACE((1197,1198,1162,1161));
#15483=IFCINDEXEDPOLYGONALFACE((1240,1234,1298,1297));
#15484=IFCINDEXEDPOLYGONALFACE((1230,1227,1300,1299));
#15485=IFCINDEXEDPOLYGONALFACE((1237,1230,1299,1301));
#15486=IFCINDEXEDPOLYGONALFACE((1234,1233,1302,1298));
#15487=IFCINDEXEDPOLYGONALFACE((1112,1108,1167,1165));
#15488=IFCINDEXEDPOLYGONALFACE((1181,1109,1166,1199));
#15489=IFCINDEXEDPOLYGONALFACE((1109,1117,1164,1166));
#15490=IFCINDEXEDPOLYGONALFACE((1184,1112,1165,1200));
#15491=IFCINDEXEDPOLYGONALFACE((1113,1112,1171,1169));
#15492=IFCINDEXEDPOLYGONALFACE((1184,1117,1170,1201));
#15493=IFCINDEXEDPOLYGONALFACE((1117,1116,1168,1170));
#15494=IFCINDEXEDPOLYGONALFACE((1183,1113,1169,1202));
#15495=IFCINDEXEDPOLYGONALFACE((1114,1113,1175,1173));
#15496=IFCINDEXEDPOLYGONALFACE((1183,1116,1174,1203));
#15497=IFCINDEXEDPOLYGONALFACE((1116,1115,1172,1174));
#15498=IFCINDEXEDPOLYGONALFACE((1182,1114,1173,1204));
#15499=IFCINDEXEDPOLYGONALFACE((1110,1114,1179,1177));
#15500=IFCINDEXEDPOLYGONALFACE((1182,1115,1178,1205));
#15501=IFCINDEXEDPOLYGONALFACE((1115,1111,1176,1178));
#15502=IFCINDEXEDPOLYGONALFACE((1180,1110,1177,1206));
#15503=IFCINDEXEDPOLYGONALFACE((1111,1180,1206,1176));
#15504=IFCINDEXEDPOLYGONALFACE((1114,1182,1205,1179));
#15505=IFCINDEXEDPOLYGONALFACE((1115,1182,1204,1172));
#15506=IFCINDEXEDPOLYGONALFACE((1113,1183,1203,1175));
#15507=IFCINDEXEDPOLYGONALFACE((1116,1183,1202,1168));
#15508=IFCINDEXEDPOLYGONALFACE((1112,1184,1201,1171));
#15509=IFCINDEXEDPOLYGONALFACE((1117,1184,1200,1164));
#15510=IFCINDEXEDPOLYGONALFACE((1108,1181,1199,1167));
#15511=IFCINDEXEDPOLYGONALFACE((1233,1237,1301,1302));
#15512=IFCINDEXEDPOLYGONALFACE((1227,1240,1297,1300));
#15513=IFCINDEXEDPOLYGONALFACE((1160,1163,1198,1197));
#15514=IFCINDEXEDPOLYGONALFACE((1251,1255,1295,1296));
#15515=IFCINDEXEDPOLYGONALFACE((1245,1258,1291,1294));
#15516=IFCINDEXEDPOLYGONALFACE((1156,1159,1196,1195));
#15517=IFCINDEXEDPOLYGONALFACE((1269,1273,1289,1290));
#15518=IFCINDEXEDPOLYGONALFACE((1263,1276,1285,1288));
#15519=IFCINDEXEDPOLYGONALFACE((1152,1155,1194,1193));
#15520=IFCINDEXEDPOLYGONALFACE((1215,1219,1283,1284));
#15521=IFCINDEXEDPOLYGONALFACE((1209,1222,1279,1282));
#15522=IFCINDEXEDPOLYGONALFACE((1148,1151,1192,1191));
#15523=IFCINDEXEDPOLYGONALFACE((1122,1189,1190,1123));
#15524=IFCINDEXEDPOLYGONALFACE((1312,1128,1127,1309));
#15525=IFCINDEXEDPOLYGONALFACE((1120,1119,1189,1188));
#15526=IFCINDEXEDPOLYGONALFACE((900,1120,1188,904));
#15527=IFCINDEXEDPOLYGONALFACE((1125,1124,1187,1186));
#15528=IFCINDEXEDPOLYGONALFACE((1142,1143,1146,1145));
#15529=IFCINDEXEDPOLYGONALFACE((1108,1126,1185,1181));
#15530=IFCINDEXEDPOLYGONALFACE((1124,898,899,1187));
#15531=IFCINDEXEDPOLYGONALFACE((1118,1110,1180,1190));
#15532=IFCINDEXEDPOLYGONALFACE((1164,1200,1224,1207));
#15533=IFCINDEXEDPOLYGONALFACE((1207,1224,1223,1208));
#15534=IFCINDEXEDPOLYGONALFACE((1208,1223,1222,1209));
#15535=IFCINDEXEDPOLYGONALFACE((1167,1199,1221,1213));
#15536=IFCINDEXEDPOLYGONALFACE((1213,1221,1220,1214));
#15537=IFCINDEXEDPOLYGONALFACE((1214,1220,1219,1215));
#15538=IFCINDEXEDPOLYGONALFACE((1165,1167,1213,1218));
#15539=IFCINDEXEDPOLYGONALFACE((1218,1213,1214,1217));
#15540=IFCINDEXEDPOLYGONALFACE((1217,1214,1215,1216));
#15541=IFCINDEXEDPOLYGONALFACE((1199,1166,1210,1221));
#15542=IFCINDEXEDPOLYGONALFACE((1221,1210,1211,1220));
#15543=IFCINDEXEDPOLYGONALFACE((1220,1211,1212,1219));
#15544=IFCINDEXEDPOLYGONALFACE((1166,1164,1207,1210));
#15545=IFCINDEXEDPOLYGONALFACE((1210,1207,1208,1211));
#15546=IFCINDEXEDPOLYGONALFACE((1211,1208,1209,1212));
#15547=IFCINDEXEDPOLYGONALFACE((1200,1165,1218,1224));
#15548=IFCINDEXEDPOLYGONALFACE((1224,1218,1217,1223));
#15549=IFCINDEXEDPOLYGONALFACE((1223,1217,1216,1222));
#15550=IFCINDEXEDPOLYGONALFACE((1168,1202,1242,1225));
#15551=IFCINDEXEDPOLYGONALFACE((1225,1242,1241,1226));
#15552=IFCINDEXEDPOLYGONALFACE((1226,1241,1240,1227));
#15553=IFCINDEXEDPOLYGONALFACE((1171,1201,1239,1231));
#15554=IFCINDEXEDPOLYGONALFACE((1231,1239,1238,1232));
#15555=IFCINDEXEDPOLYGONALFACE((1232,1238,1237,1233));
#15556=IFCINDEXEDPOLYGONALFACE((1169,1171,1231,1236));
#15557=IFCINDEXEDPOLYGONALFACE((1236,1231,1232,1235));
#15558=IFCINDEXEDPOLYGONALFACE((1235,1232,1233,1234));
#15559=IFCINDEXEDPOLYGONALFACE((1201,1170,1228,1239));
#15560=IFCINDEXEDPOLYGONALFACE((1239,1228,1229,1238));
#15561=IFCINDEXEDPOLYGONALFACE((1238,1229,1230,1237));
#15562=IFCINDEXEDPOLYGONALFACE((1170,1168,1225,1228));
#15563=IFCINDEXEDPOLYGONALFACE((1228,1225,1226,1229));
#15564=IFCINDEXEDPOLYGONALFACE((1229,1226,1227,1230));
#15565=IFCINDEXEDPOLYGONALFACE((1202,1169,1236,1242));
#15566=IFCINDEXEDPOLYGONALFACE((1242,1236,1235,1241));
#15567=IFCINDEXEDPOLYGONALFACE((1241,1235,1234,1240));
#15568=IFCINDEXEDPOLYGONALFACE((1172,1204,1260,1243));
#15569=IFCINDEXEDPOLYGONALFACE((1243,1260,1259,1244));
#15570=IFCINDEXEDPOLYGONALFACE((1244,1259,1258,1245));
#15571=IFCINDEXEDPOLYGONALFACE((1175,1203,1257,1249));
#15572=IFCINDEXEDPOLYGONALFACE((1249,1257,1256,1250));
#15573=IFCINDEXEDPOLYGONALFACE((1250,1256,1255,1251));
#15574=IFCINDEXEDPOLYGONALFACE((1173,1175,1249,1254));
#15575=IFCINDEXEDPOLYGONALFACE((1254,1249,1250,1253));
#15576=IFCINDEXEDPOLYGONALFACE((1253,1250,1251,1252));
#15577=IFCINDEXEDPOLYGONALFACE((1203,1174,1246,1257));
#15578=IFCINDEXEDPOLYGONALFACE((1257,1246,1247,1256));
#15579=IFCINDEXEDPOLYGONALFACE((1256,1247,1248,1255));
#15580=IFCINDEXEDPOLYGONALFACE((1174,1172,1243,1246));
#15581=IFCINDEXEDPOLYGONALFACE((1246,1243,1244,1247));
#15582=IFCINDEXEDPOLYGONALFACE((1247,1244,1245,1248));
#15583=IFCINDEXEDPOLYGONALFACE((1204,1173,1254,1260));
#15584=IFCINDEXEDPOLYGONALFACE((1260,1254,1253,1259));
#15585=IFCINDEXEDPOLYGONALFACE((1259,1253,1252,1258));
#15586=IFCINDEXEDPOLYGONALFACE((1176,1206,1278,1261));
#15587=IFCINDEXEDPOLYGONALFACE((1261,1278,1277,1262));
#15588=IFCINDEXEDPOLYGONALFACE((1262,1277,1276,1263));
#15589=IFCINDEXEDPOLYGONALFACE((1179,1205,1275,1267));
#15590=IFCINDEXEDPOLYGONALFACE((1267,1275,1274,1268));
#15591=IFCINDEXEDPOLYGONALFACE((1268,1274,1273,1269));
#15592=IFCINDEXEDPOLYGONALFACE((1177,1179,1267,1272));
#15593=IFCINDEXEDPOLYGONALFACE((1272,1267,1268,1271));
#15594=IFCINDEXEDPOLYGONALFACE((1271,1268,1269,1270));
#15595=IFCINDEXEDPOLYGONALFACE((1205,1178,1264,1275));
#15596=IFCINDEXEDPOLYGONALFACE((1275,1264,1265,1274));
#15597=IFCINDEXEDPOLYGONALFACE((1274,1265,1266,1273));
#15598=IFCINDEXEDPOLYGONALFACE((1178,1176,1261,1264));
#15599=IFCINDEXEDPOLYGONALFACE((1264,1261,1262,1265));
#15600=IFCINDEXEDPOLYGONALFACE((1265,1262,1263,1266));
#15601=IFCINDEXEDPOLYGONALFACE((1206,1177,1272,1278));
#15602=IFCINDEXEDPOLYGONALFACE((1278,1272,1271,1277));
#15603=IFCINDEXEDPOLYGONALFACE((1277,1271,1270,1276));
#15604=IFCINDEXEDPOLYGONALFACE((1191,1279,1280,1148));
#15605=IFCINDEXEDPOLYGONALFACE((1150,1281,1282,1149));
#15606=IFCINDEXEDPOLYGONALFACE((1192,1283,1281,1150));
#15607=IFCINDEXEDPOLYGONALFACE((1148,1280,1284,1151));
#15608=IFCINDEXEDPOLYGONALFACE((1193,1285,1286,1152));
#15609=IFCINDEXEDPOLYGONALFACE((1154,1287,1288,1153));
#15610=IFCINDEXEDPOLYGONALFACE((1194,1289,1287,1154));
#15611=IFCINDEXEDPOLYGONALFACE((1152,1286,1290,1155));
#15612=IFCINDEXEDPOLYGONALFACE((1195,1291,1292,1156));
#15613=IFCINDEXEDPOLYGONALFACE((1158,1293,1294,1157));
#15614=IFCINDEXEDPOLYGONALFACE((1196,1295,1293,1158));
#15615=IFCINDEXEDPOLYGONALFACE((1156,1292,1296,1159));
#15616=IFCINDEXEDPOLYGONALFACE((1197,1297,1298,1160));
#15617=IFCINDEXEDPOLYGONALFACE((1162,1299,1300,1161));
#15618=IFCINDEXEDPOLYGONALFACE((1198,1301,1299,1162));
#15619=IFCINDEXEDPOLYGONALFACE((1160,1298,1302,1163));
#15620=IFCINDEXEDPOLYGONALFACE((1149,1282,1279,1191));
#15621=IFCINDEXEDPOLYGONALFACE((1151,1284,1283,1192));
#15622=IFCINDEXEDPOLYGONALFACE((1153,1288,1285,1193));
#15623=IFCINDEXEDPOLYGONALFACE((1155,1290,1289,1194));
#15624=IFCINDEXEDPOLYGONALFACE((1157,1294,1291,1195));
#15625=IFCINDEXEDPOLYGONALFACE((1159,1296,1295,1196));
#15626=IFCINDEXEDPOLYGONALFACE((1161,1300,1297,1197));
#15627=IFCINDEXEDPOLYGONALFACE((1163,1302,1301,1198));
#15628=IFCINDEXEDPOLYGONALFACE((1307,1308,1305,1304));
#15629=IFCINDEXEDPOLYGONALFACE((1324,1318,1328,1327));
#15630=IFCINDEXEDPOLYGONALFACE((1314,1311,1330,1329));
#15631=IFCINDEXEDPOLYGONALFACE((1321,1314,1329,1331));
#15632=IFCINDEXEDPOLYGONALFACE((1318,1317,1332,1328));
#15633=IFCINDEXEDPOLYGONALFACE((1317,1321,1331,1332));
#15634=IFCINDEXEDPOLYGONALFACE((1311,1324,1327,1330));
#15635=IFCINDEXEDPOLYGONALFACE((1303,1306,1308,1307));
#15636=IFCINDEXEDPOLYGONALFACE((1309,1326,1325,1310));
#15637=IFCINDEXEDPOLYGONALFACE((1310,1325,1324,1311));
#15638=IFCINDEXEDPOLYGONALFACE((1315,1323,1322,1316));
#15639=IFCINDEXEDPOLYGONALFACE((1316,1322,1321,1317));
#15640=IFCINDEXEDPOLYGONALFACE((1320,1315,1316,1319));
#15641=IFCINDEXEDPOLYGONALFACE((1319,1316,1317,1318));
#15642=IFCINDEXEDPOLYGONALFACE((1323,1312,1313,1322));
#15643=IFCINDEXEDPOLYGONALFACE((1322,1313,1314,1321));
#15644=IFCINDEXEDPOLYGONALFACE((1312,1309,1310,1313));
#15645=IFCINDEXEDPOLYGONALFACE((1313,1310,1311,1314));
#15646=IFCINDEXEDPOLYGONALFACE((1326,1320,1319,1325));
#15647=IFCINDEXEDPOLYGONALFACE((1325,1319,1318,1324));
#15648=IFCINDEXEDPOLYGONALFACE((1307,1327,1328,1303));
#15649=IFCINDEXEDPOLYGONALFACE((1305,1329,1330,1304));
#15650=IFCINDEXEDPOLYGONALFACE((1308,1331,1329,1305));
#15651=IFCINDEXEDPOLYGONALFACE((1303,1328,1332,1306));
#15652=IFCINDEXEDPOLYGONALFACE((1304,1330,1327,1307));
#15653=IFCINDEXEDPOLYGONALFACE((1306,1332,1331,1308));
#15654=IFCINDEXEDPOLYGONALFACE((820,949,1341,1333));
#15655=IFCINDEXEDPOLYGONALFACE((840,940,1340,1338));
#15656=IFCINDEXEDPOLYGONALFACE((949,825,1334,1341));
#15657=IFCINDEXEDPOLYGONALFACE((825,829,1335,1334));
#15658=IFCINDEXEDPOLYGONALFACE((829,832,1336,1335));
#15659=IFCINDEXEDPOLYGONALFACE((832,836,1337,1336));
#15660=IFCINDEXEDPOLYGONALFACE((836,840,1338,1337));
#15661=IFCINDEXEDPOLYGONALFACE((940,844,1339,1340));
#15662=IFCINDEXEDPOLYGONALFACE((1401,1360,1345,1391));
#15663=IFCINDEXEDPOLYGONALFACE((1360,1364,1347,1345));
#15664=IFCINDEXEDPOLYGONALFACE((1364,1368,1349,1347));
#15665=IFCINDEXEDPOLYGONALFACE((1368,1372,1351,1349));
#15666=IFCINDEXEDPOLYGONALFACE((1372,1376,1353,1351));
#15667=IFCINDEXEDPOLYGONALFACE((1397,1380,1355,1393));
#15668=IFCINDEXEDPOLYGONALFACE((1392,1354,1383,1394));
#15669=IFCINDEXEDPOLYGONALFACE((1394,1383,1382,1395));
#15670=IFCINDEXEDPOLYGONALFACE((1395,1382,1381,1396));
#15671=IFCINDEXEDPOLYGONALFACE((1396,1381,1380,1397));
#15672=IFCINDEXEDPOLYGONALFACE((1350,1352,1379,1375));
#15673=IFCINDEXEDPOLYGONALFACE((1375,1379,1378,1374));
#15674=IFCINDEXEDPOLYGONALFACE((1374,1378,1377,1373));
#15675=IFCINDEXEDPOLYGONALFACE((1373,1377,1376,1372));
#15676=IFCINDEXEDPOLYGONALFACE((1348,1350,1375,1371));
#15677=IFCINDEXEDPOLYGONALFACE((1371,1375,1374,1370));
#15678=IFCINDEXEDPOLYGONALFACE((1370,1374,1373,1369));
#15679=IFCINDEXEDPOLYGONALFACE((1369,1373,1372,1368));
#15680=IFCINDEXEDPOLYGONALFACE((1346,1348,1371,1367));
#15681=IFCINDEXEDPOLYGONALFACE((1367,1371,1370,1366));
#15682=IFCINDEXEDPOLYGONALFACE((1366,1370,1369,1365));
#15683=IFCINDEXEDPOLYGONALFACE((1365,1369,1368,1364));
#15684=IFCINDEXEDPOLYGONALFACE((1344,1346,1367,1363));
#15685=IFCINDEXEDPOLYGONALFACE((1363,1367,1366,1362));
#15686=IFCINDEXEDPOLYGONALFACE((1362,1366,1365,1361));
#15687=IFCINDEXEDPOLYGONALFACE((1361,1365,1364,1360));
#15688=IFCINDEXEDPOLYGONALFACE((1390,1344,1363,1398));
#15689=IFCINDEXEDPOLYGONALFACE((1398,1363,1362,1399));
#15690=IFCINDEXEDPOLYGONALFACE((1399,1362,1361,1400));
#15691=IFCINDEXEDPOLYGONALFACE((1400,1361,1360,1401));
#15692=IFCINDEXEDPOLYGONALFACE((1392,944,859,1354));
#15693=IFCINDEXEDPOLYGONALFACE((1350,857,858,1352));
#15694=IFCINDEXEDPOLYGONALFACE((1348,856,857,1350));
#15695=IFCINDEXEDPOLYGONALFACE((1390,953,853,1344));
#15696=IFCINDEXEDPOLYGONALFACE((1346,855,856,1348));
#15697=IFCINDEXEDPOLYGONALFACE((1344,853,855,1346));
#15698=IFCINDEXEDPOLYGONALFACE((1404,1393,1355,1386));
#15699=IFCINDEXEDPOLYGONALFACE((1347,1387,1345));
#15700=IFCINDEXEDPOLYGONALFACE((1391,1402,1384,1343));
#15701=IFCINDEXEDPOLYGONALFACE((1402,1403,1385,1384));
#15702=IFCINDEXEDPOLYGONALFACE((1403,1404,1386,1385));
#15703=IFCINDEXEDPOLYGONALFACE((1349,1388,1387,1347));
#15704=IFCINDEXEDPOLYGONALFACE((1351,1389,1388,1349));
#15705=IFCINDEXEDPOLYGONALFACE((1353,1389,1351));
#15706=IFCINDEXEDPOLYGONALFACE((1388,1389,1404,1403));
#15707=IFCINDEXEDPOLYGONALFACE((1387,1388,1403,1402));
#15708=IFCINDEXEDPOLYGONALFACE((1345,1387,1402,1391));
#15709=IFCINDEXEDPOLYGONALFACE((1389,1353,1393,1404));
#15710=IFCINDEXEDPOLYGONALFACE((1342,854,953,1390));
#15711=IFCINDEXEDPOLYGONALFACE((1352,858,944,1392));
#15712=IFCINDEXEDPOLYGONALFACE((1358,1400,1401,1359));
#15713=IFCINDEXEDPOLYGONALFACE((1357,1399,1400,1358));
#15714=IFCINDEXEDPOLYGONALFACE((1356,1398,1399,1357));
#15715=IFCINDEXEDPOLYGONALFACE((1342,1390,1398,1356));
#15716=IFCINDEXEDPOLYGONALFACE((1377,1396,1397,1376));
#15717=IFCINDEXEDPOLYGONALFACE((1378,1395,1396,1377));
#15718=IFCINDEXEDPOLYGONALFACE((1379,1394,1395,1378));
#15719=IFCINDEXEDPOLYGONALFACE((1352,1392,1394,1379));
#15720=IFCINDEXEDPOLYGONALFACE((1376,1397,1393,1353));
#15721=IFCINDEXEDPOLYGONALFACE((1359,1401,1391,1343));
#15722=IFCINDEXEDPOLYGONALFACE((1542,1536,1067,1066));
#15723=IFCINDEXEDPOLYGONALFACE((1550,1537,1059,1065));
#15724=IFCINDEXEDPOLYGONALFACE((1635,1538,1409,1626));
#15725=IFCINDEXEDPOLYGONALFACE((1634,1422,1408,1637));
#15726=IFCINDEXEDPOLYGONALFACE((1630,1426,1406,1636));
#15727=IFCINDEXEDPOLYGONALFACE((1431,1427,1412,1413));
#15728=IFCINDEXEDPOLYGONALFACE((1541,1539,1061,1060));
#15729=IFCINDEXEDPOLYGONALFACE((1613,1540,1064,1603));
#15730=IFCINDEXEDPOLYGONALFACE((1537,1541,1060,1059));
#15731=IFCINDEXEDPOLYGONALFACE((1415,1431,1413,1410));
#15732=IFCINDEXEDPOLYGONALFACE((1540,1542,1066,1064));
#15733=IFCINDEXEDPOLYGONALFACE((1407,1414,1434,1418));
#15734=IFCINDEXEDPOLYGONALFACE((1418,1434,1433,1417));
#15735=IFCINDEXEDPOLYGONALFACE((1417,1433,1432,1416));
#15736=IFCINDEXEDPOLYGONALFACE((1416,1432,1431,1415));
#15737=IFCINDEXEDPOLYGONALFACE((1414,1411,1430,1434));
#15738=IFCINDEXEDPOLYGONALFACE((1434,1430,1429,1433));
#15739=IFCINDEXEDPOLYGONALFACE((1433,1429,1428,1432));
#15740=IFCINDEXEDPOLYGONALFACE((1432,1428,1427,1431));
#15741=IFCINDEXEDPOLYGONALFACE((1626,1409,1423,1627));
#15742=IFCINDEXEDPOLYGONALFACE((1627,1423,1424,1628));
#15743=IFCINDEXEDPOLYGONALFACE((1628,1424,1425,1629));
#15744=IFCINDEXEDPOLYGONALFACE((1629,1425,1426,1630));
#15745=IFCINDEXEDPOLYGONALFACE((1625,1405,1419,1631));
#15746=IFCINDEXEDPOLYGONALFACE((1631,1419,1420,1632));
#15747=IFCINDEXEDPOLYGONALFACE((1632,1420,1421,1633));
#15748=IFCINDEXEDPOLYGONALFACE((1633,1421,1422,1634));
#15749=IFCINDEXEDPOLYGONALFACE((1536,1547,1068,1067));
#15750=IFCINDEXEDPOLYGONALFACE((1547,1548,1068));
#15751=IFCINDEXEDPOLYGONALFACE((1548,1549,1068));
#15752=IFCINDEXEDPOLYGONALFACE((1549,1550,1065,1068));
#15753=IFCINDEXEDPOLYGONALFACE((1571,1572,1437,1436));
#15754=IFCINDEXEDPOLYGONALFACE((1588,1505,1456,1551));
#15755=IFCINDEXEDPOLYGONALFACE((1508,1504,1455,1457));
#15756=IFCINDEXEDPOLYGONALFACE((1586,1508,1457,1552));
#15757=IFCINDEXEDPOLYGONALFACE((1505,1510,1458,1456));
#15758=IFCINDEXEDPOLYGONALFACE((1573,1574,1441,1440));
#15759=IFCINDEXEDPOLYGONALFACE((1600,1529,1460,1553));
#15760=IFCINDEXEDPOLYGONALFACE((1532,1528,1459,1461));
#15761=IFCINDEXEDPOLYGONALFACE((1598,1532,1461,1554));
#15762=IFCINDEXEDPOLYGONALFACE((1529,1534,1462,1460));
#15763=IFCINDEXEDPOLYGONALFACE((1575,1576,1445,1444));
#15764=IFCINDEXEDPOLYGONALFACE((1596,1521,1464,1555));
#15765=IFCINDEXEDPOLYGONALFACE((1524,1520,1463,1465));
#15766=IFCINDEXEDPOLYGONALFACE((1594,1524,1465,1556));
#15767=IFCINDEXEDPOLYGONALFACE((1521,1526,1466,1464));
#15768=IFCINDEXEDPOLYGONALFACE((1577,1578,1449,1448));
#15769=IFCINDEXEDPOLYGONALFACE((1592,1513,1468,1557));
#15770=IFCINDEXEDPOLYGONALFACE((1516,1512,1467,1469));
#15771=IFCINDEXEDPOLYGONALFACE((1590,1516,1469,1558));
#15772=IFCINDEXEDPOLYGONALFACE((1513,1518,1470,1468));
#15773=IFCINDEXEDPOLYGONALFACE((1579,1580,1453,1452));
#15774=IFCINDEXEDPOLYGONALFACE((1584,1497,1472,1559));
#15775=IFCINDEXEDPOLYGONALFACE((1500,1496,1471,1473));
#15776=IFCINDEXEDPOLYGONALFACE((1582,1500,1473,1560));
#15777=IFCINDEXEDPOLYGONALFACE((1497,1502,1474,1472));
#15778=IFCINDEXEDPOLYGONALFACE((1561,1551,1456,1476));
#15779=IFCINDEXEDPOLYGONALFACE((1477,1457,1455,1475));
#15780=IFCINDEXEDPOLYGONALFACE((1562,1552,1457,1477));
#15781=IFCINDEXEDPOLYGONALFACE((1476,1456,1458,1478));
#15782=IFCINDEXEDPOLYGONALFACE((1563,1553,1460,1480));
#15783=IFCINDEXEDPOLYGONALFACE((1481,1461,1459,1479));
#15784=IFCINDEXEDPOLYGONALFACE((1564,1554,1461,1481));
#15785=IFCINDEXEDPOLYGONALFACE((1480,1460,1462,1482));
#15786=IFCINDEXEDPOLYGONALFACE((1565,1555,1464,1484));
#15787=IFCINDEXEDPOLYGONALFACE((1485,1465,1463,1483));
#15788=IFCINDEXEDPOLYGONALFACE((1566,1556,1465,1485));
#15789=IFCINDEXEDPOLYGONALFACE((1484,1464,1466,1486));
#15790=IFCINDEXEDPOLYGONALFACE((1567,1557,1468,1488));
#15791=IFCINDEXEDPOLYGONALFACE((1489,1469,1467,1487));
#15792=IFCINDEXEDPOLYGONALFACE((1568,1558,1469,1489));
#15793=IFCINDEXEDPOLYGONALFACE((1488,1468,1470,1490));
#15794=IFCINDEXEDPOLYGONALFACE((1569,1559,1472,1492));
#15795=IFCINDEXEDPOLYGONALFACE((1493,1473,1471,1491));
#15796=IFCINDEXEDPOLYGONALFACE((1570,1560,1473,1493));
#15797=IFCINDEXEDPOLYGONALFACE((1492,1472,1474,1494));
#15798=IFCINDEXEDPOLYGONALFACE((1571,1561,1476,1435));
#15799=IFCINDEXEDPOLYGONALFACE((1437,1477,1475,1436));
#15800=IFCINDEXEDPOLYGONALFACE((1572,1562,1477,1437));
#15801=IFCINDEXEDPOLYGONALFACE((1435,1476,1478,1438));
#15802=IFCINDEXEDPOLYGONALFACE((1573,1563,1480,1439));
#15803=IFCINDEXEDPOLYGONALFACE((1441,1481,1479,1440));
#15804=IFCINDEXEDPOLYGONALFACE((1574,1564,1481,1441));
#15805=IFCINDEXEDPOLYGONALFACE((1439,1480,1482,1442));
#15806=IFCINDEXEDPOLYGONALFACE((1575,1565,1484,1443));
#15807=IFCINDEXEDPOLYGONALFACE((1445,1485,1483,1444));
#15808=IFCINDEXEDPOLYGONALFACE((1576,1566,1485,1445));
#15809=IFCINDEXEDPOLYGONALFACE((1443,1484,1486,1446));
#15810=IFCINDEXEDPOLYGONALFACE((1577,1567,1488,1447));
#15811=IFCINDEXEDPOLYGONALFACE((1449,1489,1487,1448));
#15812=IFCINDEXEDPOLYGONALFACE((1578,1568,1489,1449));
#15813=IFCINDEXEDPOLYGONALFACE((1447,1488,1490,1450));
#15814=IFCINDEXEDPOLYGONALFACE((1579,1569,1492,1451));
#15815=IFCINDEXEDPOLYGONALFACE((1453,1493,1491,1452));
#15816=IFCINDEXEDPOLYGONALFACE((1580,1570,1493,1453));
#15817=IFCINDEXEDPOLYGONALFACE((1451,1492,1494,1454));
#15818=IFCINDEXEDPOLYGONALFACE((1420,1419,1501,1498));
#15819=IFCINDEXEDPOLYGONALFACE((1498,1501,1502,1497));
#15820=IFCINDEXEDPOLYGONALFACE((1546,1426,1499,1581));
#15821=IFCINDEXEDPOLYGONALFACE((1581,1499,1500,1582));
#15822=IFCINDEXEDPOLYGONALFACE((1426,1425,1495,1499));
#15823=IFCINDEXEDPOLYGONALFACE((1499,1495,1496,1500));
#15824=IFCINDEXEDPOLYGONALFACE((1545,1420,1498,1583));
#15825=IFCINDEXEDPOLYGONALFACE((1583,1498,1497,1584));
#15826=IFCINDEXEDPOLYGONALFACE((1419,1405,1509,1506));
#15827=IFCINDEXEDPOLYGONALFACE((1506,1509,1510,1505));
#15828=IFCINDEXEDPOLYGONALFACE((1535,1406,1507,1585));
#15829=IFCINDEXEDPOLYGONALFACE((1585,1507,1508,1586));
#15830=IFCINDEXEDPOLYGONALFACE((1406,1426,1503,1507));
#15831=IFCINDEXEDPOLYGONALFACE((1507,1503,1504,1508));
#15832=IFCINDEXEDPOLYGONALFACE((1546,1419,1506,1587));
#15833=IFCINDEXEDPOLYGONALFACE((1587,1506,1505,1588));
#15834=IFCINDEXEDPOLYGONALFACE((1421,1420,1517,1514));
#15835=IFCINDEXEDPOLYGONALFACE((1514,1517,1518,1513));
#15836=IFCINDEXEDPOLYGONALFACE((1545,1425,1515,1589));
#15837=IFCINDEXEDPOLYGONALFACE((1589,1515,1516,1590));
#15838=IFCINDEXEDPOLYGONALFACE((1425,1424,1511,1515));
#15839=IFCINDEXEDPOLYGONALFACE((1515,1511,1512,1516));
#15840=IFCINDEXEDPOLYGONALFACE((1544,1421,1514,1591));
#15841=IFCINDEXEDPOLYGONALFACE((1591,1514,1513,1592));
#15842=IFCINDEXEDPOLYGONALFACE((1422,1421,1525,1522));
#15843=IFCINDEXEDPOLYGONALFACE((1522,1525,1526,1521));
#15844=IFCINDEXEDPOLYGONALFACE((1544,1424,1523,1593));
#15845=IFCINDEXEDPOLYGONALFACE((1593,1523,1524,1594));
#15846=IFCINDEXEDPOLYGONALFACE((1424,1423,1519,1523));
#15847=IFCINDEXEDPOLYGONALFACE((1523,1519,1520,1524));
#15848=IFCINDEXEDPOLYGONALFACE((1543,1422,1522,1595));
#15849=IFCINDEXEDPOLYGONALFACE((1595,1522,1521,1596));
#15850=IFCINDEXEDPOLYGONALFACE((1408,1422,1533,1530));
#15851=IFCINDEXEDPOLYGONALFACE((1530,1533,1534,1529));
#15852=IFCINDEXEDPOLYGONALFACE((1543,1423,1531,1597));
#15853=IFCINDEXEDPOLYGONALFACE((1597,1531,1532,1598));
#15854=IFCINDEXEDPOLYGONALFACE((1423,1409,1527,1531));
#15855=IFCINDEXEDPOLYGONALFACE((1531,1527,1528,1532));
#15856=IFCINDEXEDPOLYGONALFACE((1538,1408,1530,1599));
#15857=IFCINDEXEDPOLYGONALFACE((1599,1530,1529,1600));
#15858=IFCINDEXEDPOLYGONALFACE((1527,1599,1600,1528));
#15859=IFCINDEXEDPOLYGONALFACE((1409,1538,1599,1527));
#15860=IFCINDEXEDPOLYGONALFACE((1533,1597,1598,1534));
#15861=IFCINDEXEDPOLYGONALFACE((1422,1543,1597,1533));
#15862=IFCINDEXEDPOLYGONALFACE((1519,1595,1596,1520));
#15863=IFCINDEXEDPOLYGONALFACE((1423,1543,1595,1519));
#15864=IFCINDEXEDPOLYGONALFACE((1525,1593,1594,1526));
#15865=IFCINDEXEDPOLYGONALFACE((1421,1544,1593,1525));
#15866=IFCINDEXEDPOLYGONALFACE((1511,1591,1592,1512));
#15867=IFCINDEXEDPOLYGONALFACE((1424,1544,1591,1511));
#15868=IFCINDEXEDPOLYGONALFACE((1517,1589,1590,1518));
#15869=IFCINDEXEDPOLYGONALFACE((1420,1545,1589,1517));
#15870=IFCINDEXEDPOLYGONALFACE((1503,1587,1588,1504));
#15871=IFCINDEXEDPOLYGONALFACE((1426,1546,1587,1503));
#15872=IFCINDEXEDPOLYGONALFACE((1509,1585,1586,1510));
#15873=IFCINDEXEDPOLYGONALFACE((1405,1535,1585,1509));
#15874=IFCINDEXEDPOLYGONALFACE((1495,1583,1584,1496));
#15875=IFCINDEXEDPOLYGONALFACE((1425,1545,1583,1495));
#15876=IFCINDEXEDPOLYGONALFACE((1501,1581,1582,1502));
#15877=IFCINDEXEDPOLYGONALFACE((1419,1546,1581,1501));
#15878=IFCINDEXEDPOLYGONALFACE((1454,1494,1570,1580));
#15879=IFCINDEXEDPOLYGONALFACE((1452,1491,1569,1579));
#15880=IFCINDEXEDPOLYGONALFACE((1450,1490,1568,1578));
#15881=IFCINDEXEDPOLYGONALFACE((1448,1487,1567,1577));
#15882=IFCINDEXEDPOLYGONALFACE((1446,1486,1566,1576));
#15883=IFCINDEXEDPOLYGONALFACE((1444,1483,1565,1575));
#15884=IFCINDEXEDPOLYGONALFACE((1442,1482,1564,1574));
#15885=IFCINDEXEDPOLYGONALFACE((1440,1479,1563,1573));
#15886=IFCINDEXEDPOLYGONALFACE((1438,1478,1562,1572));
#15887=IFCINDEXEDPOLYGONALFACE((1436,1475,1561,1571));
#15888=IFCINDEXEDPOLYGONALFACE((1494,1474,1560,1570));
#15889=IFCINDEXEDPOLYGONALFACE((1491,1471,1559,1569));
#15890=IFCINDEXEDPOLYGONALFACE((1490,1470,1558,1568));
#15891=IFCINDEXEDPOLYGONALFACE((1487,1467,1557,1567));
#15892=IFCINDEXEDPOLYGONALFACE((1486,1466,1556,1566));
#15893=IFCINDEXEDPOLYGONALFACE((1483,1463,1555,1565));
#15894=IFCINDEXEDPOLYGONALFACE((1482,1462,1554,1564));
#15895=IFCINDEXEDPOLYGONALFACE((1479,1459,1553,1563));
#15896=IFCINDEXEDPOLYGONALFACE((1478,1458,1552,1562));
#15897=IFCINDEXEDPOLYGONALFACE((1475,1455,1551,1561));
#15898=IFCINDEXEDPOLYGONALFACE((1502,1582,1560,1474));
#15899=IFCINDEXEDPOLYGONALFACE((1496,1584,1559,1471));
#15900=IFCINDEXEDPOLYGONALFACE((1451,1454,1580,1579));
#15901=IFCINDEXEDPOLYGONALFACE((1518,1590,1558,1470));
#15902=IFCINDEXEDPOLYGONALFACE((1512,1592,1557,1467));
#15903=IFCINDEXEDPOLYGONALFACE((1447,1450,1578,1577));
#15904=IFCINDEXEDPOLYGONALFACE((1526,1594,1556,1466));
#15905=IFCINDEXEDPOLYGONALFACE((1520,1596,1555,1463));
#15906=IFCINDEXEDPOLYGONALFACE((1443,1446,1576,1575));
#15907=IFCINDEXEDPOLYGONALFACE((1534,1598,1554,1462));
#15908=IFCINDEXEDPOLYGONALFACE((1528,1600,1553,1459));
#15909=IFCINDEXEDPOLYGONALFACE((1439,1442,1574,1573));
#15910=IFCINDEXEDPOLYGONALFACE((1510,1586,1552,1458));
#15911=IFCINDEXEDPOLYGONALFACE((1504,1588,1551,1455));
#15912=IFCINDEXEDPOLYGONALFACE((1435,1438,1572,1571));
#15913=IFCINDEXEDPOLYGONALFACE((1416,1415,1550,1549));
#15914=IFCINDEXEDPOLYGONALFACE((1417,1416,1549,1548));
#15915=IFCINDEXEDPOLYGONALFACE((1418,1417,1548,1547));
#15916=IFCINDEXEDPOLYGONALFACE((1407,1418,1547,1536));
#15917=IFCINDEXEDPOLYGONALFACE((1411,1414,1542,1540));
#15918=IFCINDEXEDPOLYGONALFACE((1410,1413,1541,1537));
#15919=IFCINDEXEDPOLYGONALFACE((1601,1411,1540,1613));
#15920=IFCINDEXEDPOLYGONALFACE((1413,1412,1539,1541));
#15921=IFCINDEXEDPOLYGONALFACE((1637,1408,1538,1635));
#15922=IFCINDEXEDPOLYGONALFACE((1415,1410,1537,1550));
#15923=IFCINDEXEDPOLYGONALFACE((1414,1407,1536,1542));
#15924=IFCINDEXEDPOLYGONALFACE((1412,1604,1614,1539));
#15925=IFCINDEXEDPOLYGONALFACE((1614,1639,1648,1602));
#15926=IFCINDEXEDPOLYGONALFACE((1428,1611,1612,1427));
#15927=IFCINDEXEDPOLYGONALFACE((1429,1610,1611,1428));
#15928=IFCINDEXEDPOLYGONALFACE((1430,1609,1610,1429));
#15929=IFCINDEXEDPOLYGONALFACE((1411,1601,1609,1430));
#15930=IFCINDEXEDPOLYGONALFACE((1063,1607,1608));
#15931=IFCINDEXEDPOLYGONALFACE((1063,1606,1607));
#15932=IFCINDEXEDPOLYGONALFACE((1062,1605,1606,1063));
#15933=IFCINDEXEDPOLYGONALFACE((1061,1602,1605,1062));
#15934=IFCINDEXEDPOLYGONALFACE((1649,1601,1613,1650));
#15935=IFCINDEXEDPOLYGONALFACE((1063,1608,1603,1064));
#15936=IFCINDEXEDPOLYGONALFACE((1427,1612,1604,1412));
#15937=IFCINDEXEDPOLYGONALFACE((1539,1614,1602,1061));
#15938=IFCINDEXEDPOLYGONALFACE((1098,1621,1624,1093));
#15939=IFCINDEXEDPOLYGONALFACE((1092,1620,1623,1078));
#15940=IFCINDEXEDPOLYGONALFACE((1089,1619,1622,1072));
#15941=IFCINDEXEDPOLYGONALFACE((1086,1618,1621,1098));
#15942=IFCINDEXEDPOLYGONALFACE((1093,1624,1620,1092));
#15943=IFCINDEXEDPOLYGONALFACE((1083,1617,1619,1089));
#15944=IFCINDEXEDPOLYGONALFACE((1071,1615,1618,1086));
#15945=IFCINDEXEDPOLYGONALFACE((1077,1616,1617,1083));
#15946=IFCINDEXEDPOLYGONALFACE((1078,1623,1616,1077));
#15947=IFCINDEXEDPOLYGONALFACE((1072,1622,1615,1071));
#15948=IFCINDEXEDPOLYGONALFACE((1535,1638,1636,1406));
#15949=IFCINDEXEDPOLYGONALFACE((1405,1625,1638,1535));
#15950=IFCINDEXEDPOLYGONALFACE((1650,1613,1603,1652));
#15951=IFCINDEXEDPOLYGONALFACE((1651,1637,1635,1639));
#15952=IFCINDEXEDPOLYGONALFACE((1641,1633,1634,1640));
#15953=IFCINDEXEDPOLYGONALFACE((1642,1632,1633,1641));
#15954=IFCINDEXEDPOLYGONALFACE((1643,1631,1632,1642));
#15955=IFCINDEXEDPOLYGONALFACE((1649,1625,1631,1643));
#15956=IFCINDEXEDPOLYGONALFACE((1645,1629,1630,1644));
#15957=IFCINDEXEDPOLYGONALFACE((1646,1628,1629,1645));
#15958=IFCINDEXEDPOLYGONALFACE((1647,1627,1628,1646));
#15959=IFCINDEXEDPOLYGONALFACE((1648,1626,1627,1647));
#15960=IFCINDEXEDPOLYGONALFACE((1644,1630,1636,1652));
#15961=IFCINDEXEDPOLYGONALFACE((1640,1634,1637,1651));
#15962=IFCINDEXEDPOLYGONALFACE((1625,1649,1650,1638));
#15963=IFCINDEXEDPOLYGONALFACE((1638,1650,1652,1636));
#15964=IFCINDEXEDPOLYGONALFACE((1604,1651,1639,1614));
#15965=IFCINDEXEDPOLYGONALFACE((1611,1641,1640,1612));
#15966=IFCINDEXEDPOLYGONALFACE((1610,1642,1641,1611));
#15967=IFCINDEXEDPOLYGONALFACE((1609,1643,1642,1610));
#15968=IFCINDEXEDPOLYGONALFACE((1601,1649,1643,1609));
#15969=IFCINDEXEDPOLYGONALFACE((1607,1645,1644,1608));
#15970=IFCINDEXEDPOLYGONALFACE((1606,1646,1645,1607));
#15971=IFCINDEXEDPOLYGONALFACE((1605,1647,1646,1606));
#15972=IFCINDEXEDPOLYGONALFACE((1602,1648,1647,1605));
#15973=IFCINDEXEDPOLYGONALFACE((1608,1644,1652,1603));
#15974=IFCINDEXEDPOLYGONALFACE((1612,1640,1651,1604));
#15975=IFCINDEXEDPOLYGONALFACE((1639,1635,1626,1648));
#15976=IFCPOLYGONALFACESET(#14315,$,(#14316,#14317,#14318,#14319,#14320,#14321,#14322,#14323,#14324,#14325,#14326,#14327,#14328,#14329,#14330,#14331,#14332,#14333,#14334,#14335,#14336,#14337,#14338,#14339,#14340,#14341,#14342,#14343,#14344,#14345,#14346,#14347,#14348,#14349,#14350,#14351,#14352,#14353,#14354,#14355,#14356,#14357,#14358,#14359,#14360,#14361,#14362,#14363,#14364,#14365,#14366,#14367,#14368,#14369,#14370,#14371,#14372,#14373,#14374,#14375,#14376,#14377,#14378,#14379,#14380,#14381,#14382,#14383,#14384,#14385,#14386,#14387,#14388,#14389,#14390,#14391,#14392,#14393,#14394,#14395,#14396,#14397,#14398,#14399,#14400,#14401,#14402,#14403,#14404,#14405,#14406,#14407,#14408,#14409,#14410,#14411,#14412,#14413,#14414,#14415,#14416,#14417,#14418,#14419,#14420,#14421,#14422,#14423,#14424,#14425,#14426,#14427,#14428,#14429,#14430,#14431,#14432,#14433,#14434,#14435,#14436,#14437,#14438,#14439,#14440,#14441,#14442,#14443,#14444,#14445,#14446,#14447,#14448,#14449,#14450,#14451,#14452,#14453,#14454,#14455,#14456,#14457,#14458,#14459,#14460,#14461,#14462,#14463,#14464,#14465,#14466,#14467,#14468,#14469,#14470,#14471,#14472,#14473,#14474,#14475,#14476,#14477,#14478,#14479,#14480,#14481,#14482,#14483,#14484,#14485,#14486,#14487,#14488,#14489,#14490,#14491,#14492,#14493,#14494,#14495,#14496,#14497,#14498,#14499,#14500,#14501,#14502,#14503,#14504,#14505,#14506,#14507,#14508,#14509,#14510,#14511,#14512,#14513,#14514,#14515,#14516,#14517,#14518,#14519,#14520,#14521,#14522,#14523,#14524,#14525,#14526,#14527,#14528,#14529,#14530,#14531,#14532,#14533,#14534,#14535,#14536,#14537,#14538,#14539,#14540,#14541,#14542,#14543,#14544,#14545,#14546,#14547,#14548,#14549,#14550,#14551,#14552,#14553,#14554,#14555,#14556,#14557,#14558,#14559,#14560,#14561,#14562,#14563,#14564,#14565,#14566,#14567,#14568,#14569,#14570,#14571,#14572,#14573,#14574,#14575,#14576,#14577,#14578,#14579,#14580,#14581,#14582,#14583,#14584,#14585,#14586,#14587,#14588,#14589,#14590,#14591,#14592,#14593,#14594,#14595,#14596,#14597,#14598,#14599,#14600,#14601,#14602,#14603,#14604,#14605,#14606,#14607,#14608,#14609,#14610,#14611,#14612,#14613,#14614,#14615,#14616,#14617,#14618,#14619,#14620,#14621,#14622,#14623,#14624,#14625,#14626,#14627,#14628,#14629,#14630,#14631,#14632,#14633,#14634,#14635,#14636,#14637,#14638,#14639,#14640,#14641,#14642,#14643,#14644,#14645,#14646,#14647,#14648,#14649,#14650,#14651,#14652,#14653,#14654,#14655,#14656,#14657,#14658,#14659,#14660,#14661,#14662,#14663,#14664,#14665,#14666,#14667,#14668,#14669,#14670,#14671,#14672,#14673,#14674,#14675,#14676,#14677,#14678,#14679,#14680,#14681,#14682,#14683,#14684,#14685,#14686,#14687,#14688,#14689,#14690,#14691,#14692,#14693,#14694,#14695,#14696,#14697,#14698,#14699,#14700,#14701,#14702,#14703,#14704,#14705,#14706,#14707,#14708,#14709,#14710,#14711,#14712,#14713,#14714,#14715,#14716,#14717,#14718,#14719,#14720,#14721,#14722,#14723,#14724,#14725,#14726,#14727,#14728,#14729,#14730,#14731,#14732,#14733,#14734,#14735,#14736,#14737,#14738,#14739,#14740,#14741,#14742,#14743,#14744,#14745,#14746,#14747,#14748,#14749,#14750,#14751,#14752,#14753,#14754,#14755,#14756,#14757,#14758,#14759,#14760,#14761,#14762,#14763,#14764,#14765,#14766,#14767,#14768,#14769,#14770,#14771,#14772,#14773,#14774,#14775,#14776,#14777,#14778,#14779,#14780,#14781,#14782,#14783,#14784,#14785,#14786,#14787,#14788,#14789,#14790,#14791,#14792,#14793,#14794,#14795,#14796,#14797,#14798,#14799,#14800,#14801,#14802,#14803,#14804,#14805,#14806,#14807,#14808,#14809,#14810,#14811,#14812,#14813,#14814,#14815,#14816,#14817,#14818,#14819,#14820,#14821,#14822,#14823,#14824,#14825,#14826,#14827,#14828,#14829,#14830,#14831,#14832,#14833,#14834,#14835,#14836,#14837,#14838,#14839,#14840,#14841,#14842,#14843,#14844,#14845,#14846,#14847,#14848,#14849,#14850,#14851,#14852,#14853,#14854,#14855,#14856,#14857,#14858,#14859,#14860,#14861,#14862,#14863,#14864,#14865,#14866,#14867,#14868,#14869,#14870,#14871,#14872,#14873,#14874,#14875,#14876,#14877,#14878,#14879,#14880,#14881,#14882,#14883,#14884,#14885,#14886,#14887,#14888,#14889,#14890,#14891,#14892,#14893,#14894,#14895,#14896,#14897,#14898,#14899,#14900,#14901,#14902,#14903,#14904,#14905,#14906,#14907,#14908,#14909,#14910,#14911,#14912,#14913,#14914,#14915,#14916,#14917,#14918,#14919,#14920,#14921,#14922,#14923,#14924,#14925,#14926,#14927,#14928,#14929,#14930,#14931,#14932,#14933,#14934,#14935,#14936,#14937,#14938,#14939,#14940,#14941,#14942,#14943,#14944,#14945,#14946,#14947,#14948,#14949,#14950,#14951,#14952,#14953,#14954,#14955,#14956,#14957,#14958,#14959,#14960,#14961,#14962,#14963,#14964,#14965,#14966,#14967,#14968,#14969,#14970,#14971,#14972,#14973,#14974,#14975,#14976,#14977,#14978,#14979,#14980,#14981,#14982,#14983,#14984,#14985,#14986,#14987,#14988,#14989,#14990,#14991,#14992,#14993,#14994,#14995,#14996,#14997,#14998,#14999,#15000,#15001,#15002,#15003,#15004,#15005,#15006,#15007,#15008,#15009,#15010,#15011,#15012,#15013,#15014,#15015,#15016,#15017,#15018,#15019,#15020,#15021,#15022,#15023,#15024,#15025,#15026,#15027,#15028,#15029,#15030,#15031,#15032,#15033,#15034,#15035,#15036,#15037,#15038,#15039,#15040,#15041,#15042,#15043,#15044,#15045,#15046,#15047,#15048,#15049,#15050,#15051,#15052,#15053,#15054,#15055,#15056,#15057,#15058,#15059,#15060,#15061,#15062,#15063,#15064,#15065,#15066,#15067,#15068,#15069,#15070,#15071,#15072,#15073,#15074,#15075,#15076,#15077,#15078,#15079,#15080,#15081,#15082,#15083,#15084,#15085,#15086,#15087,#15088,#15089,#15090,#15091,#15092,#15093,#15094,#15095,#15096,#15097,#15098,#15099,#15100,#15101,#15102,#15103,#15104,#15105,#15106,#15107,#15108,#15109,#15110,#15111,#15112,#15113,#15114,#15115,#15116,#15117,#15118,#15119,#15120,#15121,#15122,#15123,#15124,#15125,#15126,#15127,#15128,#15129,#15130,#15131,#15132,#15133,#15134,#15135,#15136,#15137,#15138,#15139,#15140,#15141,#15142,#15143,#15144,#15145,#15146,#15147,#15148,#15149,#15150,#15151,#15152,#15153,#15154,#15155,#15156,#15157,#15158,#15159,#15160,#15161,#15162,#15163,#15164,#15165,#15166,#15167,#15168,#15169,#15170,#15171,#15172,#15173,#15174,#15175,#15176,#15177,#15178,#15179,#15180,#15181,#15182,#15183,#15184,#15185,#15186,#15187,#15188,#15189,#15190,#15191,#15192,#15193,#15194,#15195,#15196,#15197,#15198,#15199,#15200,#15201,#15202,#15203,#15204,#15205,#15206,#15207,#15208,#15209,#15210,#15211,#15212,#15213,#15214,#15215,#15216,#15217,#15218,#15219,#15220,#15221,#15222,#15223,#15224,#15225,#15226,#15227,#15228,#15229,#15230,#15231,#15232,#15233,#15234,#15235,#15236,#15237,#15238,#15239,#15240,#15241,#15242,#15243,#15244,#15245,#15246,#15247,#15248,#15249,#15250,#15251,#15252,#15253,#15254,#15255,#15256,#15257,#15258,#15259,#15260,#15261,#15262,#15263,#15264,#15265,#15266,#15267,#15268,#15269,#15270,#15271,#15272,#15273,#15274,#15275,#15276,#15277,#15278,#15279,#15280,#15281,#15282,#15283,#15284,#15285,#15286,#15287,#15288,#15289,#15290,#15291,#15292,#15293,#15294,#15295,#15296,#15297,#15298,#15299,#15300,#15301,#15302,#15303,#15304,#15305,#15306,#15307,#15308,#15309,#15310,#15311,#15312,#15313,#15314,#15315,#15316,#15317,#15318,#15319,#15320,#15321,#15322,#15323,#15324,#15325,#15326,#15327,#15328,#15329,#15330,#15331,#15332,#15333,#15334,#15335,#15336,#15337,#15338,#15339,#15340,#15341,#15342,#15343,#15344,#15345,#15346,#15347,#15348,#15349,#15350,#15351,#15352,#15353,#15354,#15355,#15356,#15357,#15358,#15359,#15360,#15361,#15362,#15363,#15364,#15365,#15366,#15367,#15368,#15369,#15370,#15371,#15372,#15373,#15374,#15375,#15376,#15377,#15378,#15379,#15380,#15381,#15382,#15383,#15384,#15385,#15386,#15387,#15388,#15389,#15390,#15391,#15392,#15393,#15394,#15395,#15396,#15397,#15398,#15399,#15400,#15401,#15402,#15403,#15404,#15405,#15406,#15407,#15408,#15409,#15410,#15411,#15412,#15413,#15414,#15415,#15416,#15417,#15418,#15419,#15420,#15421,#15422,#15423,#15424,#15425,#15426,#15427,#15428,#15429,#15430,#15431,#15432,#15433,#15434,#15435,#15436,#15437,#15438,#15439,#15440,#15441,#15442,#15443,#15444,#15445,#15446,#15447,#15448,#15449,#15450,#15451,#15452,#15453,#15454,#15455,#15456,#15457,#15458,#15459,#15460,#15461,#15462,#15463,#15464,#15465,#15466,#15467,#15468,#15469,#15470,#15471,#15472,#15473,#15474,#15475,#15476,#15477,#15478,#15479,#15480,#15481,#15482,#15483,#15484,#15485,#15486,#15487,#15488,#15489,#15490,#15491,#15492,#15493,#15494,#15495,#15496,#15497,#15498,#15499,#15500,#15501,#15502,#15503,#15504,#15505,#15506,#15507,#15508,#15509,#15510,#15511,#15512,#15513,#15514,#15515,#15516,#15517,#15518,#15519,#15520,#15521,#15522,#15523,#15524,#15525,#15526,#15527,#15528,#15529,#15530,#15531,#15532,#15533,#15534,#15535,#15536,#15537,#15538,#15539,#15540,#15541,#15542,#15543,#15544,#15545,#15546,#15547,#15548,#15549,#15550,#15551,#15552,#15553,#15554,#15555,#15556,#15557,#15558,#15559,#15560,#15561,#15562,#15563,#15564,#15565,#15566,#15567,#15568,#15569,#15570,#15571,#15572,#15573,#15574,#15575,#15576,#15577,#15578,#15579,#15580,#15581,#15582,#15583,#15584,#15585,#15586,#15587,#15588,#15589,#15590,#15591,#15592,#15593,#15594,#15595,#15596,#15597,#15598,#15599,#15600,#15601,#15602,#15603,#15604,#15605,#15606,#15607,#15608,#15609,#15610,#15611,#15612,#15613,#15614,#15615,#15616,#15617,#15618,#15619,#15620,#15621,#15622,#15623,#15624,#15625,#15626,#15627,#15628,#15629,#15630,#15631,#15632,#15633,#15634,#15635,#15636,#15637,#15638,#15639,#15640,#15641,#15642,#15643,#15644,#15645,#15646,#15647,#15648,#15649,#15650,#15651,#15652,#15653,#15654,#15655,#15656,#15657,#15658,#15659,#15660,#15661,#15662,#15663,#15664,#15665,#15666,#15667,#15668,#15669,#15670,#15671,#15672,#15673,#15674,#15675,#15676,#15677,#15678,#15679,#15680,#15681,#15682,#15683,#15684,#15685,#15686,#15687,#15688,#15689,#15690,#15691,#15692,#15693,#15694,#15695,#15696,#15697,#15698,#15699,#15700,#15701,#15702,#15703,#15704,#15705,#15706,#15707,#15708,#15709,#15710,#15711,#15712,#15713,#15714,#15715,#15716,#15717,#15718,#15719,#15720,#15721,#15722,#15723,#15724,#15725,#15726,#15727,#15728,#15729,#15730,#15731,#15732,#15733,#15734,#15735,#15736,#15737,#15738,#15739,#15740,#15741,#15742,#15743,#15744,#15745,#15746,#15747,#15748,#15749,#15750,#15751,#15752,#15753,#15754,#15755,#15756,#15757,#15758,#15759,#15760,#15761,#15762,#15763,#15764,#15765,#15766,#15767,#15768,#15769,#15770,#15771,#15772,#15773,#15774,#15775,#15776,#15777,#15778,#15779,#15780,#15781,#15782,#15783,#15784,#15785,#15786,#15787,#15788,#15789,#15790,#15791,#15792,#15793,#15794,#15795,#15796,#15797,#15798,#15799,#15800,#15801,#15802,#15803,#15804,#15805,#15806,#15807,#15808,#15809,#15810,#15811,#15812,#15813,#15814,#15815,#15816,#15817,#15818,#15819,#15820,#15821,#15822,#15823,#15824,#15825,#15826,#15827,#15828,#15829,#15830,#15831,#15832,#15833,#15834,#15835,#15836,#15837,#15838,#15839,#15840,#15841,#15842,#15843,#15844,#15845,#15846,#15847,#15848,#15849,#15850,#15851,#15852,#15853,#15854,#15855,#15856,#15857,#15858,#15859,#15860,#15861,#15862,#15863,#15864,#15865,#15866,#15867,#15868,#15869,#15870,#15871,#15872,#15873,#15874,#15875,#15876,#15877,#15878,#15879,#15880,#15881,#15882,#15883,#15884,#15885,#15886,#15887,#15888,#15889,#15890,#15891,#15892,#15893,#15894,#15895,#15896,#15897,#15898,#15899,#15900,#15901,#15902,#15903,#15904,#15905,#15906,#15907,#15908,#15909,#15910,#15911,#15912,#15913,#15914,#15915,#15916,#15917,#15918,#15919,#15920,#15921,#15922,#15923,#15924,#15925,#15926,#15927,#15928,#15929,#15930,#15931,#15932,#15933,#15934,#15935,#15936,#15937,#15938,#15939,#15940,#15941,#15942,#15943,#15944,#15945,#15946,#15947,#15948,#15949,#15950,#15951,#15952,#15953,#15954,#15955,#15956,#15957,#15958,#15959,#15960,#15961,#15962,#15963,#15964,#15965,#15966,#15967,#15968,#15969,#15970,#15971,#15972,#15973,#15974,#15975),$);
#15977=IFCSHAPEREPRESENTATION(#15,'Body','Tessellation',(#15976));
#15978=IFCREPRESENTATIONMAP(#14308,#15977);
#15979=IFCBUILDINGELEMENTPROXYTYPE('15Nh2yCfDF7Pw7irCqyQwu',$,'Sitting',$,$,$,(#15978),$,'HUMAN',.USERDEFINED.);
#15980=IFCBUILDINGELEMENTPROXY('0Dg_dNwdL1Lg6G$Oy0tkO8',$,'BuildingElementProxy',$,$,#16696,#15989,$,$);
#15981=IFCRELDEFINESBYTYPE('0wfb5bFSr6pwKcsZRM2vQF',$,$,$,(#21352,#15980,#16749,#16697,#16768,#16716,#16735),#14304);
#15982=IFCCARTESIANPOINT((0.,0.,0.));
#15983=IFCDIRECTION((1.,0.,0.));
#15984=IFCDIRECTION((0.,1.,0.));
#15985=IFCDIRECTION((0.,0.,1.));
#15986=IFCCARTESIANTRANSFORMATIONOPERATOR3D(#15983,#15984,#15982,1.,#15985);
#15987=IFCMAPPEDITEM(#14303,#15986);
#15988=IFCSHAPEREPRESENTATION(#15,'Body','MappedRepresentation',(#15987));
#15989=IFCPRODUCTDEFINITIONSHAPE($,$,(#15988));
#16073=IFCCARTESIANPOINTLIST2D(((0.,0.),(0.,0.1),(15.9824501945,0.1),(16.0942612347743,0.)),$);
#16074=IFCINDEXEDPOLYCURVE(#16073,(IFCLINEINDEX((1,2,3,4,1))),$);
#16075=IFCARBITRARYCLOSEDPROFILEDEF(.AREA.,$,#16074);
#16076=IFCCARTESIANPOINT((0.,0.,0.));
#16077=IFCDIRECTION((0.,0.,1.));
#16078=IFCDIRECTION((1.,0.,0.));
#16079=IFCAXIS2PLACEMENT3D(#16076,#16077,#16078);
#16080=IFCDIRECTION((0.,0.,1.));
#16081=IFCEXTRUDEDAREASOLID(#16075,#16079,#16080,3.5);
#16082=IFCSHAPEREPRESENTATION(#15,'Body','SweptSolid',(#16081));
#16083=IFCCARTESIANPOINTLIST2D(((0.,0.),(16.0942612347743,-3.57627868652344E-07)),$);
#16084=IFCINDEXEDPOLYCURVE(#16083,$,$);
#16085=IFCSHAPEREPRESENTATION(#27,'Axis','Curve2D',(#16084));
#16086=IFCCARTESIANPOINTLIST2D(((0.,0.),(0.11181104277428,0.1),(0.797218699066141,0.1),(0.727710988809751,0.)),$);
#16087=IFCINDEXEDPOLYCURVE(#16086,(IFCLINEINDEX((1,2,3,4,1))),$);
#16088=IFCARBITRARYCLOSEDPROFILEDEF(.AREA.,$,#16087);
#16089=IFCCARTESIANPOINT((0.,0.,0.));
#16090=IFCDIRECTION((0.,0.,1.));
#16091=IFCDIRECTION((1.,0.,0.));
#16092=IFCAXIS2PLACEMENT3D(#16089,#16090,#16091);
#16093=IFCDIRECTION((0.,0.,1.));
#16094=IFCEXTRUDEDAREASOLID(#16088,#16092,#16093,1.);
#16095=IFCSHAPEREPRESENTATION(#15,'Body','SweptSolid',(#16094));
#16096=IFCCARTESIANPOINTLIST2D(((0.,0.),(0.727710988809751,0.)),$);
#16097=IFCINDEXEDPOLYCURVE(#16096,$,$);
#16098=IFCSHAPEREPRESENTATION(#27,'Axis','Curve2D',(#16097));
#16141=IFCRELCONNECTSPATHELEMENTS('2dGyMNwfX97eUZ_NKQ2a8C',$,$,$,$,#4261,#1959,(),(),.ATSTART.,.ATEND.);
#16383=IFCFURNITURETYPE('16Ql1HFYjDfBkGCfMixdDi',$,'Kitchen_BCabinet_0.6x0.85',$,$,$,$,$,$,.NOTDEFINED.,.SHELF.);
#16384=IFCRELASSOCIATESMATERIAL('0HQLkEibnA6ANXMcwiUEFz',$,$,$,(#16383),#16389);
#16385=IFCCARTESIANPOINTLIST2D(((0.5,2.23517417907715E-08),(0.,0.),(0.,0.850000023841858),(0.600000023841858,0.850000023841858),(0.600000023841858,0.100000023841858),(0.5,0.100000023841858),(0.5,2.23517417907715E-08)),$);
#16386=IFCINDEXEDPOLYCURVE(#16385,$,$);
#16387=IFCARBITRARYCLOSEDPROFILEDEF(.AREA.,$,#16386);
#16388=IFCMATERIALPROFILE($,$,#260,#16387,$,$);
#16389=IFCMATERIALPROFILESET($,$,(#16388),$);
#16391=IFCRELDEFINESBYTYPE('3BvqSvdMD0UAI3JJvQ_aRj',$,$,$,(#16587,#18026,#16612,#16667,#18051,#18150,#18180,#18216,#18246,#20620,#20660,#24556,#24783,#25443,#25519),#16383);
#16413=IFCCARTESIANPOINT((0.,0.,0.));
#16414=IFCDIRECTION((0.,0.,1.));
#16415=IFCDIRECTION((1.,0.,0.));
#16416=IFCAXIS2PLACEMENT3D(#16413,#16414,#16415);
#16423=IFCCARTESIANPOINTLIST2D(((0.150000005960464,0.),(-0.150000005960464,0.),(-0.150000005960464,-0.300000011920929),(0.150000005960464,-0.300000011920929)),$);
#16424=IFCINDEXEDPOLYCURVE(#16423,(IFCLINEINDEX((3,2)),IFCLINEINDEX((2,1)),IFCLINEINDEX((1,4)),IFCLINEINDEX((4,3))),.F.);
#16425=IFCARBITRARYCLOSEDPROFILEDEF(.AREA.,$,#16424);
#16426=IFCCARTESIANPOINT((0.,0.,0.8));
#16427=IFCDIRECTION((0.,0.,1.));
#16428=IFCDIRECTION((1.,0.,0.));
#16429=IFCAXIS2PLACEMENT3D(#16426,#16427,#16428);
#16430=IFCDIRECTION((0.,0.,-1.));
#16431=IFCEXTRUDEDAREASOLID(#16425,#16429,#16430,0.05);
#16432=IFCCARTESIANPOINTLIST2D(((-0.15,0.),(-0.1,0.),(-0.1,-0.05),(-0.15,-0.05)),$);
#16433=IFCINDEXEDPOLYCURVE(#16432,(IFCLINEINDEX((1,2,3,4,1))),$);
#16434=IFCARBITRARYCLOSEDPROFILEDEF(.AREA.,$,#16433);
#16435=IFCCARTESIANPOINT((0.,0.,0.));
#16436=IFCDIRECTION((0.,0.,1.));
#16437=IFCDIRECTION((1.,0.,0.));
#16438=IFCAXIS2PLACEMENT3D(#16435,#16436,#16437);
#16439=IFCDIRECTION((0.,0.,1.));
#16440=IFCEXTRUDEDAREASOLID(#16434,#16438,#16439,0.75);
#16441=IFCCARTESIANPOINTLIST2D(((0.15,0.),(0.1,0.),(0.1,-0.05),(0.15,-0.05)),$);
#16442=IFCINDEXEDPOLYCURVE(#16441,(IFCLINEINDEX((1,2,3,4,1))),$);
#16443=IFCARBITRARYCLOSEDPROFILEDEF(.AREA.,$,#16442);
#16444=IFCCARTESIANPOINT((0.,0.,0.));
#16445=IFCDIRECTION((0.,0.,1.));
#16446=IFCDIRECTION((1.,0.,0.));
#16447=IFCAXIS2PLACEMENT3D(#16444,#16445,#16446);
#16448=IFCDIRECTION((0.,0.,1.));
#16449=IFCEXTRUDEDAREASOLID(#16443,#16447,#16448,0.75);
#16450=IFCCARTESIANPOINTLIST2D(((-0.15,-0.3),(-0.1,-0.3),(-0.1,-0.25),(-0.15,-0.25)),$);
#16451=IFCINDEXEDPOLYCURVE(#16450,(IFCLINEINDEX((1,2,3,4,1))),$);
#16452=IFCARBITRARYCLOSEDPROFILEDEF(.AREA.,$,#16451);
#16453=IFCCARTESIANPOINT((0.,0.,0.));
#16454=IFCDIRECTION((0.,0.,1.));
#16455=IFCDIRECTION((1.,0.,0.));
#16456=IFCAXIS2PLACEMENT3D(#16453,#16454,#16455);
#16457=IFCDIRECTION((0.,0.,1.));
#16458=IFCEXTRUDEDAREASOLID(#16452,#16456,#16457,0.75);
#16459=IFCCARTESIANPOINTLIST2D(((0.15,-0.3),(0.1,-0.3),(0.1,-0.25),(0.15,-0.25)),$);
#16460=IFCINDEXEDPOLYCURVE(#16459,(IFCLINEINDEX((1,2,3,4,1))),$);
#16461=IFCARBITRARYCLOSEDPROFILEDEF(.AREA.,$,#16460);
#16462=IFCCARTESIANPOINT((0.,0.,0.));
#16463=IFCDIRECTION((0.,0.,1.));
#16464=IFCDIRECTION((1.,0.,0.));
#16465=IFCAXIS2PLACEMENT3D(#16462,#16463,#16464);
#16466=IFCDIRECTION((0.,0.,1.));
#16467=IFCEXTRUDEDAREASOLID(#16461,#16465,#16466,0.75);
#16468=IFCSHAPEREPRESENTATION(#15,'Body','SweptSolid',(#16431,#16440,#16449,#16458,#16467));
#16469=IFCREPRESENTATIONMAP(#16416,#16468);
#16470=IFCCARTESIANPOINT((0.,0.,0.));
#16471=IFCDIRECTION((0.,0.,1.));
#16472=IFCDIRECTION((1.,0.,0.));
#16473=IFCAXIS2PLACEMENT3D(#16470,#16471,#16472);
#16479=IFCCARTESIANPOINTLIST2D(((-0.15,-0.3),(0.15,-0.3)),$);
#16480=IFCINDEXEDPOLYCURVE(#16479,$,$);
#16481=IFCCARTESIANPOINTLIST2D(((-0.15,-0.3),(-0.15,-0.15),(-0.106066017150879,-0.0439339904785156),(0.,0.),(0.106066009521484,-0.0439339904785156),(0.15,-0.15),(0.15,-0.3)),$);
#16482=IFCINDEXEDPOLYCURVE(#16481,(IFCLINEINDEX((1,2)),IFCARCINDEX((2,3,4)),IFCARCINDEX((4,5,6)),IFCLINEINDEX((6,7))),$);
#16483=IFCCARTESIANPOINTLIST2D(((-0.12,-0.3),(-0.12,-0.15),(-0.0848528137207031,-0.0651471862792969),(0.,-0.03),(0.0848528137207031,-0.0651471862792969),(0.12,-0.15),(0.12,-0.3)),$);
#16484=IFCINDEXEDPOLYCURVE(#16483,(IFCLINEINDEX((1,2)),IFCARCINDEX((2,3,4)),IFCARCINDEX((4,5,6)),IFCLINEINDEX((6,7))),$);
#16485=IFCSHAPEREPRESENTATION(#28,'Body','Curve2D',(#16480,#16482,#16484));
#16486=IFCREPRESENTATIONMAP(#16473,#16485);
#16487=IFCFURNITURETYPE('2o6Yg5e_fFTOheXihAMUZx',$,'Stool_0.3x0.3x0.65',$,$,$,(#16469,#16486),$,$,.NOTDEFINED.,.NOTDEFINED.);
#16488=IFCFURNITURE('31s3ne0qrBfgdsBhjQlu4q',$,'Furniture',$,$,#28632,#16497,$,$);
#16489=IFCRELDEFINESBYTYPE('3X6v11zVbDexvj19wbzKad',$,$,$,(#16488,#16510,#16536,#17507,#17533),#16487);
#16490=IFCCARTESIANPOINT((0.,0.,0.));
#16491=IFCDIRECTION((1.,0.,0.));
#16492=IFCDIRECTION((0.,1.,0.));
#16493=IFCDIRECTION((0.,0.,1.));
#16494=IFCCARTESIANTRANSFORMATIONOPERATOR3D(#16491,#16492,#16490,1.,#16493);
#16495=IFCMAPPEDITEM(#16469,#16494);
#16496=IFCSHAPEREPRESENTATION(#15,'Body','MappedRepresentation',(#16495));
#16497=IFCPRODUCTDEFINITIONSHAPE($,$,(#16496,#16504));
#16498=IFCCARTESIANPOINT((0.,0.,0.));
#16499=IFCDIRECTION((1.,0.,0.));
#16500=IFCDIRECTION((0.,1.,0.));
#16501=IFCDIRECTION((0.,0.,1.));
#16502=IFCCARTESIANTRANSFORMATIONOPERATOR3D(#16499,#16500,#16498,1.,#16501);
#16503=IFCMAPPEDITEM(#16486,#16502);
#16504=IFCSHAPEREPRESENTATION(#28,'Body','MappedRepresentation',(#16503));
#16510=IFCFURNITURE('3xHOubYGb3_fm0QDmpoBoJ',$,'Furniture',$,$,#28637,#16523,$,$);
#16516=IFCCARTESIANPOINT((0.,0.,0.));
#16517=IFCDIRECTION((1.,0.,0.));
#16518=IFCDIRECTION((0.,1.,0.));
#16519=IFCDIRECTION((0.,0.,1.));
#16520=IFCCARTESIANTRANSFORMATIONOPERATOR3D(#16517,#16518,#16516,1.,#16519);
#16521=IFCMAPPEDITEM(#16469,#16520);
#16522=IFCSHAPEREPRESENTATION(#15,'Body','MappedRepresentation',(#16521));
#16523=IFCPRODUCTDEFINITIONSHAPE($,$,(#16522,#16530));
#16524=IFCCARTESIANPOINT((0.,0.,0.));
#16525=IFCDIRECTION((1.,0.,0.));
#16526=IFCDIRECTION((0.,1.,0.));
#16527=IFCDIRECTION((0.,0.,1.));
#16528=IFCCARTESIANTRANSFORMATIONOPERATOR3D(#16525,#16526,#16524,1.,#16527);
#16529=IFCMAPPEDITEM(#16486,#16528);
#16530=IFCSHAPEREPRESENTATION(#28,'Body','MappedRepresentation',(#16529));
#16536=IFCFURNITURE('3e8mS2U2D62AE05rU8Gbsf',$,'Furniture',$,$,#28642,#16549,$,$);
#16542=IFCCARTESIANPOINT((0.,0.,0.));
#16543=IFCDIRECTION((1.,0.,0.));
#16544=IFCDIRECTION((0.,1.,0.));
#16545=IFCDIRECTION((0.,0.,1.));
#16546=IFCCARTESIANTRANSFORMATIONOPERATOR3D(#16543,#16544,#16542,1.,#16545);
#16547=IFCMAPPEDITEM(#16469,#16546);
#16548=IFCSHAPEREPRESENTATION(#15,'Body','MappedRepresentation',(#16547));
#16549=IFCPRODUCTDEFINITIONSHAPE($,$,(#16548,#16556));
#16550=IFCCARTESIANPOINT((0.,0.,0.));
#16551=IFCDIRECTION((1.,0.,0.));
#16552=IFCDIRECTION((0.,1.,0.));
#16553=IFCDIRECTION((0.,0.,1.));
#16554=IFCCARTESIANTRANSFORMATIONOPERATOR3D(#16551,#16552,#16550,1.,#16553);
#16555=IFCMAPPEDITEM(#16486,#16554);
#16556=IFCSHAPEREPRESENTATION(#28,'Body','MappedRepresentation',(#16555));
#16587=IFCFURNITURE('1TjZnqkLP0FfsPts0SLB8u',$,'Furniture',$,$,#28577,#16598,$,$);
#16593=IFCRELDEFINESBYPROPERTIES('0l77ugyJT3xxi$ETp3i9Gi',$,$,$,(#16587),#16594);
#16594=IFCPROPERTYSET('2ce11F16nC_gvSoRdijnz9',$,'EPset_Parametric',$,(#16595));
#16595=IFCPROPERTYSINGLEVALUE('Engine',$,IFCLABEL('Bonsai.DumbProfile'),$);
#16596=IFCRELASSOCIATESMATERIAL('3is1P8Un9899S1ZwfY07Zz',$,$,$,(#16587),#16597);
#16597=IFCMATERIALPROFILESETUSAGE(#16389,5,$);
#16598=IFCPRODUCTDEFINITIONSHAPE($,$,(#16599,#16602));
#16599=IFCSHAPEREPRESENTATION(#16,'Axis','Curve3D',(#16600));
#16600=IFCINDEXEDPOLYCURVE(#16601,$,.F.);
#16601=IFCCARTESIANPOINTLIST3D(((0.,0.,0.),(0.,0.,2.59910582058318)),$);
#16602=IFCSHAPEREPRESENTATION(#15,'Body','SweptSolid',(#16603));
#16603=IFCEXTRUDEDAREASOLID(#16604,#16607,#16611,2.59910582058318);
#16604=IFCARBITRARYCLOSEDPROFILEDEF(.AREA.,$,#16605);
#16605=IFCINDEXEDPOLYCURVE(#16606,$,$);
#16606=IFCCARTESIANPOINTLIST2D(((0.5,2.23517417907715E-08),(0.,0.),(0.,0.850000023841858),(0.600000023841858,0.850000023841858),(0.600000023841858,0.100000023841858),(0.5,0.100000023841858),(0.5,2.23517417907715E-08)),$);
#16607=IFCAXIS2PLACEMENT3D(#16608,#16609,#16610);
#16608=IFCCARTESIANPOINT((0.,0.,0.));
#16609=IFCDIRECTION((0.,0.,1.));
#16610=IFCDIRECTION((1.,0.,0.));
#16611=IFCDIRECTION((0.,0.,1.));
#16612=IFCFURNITURE('2ogmSN8X93wvdR$omvKXXb',$,'Furniture',$,$,#28582,#16623,$,$);
#16618=IFCRELDEFINESBYPROPERTIES('18m3FmYfTBPgZGUqb_GTuE',$,$,$,(#16612),#16619);
#16619=IFCPROPERTYSET('3lypYcTfn0KfAe_U4UUZNX',$,'EPset_Parametric',$,(#16620));
#16620=IFCPROPERTYSINGLEVALUE('Engine',$,IFCLABEL('Bonsai.DumbProfile'),$);
#16621=IFCRELASSOCIATESMATERIAL('3nPHxGnn94QAxzKSNtG3bD',$,$,$,(#16612),#16622);
#16622=IFCMATERIALPROFILESETUSAGE(#16389,5,$);
#16623=IFCPRODUCTDEFINITIONSHAPE($,$,(#16624,#16627));
#16624=IFCSHAPEREPRESENTATION(#16,'Axis','Curve3D',(#16625));
#16625=IFCINDEXEDPOLYCURVE(#16626,$,.F.);
#16626=IFCCARTESIANPOINTLIST3D(((0.,0.,0.),(0.,0.,2.59910582058318)),$);
#16627=IFCSHAPEREPRESENTATION(#15,'Body','SweptSolid',(#16628));
#16628=IFCEXTRUDEDAREASOLID(#16629,#16632,#16636,2.59910582058318);
#16629=IFCARBITRARYCLOSEDPROFILEDEF(.AREA.,$,#16630);
#16630=IFCINDEXEDPOLYCURVE(#16631,$,$);
#16631=IFCCARTESIANPOINTLIST2D(((0.5,2.23517417907715E-08),(0.,0.),(0.,0.850000023841858),(0.600000023841858,0.850000023841858),(0.600000023841858,0.100000023841858),(0.5,0.100000023841858),(0.5,2.23517417907715E-08)),$);
#16632=IFCAXIS2PLACEMENT3D(#16633,#16634,#16635);
#16633=IFCCARTESIANPOINT((0.,0.,0.));
#16634=IFCDIRECTION((0.,0.,1.));
#16635=IFCDIRECTION((1.,0.,0.));
#16636=IFCDIRECTION((0.,0.,1.));
#16667=IFCFURNITURE('0UFhA9TqH19hvR42ydHEum',$,'Furniture',$,$,#28837,#16678,$,$);
#16673=IFCRELDEFINESBYPROPERTIES('0UYJXBWS57BfhcZ_vOBni2',$,$,$,(#16667),#16674);
#16674=IFCPROPERTYSET('3G$endIr9CRPES7RaVV3G1',$,'EPset_Parametric',$,(#16675));
#16675=IFCPROPERTYSINGLEVALUE('Engine',$,IFCLABEL('Bonsai.DumbProfile'),$);
#16676=IFCRELASSOCIATESMATERIAL('3jKKhOPEPDxfFngrlypBTP',$,$,$,(#16667),#16677);
#16677=IFCMATERIALPROFILESETUSAGE(#16389,5,$);
#16678=IFCPRODUCTDEFINITIONSHAPE($,$,(#21454,#21461));
#16692=IFCCARTESIANPOINT((48.8943176269531,43.1172065734863,-0.445726561360061));
#16693=IFCDIRECTION((0.,0.,1.));
#16694=IFCDIRECTION((1.,0.,0.));
#16695=IFCAXIS2PLACEMENT3D(#16692,#16693,#16694);
#16696=IFCLOCALPLACEMENT(#2111,#16695);
#16697=IFCBUILDINGELEMENTPROXY('2nl$TExirDfOSkC4jpaqyV',$,'BuildingElementProxy',$,$,#29067,#16710,$,$);
#16703=IFCCARTESIANPOINT((0.,0.,0.));
#16704=IFCDIRECTION((1.,0.,0.));
#16705=IFCDIRECTION((0.,1.,0.));
#16706=IFCDIRECTION((0.,0.,1.));
#16707=IFCCARTESIANTRANSFORMATIONOPERATOR3D(#16704,#16705,#16703,1.,#16706);
#16708=IFCMAPPEDITEM(#14303,#16707);
#16709=IFCSHAPEREPRESENTATION(#15,'Body','MappedRepresentation',(#16708));
#16710=IFCPRODUCTDEFINITIONSHAPE($,$,(#16709));
#16716=IFCBUILDINGELEMENTPROXY('24AlhUESj3_v7iGlVPOY$E',$,'BuildingElementProxy',$,$,#29072,#16729,$,$);
#16722=IFCCARTESIANPOINT((0.,0.,0.));
#16723=IFCDIRECTION((1.,0.,0.));
#16724=IFCDIRECTION((0.,1.,0.));
#16725=IFCDIRECTION((0.,0.,1.));
#16726=IFCCARTESIANTRANSFORMATIONOPERATOR3D(#16723,#16724,#16722,1.,#16725);
#16727=IFCMAPPEDITEM(#14303,#16726);
#16728=IFCSHAPEREPRESENTATION(#15,'Body','MappedRepresentation',(#16727));
#16729=IFCPRODUCTDEFINITIONSHAPE($,$,(#16728));
#16735=IFCBUILDINGELEMENTPROXY('1K_LslBe16dvP99Xmf9JZq',$,'BuildingElementProxy',$,$,#29077,#16748,$,$);
#16741=IFCCARTESIANPOINT((0.,0.,0.));
#16742=IFCDIRECTION((1.,0.,0.));
#16743=IFCDIRECTION((0.,1.,0.));
#16744=IFCDIRECTION((0.,0.,1.));
#16745=IFCCARTESIANTRANSFORMATIONOPERATOR3D(#16742,#16743,#16741,1.,#16744);
#16746=IFCMAPPEDITEM(#14303,#16745);
#16747=IFCSHAPEREPRESENTATION(#15,'Body','MappedRepresentation',(#16746));
#16748=IFCPRODUCTDEFINITIONSHAPE($,$,(#16747));
#16749=IFCBUILDINGELEMENTPROXY('2qTaUcFN5AwOeB2kkJD2mf',$,'BuildingElementProxy',$,$,#29082,#16762,$,$);
#16755=IFCCARTESIANPOINT((0.,0.,0.));
#16756=IFCDIRECTION((1.,0.,0.));
#16757=IFCDIRECTION((0.,1.,0.));
#16758=IFCDIRECTION((0.,0.,1.));
#16759=IFCCARTESIANTRANSFORMATIONOPERATOR3D(#16756,#16757,#16755,1.,#16758);
#16760=IFCMAPPEDITEM(#14303,#16759);
#16761=IFCSHAPEREPRESENTATION(#15,'Body','MappedRepresentation',(#16760));
#16762=IFCPRODUCTDEFINITIONSHAPE($,$,(#16761));
#16768=IFCBUILDINGELEMENTPROXY('0786M$rcj0UOzBpSf8pmb3',$,'BuildingElementProxy',$,$,#29087,#16781,$,$);
#16774=IFCCARTESIANPOINT((0.,0.,0.));
#16775=IFCDIRECTION((1.,0.,0.));
#16776=IFCDIRECTION((0.,1.,0.));
#16777=IFCDIRECTION((0.,0.,1.));
#16778=IFCCARTESIANTRANSFORMATIONOPERATOR3D(#16775,#16776,#16774,1.,#16777);
#16779=IFCMAPPEDITEM(#14303,#16778);
#16780=IFCSHAPEREPRESENTATION(#15,'Body','MappedRepresentation',(#16779));
#16781=IFCPRODUCTDEFINITIONSHAPE($,$,(#16780));
#16782=IFCSANITARYTERMINAL('0Z$a1qjRzCde4jjDPjMZll',$,'SanitaryTerminal',$,$,#28937,#16795,$,$);
#16788=IFCCARTESIANPOINT((0.,0.,0.));
#16789=IFCDIRECTION((1.,0.,0.));
#16790=IFCDIRECTION((0.,1.,0.));
#16791=IFCDIRECTION((0.,0.,1.));
#16792=IFCCARTESIANTRANSFORMATIONOPERATOR3D(#16789,#16790,#16788,1.,#16791);
#16793=IFCMAPPEDITEM(#8790,#16792);
#16794=IFCSHAPEREPRESENTATION(#15,'Body','MappedRepresentation',(#16793));
#16795=IFCPRODUCTDEFINITIONSHAPE($,$,(#16794,#16802));
#16796=IFCCARTESIANPOINT((0.,0.,0.));
#16797=IFCDIRECTION((1.,0.,0.));
#16798=IFCDIRECTION((0.,1.,0.));
#16799=IFCDIRECTION((0.,0.,1.));
#16800=IFCCARTESIANTRANSFORMATIONOPERATOR3D(#16797,#16798,#16796,1.,#16799);
#16801=IFCMAPPEDITEM(#8807,#16800);
#16802=IFCSHAPEREPRESENTATION(#28,'Body','MappedRepresentation',(#16801));
#16830=IFCWALL('2rIaByqmf2cB60p90hdY5F',$,'Wall',$,$,#28687,#16841,$,$);
#16836=IFCRELDEFINESBYPROPERTIES('0FVuFz1h1Bo8RualLav7iI',$,$,$,(#16830),#16837);
#16837=IFCPROPERTYSET('2iMNWaVaz3i9ntK5N3jAG4',$,'EPset_Parametric',$,(#16838));
#16838=IFCPROPERTYSINGLEVALUE('Engine',$,IFCLABEL('Bonsai.DumbLayer2'),$);
#16839=IFCRELASSOCIATESMATERIAL('1FT9wWzlLF48NsBVZl_TOC',$,$,$,(#16830),#16840);
#16840=IFCMATERIALLAYERSETUSAGE(#396,.AXIS2.,.POSITIVE.,0.,$);
#16841=IFCPRODUCTDEFINITIONSHAPE($,$,(#20203,#20200));
#16917=IFCSTAIRFLIGHT('2vz4h8POX6GPvf4dawSVq9',$,'StairFlight',$,$,#29007,#16926,$,14,13,0.160714285714286,0.150000005960464,.STRAIGHT.);
#16918=IFCRELDEFINESBYTYPE('2AwOyomx1Cxvc2m1w8Njib',$,$,$,(#16917),#6313);
#16919=IFCCARTESIANPOINT((0.,0.,0.));
#16920=IFCDIRECTION((1.,0.,0.));
#16921=IFCDIRECTION((0.,1.,0.));
#16922=IFCDIRECTION((0.,0.,1.));
#16923=IFCCARTESIANTRANSFORMATIONOPERATOR3D(#16920,#16921,#16919,1.,#16922);
#16924=IFCMAPPEDITEM(#6303,#16923);
#16925=IFCSHAPEREPRESENTATION(#15,'Body','MappedRepresentation',(#16924));
#16926=IFCPRODUCTDEFINITIONSHAPE($,$,(#16925,#26642));
#16944=IFCWALL('2ygGbliK1D0vPadB9pMj70',$,'Wall',$,$,#28797,#16955,$,$);
#16950=IFCRELDEFINESBYPROPERTIES('3uvu68Sq56cg$ayES9ocbd',$,$,$,(#16944),#16951);
#16951=IFCPROPERTYSET('3nmgbMprTF8uDEuEp7Xon1',$,'EPset_Parametric',$,(#16952));
#16952=IFCPROPERTYSINGLEVALUE('Engine',$,IFCLABEL('Bonsai.DumbLayer2'),$);
#16953=IFCRELASSOCIATESMATERIAL('3myRJy_fb6kAszZSumAZTh',$,$,$,(#16944),#16954);
#16954=IFCMATERIALLAYERSETUSAGE(#396,.AXIS2.,.POSITIVE.,0.,$);
#16955=IFCPRODUCTDEFINITIONSHAPE($,$,(#21126,#21123));
#16969=IFCRELCONNECTSPATHELEMENTS('05gT0$DJDC5BuMwZw6chuJ',$,$,$,$,#1959,#16944,(),(),.ATEND.,.ATEND.);
#17044=IFCWALL('28mJH_Qkz2cB_CJyuRWyOY',$,'Wall',$,$,#28657,#17055,$,$);
#17050=IFCRELDEFINESBYPROPERTIES('1L2CSrkUTCqfZgO8q8UqUk',$,$,$,(#17044),#17051);
#17051=IFCPROPERTYSET('3oI4irLub1FR3CsWsbJMB7',$,'EPset_Parametric',$,(#17052));
#17052=IFCPROPERTYSINGLEVALUE('Engine',$,IFCLABEL('Bonsai.DumbLayer2'),$);
#17053=IFCRELASSOCIATESMATERIAL('2dQhDvlhbF_PZN33I1k8Nx',$,$,$,(#17044),#17054);
#17054=IFCMATERIALLAYERSETUSAGE(#396,.AXIS2.,.POSITIVE.,0.,$);
#17055=IFCPRODUCTDEFINITIONSHAPE($,$,(#18707,#18704));
#17074=IFCRELCONNECTSPATHELEMENTS('1Z$_aVfVzFMBWEEKLSKM_w',$,$,$,$,#17044,#11334,(),(),.ATEND.,.ATEND.);
#17159=IFCSANITARYTERMINAL('2O_O8GFRfALul361O1GWCl',$,'SanitaryTerminal',$,$,#28942,#17172,$,$);
#17165=IFCCARTESIANPOINT((0.,0.,0.));
#17166=IFCDIRECTION((1.,0.,0.));
#17167=IFCDIRECTION((0.,1.,0.));
#17168=IFCDIRECTION((0.,0.,1.));
#17169=IFCCARTESIANTRANSFORMATIONOPERATOR3D(#17166,#17167,#17165,1.,#17168);
#17170=IFCMAPPEDITEM(#8790,#17169);
#17171=IFCSHAPEREPRESENTATION(#15,'Body','MappedRepresentation',(#17170));
#17172=IFCPRODUCTDEFINITIONSHAPE($,$,(#17171,#17179));
#17173=IFCCARTESIANPOINT((0.,0.,0.));
#17174=IFCDIRECTION((1.,0.,0.));
#17175=IFCDIRECTION((0.,1.,0.));
#17176=IFCDIRECTION((0.,0.,1.));
#17177=IFCCARTESIANTRANSFORMATIONOPERATOR3D(#17174,#17175,#17173,1.,#17176);
#17178=IFCMAPPEDITEM(#8807,#17177);
#17179=IFCSHAPEREPRESENTATION(#28,'Body','MappedRepresentation',(#17178));
#17185=IFCSANITARYTERMINAL('37P0S3YaH7Qhi7GPY$xf1I',$,'SanitaryTerminal',$,$,#28947,#17198,$,$);
#17191=IFCCARTESIANPOINT((0.,0.,0.));
#17192=IFCDIRECTION((1.,0.,0.));
#17193=IFCDIRECTION((0.,1.,0.));
#17194=IFCDIRECTION((0.,0.,1.));
#17195=IFCCARTESIANTRANSFORMATIONOPERATOR3D(#17192,#17193,#17191,1.,#17194);
#17196=IFCMAPPEDITEM(#8790,#17195);
#17197=IFCSHAPEREPRESENTATION(#15,'Body','MappedRepresentation',(#17196));
#17198=IFCPRODUCTDEFINITIONSHAPE($,$,(#17197,#17205));
#17199=IFCCARTESIANPOINT((0.,0.,0.));
#17200=IFCDIRECTION((1.,0.,0.));
#17201=IFCDIRECTION((0.,1.,0.));
#17202=IFCDIRECTION((0.,0.,1.));
#17203=IFCCARTESIANTRANSFORMATIONOPERATOR3D(#17200,#17201,#17199,1.,#17202);
#17204=IFCMAPPEDITEM(#8807,#17203);
#17205=IFCSHAPEREPRESENTATION(#28,'Body','MappedRepresentation',(#17204));
#17206=IFCWALL('3IVFtBGWbAFfIXbg5v6HLZ',$,'Wall',$,$,#28662,#17217,$,$);
#17212=IFCRELASSOCIATESMATERIAL('0K5lY7KCXENRT8wikY56ty',$,$,$,(#17206),#17213);
#17213=IFCMATERIALLAYERSETUSAGE(#396,.AXIS2.,.POSITIVE.,0.,$);
#17214=IFCRELDEFINESBYPROPERTIES('1AiO7C6cvFFP39qGZLCk0T',$,$,$,(#17206),#17215);
#17215=IFCPROPERTYSET('3FO28WHyHBCw1AWqsMDM4$',$,'EPset_Parametric',$,(#17216));
#17216=IFCPROPERTYSINGLEVALUE('Engine',$,IFCLABEL('Bonsai.DumbLayer2'),$);
#17217=IFCPRODUCTDEFINITIONSHAPE($,$,(#18829,#18826));
#17291=IFCWALL('2Ud7NINH58uhxgireWG4hY',$,'Wall',$,$,#29012,#17302,$,$);
#17297=IFCRELDEFINESBYPROPERTIES('1mWOpnEMD8AhznWG5V4hRp',$,$,$,(#17291),#17298);
#17298=IFCPROPERTYSET('0VXQX8YF55nAIP6$JxEpwG',$,'EPset_Parametric',$,(#17299));
#17299=IFCPROPERTYSINGLEVALUE('Engine',$,IFCLABEL('Bonsai.DumbLayer2'),$);
#17300=IFCRELASSOCIATESMATERIAL('3K6j9nTuHAQwtFBKtQUAOl',$,$,$,(#17291),#17301);
#17301=IFCMATERIALLAYERSETUSAGE(#396,.AXIS2.,.POSITIVE.,0.,$);
#17302=IFCPRODUCTDEFINITIONSHAPE($,$,(#20028,#20025));
#17334=IFCWALL('3WHHV6T6H1OALWJYWalrhd',$,'Wall',$,$,#28667,#17345,$,$);
#17340=IFCRELDEFINESBYPROPERTIES('2dZs2qn6L19AYDLQ4oiThZ',$,$,$,(#17334),#17341);
#17341=IFCPROPERTYSET('11_1V_aLnF9fMtxxe0$G2h',$,'EPset_Parametric',$,(#17342));
#17342=IFCPROPERTYSINGLEVALUE('Engine',$,IFCLABEL('Bonsai.DumbLayer2'),$);
#17343=IFCRELASSOCIATESMATERIAL('0L6hjYPs549RkbkMDR7teQ',$,$,$,(#17334),#17344);
#17344=IFCMATERIALLAYERSETUSAGE(#396,.AXIS2.,.POSITIVE.,0.,$);
#17345=IFCPRODUCTDEFINITIONSHAPE($,$,(#18751,#18748));
#17465=IFCSANITARYTERMINAL('1qpAjakbbEBvacIt3EPcIC',$,'SanitaryTerminal',$,$,#28617,#17478,$,$);
#17471=IFCCARTESIANPOINT((0.,0.,0.));
#17472=IFCDIRECTION((1.,0.,0.));
#17473=IFCDIRECTION((0.,1.,0.));
#17474=IFCDIRECTION((0.,0.,1.));
#17475=IFCCARTESIANTRANSFORMATIONOPERATOR3D(#17472,#17473,#17471,1.,#17474);
#17476=IFCMAPPEDITEM(#8714,#17475);
#17477=IFCSHAPEREPRESENTATION(#15,'Body','MappedRepresentation',(#17476));
#17478=IFCPRODUCTDEFINITIONSHAPE($,$,(#17477,#17485));
#17479=IFCCARTESIANPOINT((0.,0.,0.));
#17480=IFCDIRECTION((1.,0.,0.));
#17481=IFCDIRECTION((0.,1.,0.));
#17482=IFCDIRECTION((0.,0.,1.));
#17483=IFCCARTESIANTRANSFORMATIONOPERATOR3D(#17480,#17481,#17479,1.,#17482);
#17484=IFCMAPPEDITEM(#8730,#17483);
#17485=IFCSHAPEREPRESENTATION(#28,'Body','MappedRepresentation',(#17484));
#17507=IFCFURNITURE('0yXNtWkmL4UgFV4caMzXs1',$,'Furniture',$,$,#28647,#17520,$,$);
#17513=IFCCARTESIANPOINT((0.,0.,0.));
#17514=IFCDIRECTION((1.,0.,0.));
#17515=IFCDIRECTION((0.,1.,0.));
#17516=IFCDIRECTION((0.,0.,1.));
#17517=IFCCARTESIANTRANSFORMATIONOPERATOR3D(#17514,#17515,#17513,1.,#17516);
#17518=IFCMAPPEDITEM(#16469,#17517);
#17519=IFCSHAPEREPRESENTATION(#15,'Body','MappedRepresentation',(#17518));
#17520=IFCPRODUCTDEFINITIONSHAPE($,$,(#17519,#17527));
#17521=IFCCARTESIANPOINT((0.,0.,0.));
#17522=IFCDIRECTION((1.,0.,0.));
#17523=IFCDIRECTION((0.,1.,0.));
#17524=IFCDIRECTION((0.,0.,1.));
#17525=IFCCARTESIANTRANSFORMATIONOPERATOR3D(#17522,#17523,#17521,1.,#17524);
#17526=IFCMAPPEDITEM(#16486,#17525);
#17527=IFCSHAPEREPRESENTATION(#28,'Body','MappedRepresentation',(#17526));
#17533=IFCFURNITURE('2n10dhq4X77RXGzZrNBJt6',$,'Furniture',$,$,#28652,#17546,$,$);
#17539=IFCCARTESIANPOINT((0.,0.,0.));
#17540=IFCDIRECTION((1.,0.,0.));
#17541=IFCDIRECTION((0.,1.,0.));
#17542=IFCDIRECTION((0.,0.,1.));
#17543=IFCCARTESIANTRANSFORMATIONOPERATOR3D(#17540,#17541,#17539,1.,#17542);
#17544=IFCMAPPEDITEM(#16469,#17543);
#17545=IFCSHAPEREPRESENTATION(#15,'Body','MappedRepresentation',(#17544));
#17546=IFCPRODUCTDEFINITIONSHAPE($,$,(#17545,#17553));
#17547=IFCCARTESIANPOINT((0.,0.,0.));
#17548=IFCDIRECTION((1.,0.,0.));
#17549=IFCDIRECTION((0.,1.,0.));
#17550=IFCDIRECTION((0.,0.,1.));
#17551=IFCCARTESIANTRANSFORMATIONOPERATOR3D(#17548,#17549,#17547,1.,#17550);
#17552=IFCMAPPEDITEM(#16486,#17551);
#17553=IFCSHAPEREPRESENTATION(#28,'Body','MappedRepresentation',(#17552));
#17758=IFCWALL('0i7vO5N8HEiQkG9bHpdKgN',$,'Wall',$,$,#28697,#17769,$,$);
#17764=IFCRELASSOCIATESMATERIAL('1uDMJeh3TDnuygSk8fKMgU',$,$,$,(#17758),#17765);
#17765=IFCMATERIALLAYERSETUSAGE(#396,.AXIS2.,.POSITIVE.,0.,$);
#17766=IFCRELDEFINESBYPROPERTIES('2J9R0Qc6DCmgEQa48BYyEx',$,$,$,(#17758),#17767);
#17767=IFCPROPERTYSET('074YbS6MH0ZQeFwDmzt6kh',$,'EPset_Parametric',$,(#17768));
#17768=IFCPROPERTYSINGLEVALUE('Engine',$,IFCLABEL('Bonsai.DumbLayer2'),$);
#17769=IFCPRODUCTDEFINITIONSHAPE($,$,(#20374,#20371));
#18026=IFCFURNITURE('1N44zCs$XC0OAL79Z8ncN4',$,'Furniture',$,$,#28587,#18037,$,$);
#18032=IFCRELDEFINESBYPROPERTIES('1jPqixMWD1691d_58hVL6W',$,$,$,(#18026),#18033);
#18033=IFCPROPERTYSET('21bLyU$V56Sfox0raCEI__',$,'EPset_Parametric',$,(#18034));
#18034=IFCPROPERTYSINGLEVALUE('Engine',$,IFCLABEL('Bonsai.DumbProfile'),$);
#18035=IFCRELASSOCIATESMATERIAL('1Uq1MywPf51e5KDosR$vTc',$,$,$,(#18026),#18036);
#18036=IFCMATERIALPROFILESETUSAGE(#16389,5,$);
#18037=IFCPRODUCTDEFINITIONSHAPE($,$,(#18038,#18041));
#18038=IFCSHAPEREPRESENTATION(#16,'Axis','Curve3D',(#18039));
#18039=IFCINDEXEDPOLYCURVE(#18040,$,.F.);
#18040=IFCCARTESIANPOINTLIST3D(((0.,0.,0.),(0.,0.,2.59910582058318)),$);
#18041=IFCSHAPEREPRESENTATION(#15,'Body','SweptSolid',(#18042));
#18042=IFCEXTRUDEDAREASOLID(#18043,#18046,#18050,2.59910582058318);
#18043=IFCARBITRARYCLOSEDPROFILEDEF(.AREA.,$,#18044);
#18044=IFCINDEXEDPOLYCURVE(#18045,$,$);
#18045=IFCCARTESIANPOINTLIST2D(((0.5,2.23517417907715E-08),(0.,0.),(0.,0.850000023841858),(0.600000023841858,0.850000023841858),(0.600000023841858,0.100000023841858),(0.5,0.100000023841858),(0.5,2.23517417907715E-08)),$);
#18046=IFCAXIS2PLACEMENT3D(#18047,#18048,#18049);
#18047=IFCCARTESIANPOINT((0.,0.,0.));
#18048=IFCDIRECTION((0.,0.,1.));
#18049=IFCDIRECTION((1.,0.,0.));
#18050=IFCDIRECTION((0.,0.,1.));
#18051=IFCFURNITURE('2Nbt3sf_LF5RffUM40i9Ez',$,'Furniture',$,$,#28592,#18062,$,$);
#18057=IFCRELDEFINESBYPROPERTIES('0pv7Y3UxX5L9B2RTLUD61m',$,$,$,(#18051),#18058);
#18058=IFCPROPERTYSET('0_6vwClVjAJwitWB9S5HT$',$,'EPset_Parametric',$,(#18059));
#18059=IFCPROPERTYSINGLEVALUE('Engine',$,IFCLABEL('Bonsai.DumbProfile'),$);
#18060=IFCRELASSOCIATESMATERIAL('062MZhKLTCFP_mNbR2xx4k',$,$,$,(#18051),#18061);
#18061=IFCMATERIALPROFILESETUSAGE(#16389,5,$);
#18062=IFCPRODUCTDEFINITIONSHAPE($,$,(#18078,#18085));
#18076=IFCCARTESIANPOINTLIST3D(((-1.29311411001254E-06,-1.10085638382884E-08,-1.85089641036029E-06),(-1.78280333784642E-06,6.96236979180753E-09,1.73568534851074)),$);
#18077=IFCINDEXEDPOLYCURVE(#18076,$,.F.);
#18078=IFCSHAPEREPRESENTATION(#16,'Axis','Curve3D',(#18077));
#18079=IFCCARTESIANPOINT((0.,0.,0.));
#18080=IFCDIRECTION((0.,0.,1.));
#18081=IFCDIRECTION((1.,0.,0.));
#18082=IFCAXIS2PLACEMENT3D(#18079,#18080,#18081);
#18083=IFCDIRECTION((0.,0.,1.));
#18084=IFCEXTRUDEDAREASOLID(#16387,#18082,#18083,1.73568724056706);
#18085=IFCSHAPEREPRESENTATION(#15,'Body','SweptSolid',(#18084));
#18150=IFCFURNITURE('1EPqvLftHAvOxDzztt0qed',$,'Furniture',$,$,#28757,#18161,$,$);
#18156=IFCRELDEFINESBYPROPERTIES('2luAXom0D3IP5Kw8IPwNBF',$,$,$,(#18150),#18157);
#18157=IFCPROPERTYSET('19u6RXolj2r8mbaZbgojk7',$,'EPset_Parametric',$,(#18158));
#18158=IFCPROPERTYSINGLEVALUE('Engine',$,IFCLABEL('Bonsai.DumbProfile'),$);
#18159=IFCRELASSOCIATESMATERIAL('1x8dhj3cj5Khj2gS$2Ne7U',$,$,$,(#18150),#18160);
#18160=IFCMATERIALPROFILESETUSAGE(#16389,5,$);
#18161=IFCPRODUCTDEFINITIONSHAPE($,$,(#20607,#20614));
#18180=IFCFURNITURE('3fCBuG2tv7GhsgdgzbnzdH',$,'Furniture',$,$,#28752,#18191,$,$);
#18186=IFCRELASSOCIATESMATERIAL('1SP4TkATT4RftZrALRqWe9',$,$,$,(#18180),#18187);
#18187=IFCMATERIALPROFILESETUSAGE(#16389,5,$);
#18188=IFCRELDEFINESBYPROPERTIES('0GjFECRzj8BwpbRndzyfPq',$,$,$,(#18180),#18189);
#18189=IFCPROPERTYSET('1KuSF2PK97au5bgxe$MSDO',$,'EPset_Parametric',$,(#18190));
#18190=IFCPROPERTYSINGLEVALUE('Engine',$,IFCLABEL('Bonsai.DumbProfile'),$);
#18191=IFCPRODUCTDEFINITIONSHAPE($,$,(#20592,#20599));
#18216=IFCFURNITURE('0ujyPKdkz6DAxVcqhb7cRh',$,'Furniture',$,$,#28597,#18227,$,$);
#18222=IFCRELDEFINESBYPROPERTIES('26KMqc7Xj0luGEB6u_3uXy',$,$,$,(#18216),#18223);
#18223=IFCPROPERTYSET('2fNRW6_RL5rB8F3S1fqA2k',$,'EPset_Parametric',$,(#18224));
#18224=IFCPROPERTYSINGLEVALUE('Engine',$,IFCLABEL('Bonsai.DumbProfile'),$);
#18225=IFCRELASSOCIATESMATERIAL('170p70Km9DMB16LyipmNM0',$,$,$,(#18216),#18226);
#18226=IFCMATERIALPROFILESETUSAGE(#16389,5,$);
#18227=IFCPRODUCTDEFINITIONSHAPE($,$,(#18228,#18231));
#18228=IFCSHAPEREPRESENTATION(#16,'Axis','Curve3D',(#18229));
#18229=IFCINDEXEDPOLYCURVE(#18230,$,.F.);
#18230=IFCCARTESIANPOINTLIST3D(((0.,0.,0.),(0.,0.,2.59910582058318)),$);
#18231=IFCSHAPEREPRESENTATION(#15,'Body','SweptSolid',(#18232));
#18232=IFCEXTRUDEDAREASOLID(#18233,#18236,#18240,2.59910582058318);
#18233=IFCARBITRARYCLOSEDPROFILEDEF(.AREA.,$,#18234);
#18234=IFCINDEXEDPOLYCURVE(#18235,$,$);
#18235=IFCCARTESIANPOINTLIST2D(((0.5,2.23517417907715E-08),(0.,0.),(0.,0.850000023841858),(0.600000023841858,0.850000023841858),(0.600000023841858,0.100000023841858),(0.5,0.100000023841858),(0.5,2.23517417907715E-08)),$);
#18236=IFCAXIS2PLACEMENT3D(#18237,#18238,#18239);
#18237=IFCCARTESIANPOINT((0.,0.,0.));
#18238=IFCDIRECTION((0.,0.,1.));
#18239=IFCDIRECTION((1.,0.,0.));
#18240=IFCDIRECTION((0.,0.,1.));
#18246=IFCFURNITURE('3_VlQcKzH7Y8hI7ZvBJyB5',$,'Furniture',$,$,#28602,#18257,$,$);
#18252=IFCRELDEFINESBYPROPERTIES('3g3BUfqGn3k9zn1ZldZ__d',$,$,$,(#18246),#18253);
#18253=IFCPROPERTYSET('0mRLi7T3r5u82OZ2k048F0',$,'EPset_Parametric',$,(#18254));
#18254=IFCPROPERTYSINGLEVALUE('Engine',$,IFCLABEL('Bonsai.DumbProfile'),$);
#18255=IFCRELASSOCIATESMATERIAL('28OrHe2kb6dxNjxP5nEIVF',$,$,$,(#18246),#18256);
#18256=IFCMATERIALPROFILESETUSAGE(#16389,5,$);
#18257=IFCPRODUCTDEFINITIONSHAPE($,$,(#18258,#18261));
#18258=IFCSHAPEREPRESENTATION(#16,'Axis','Curve3D',(#18259));
#18259=IFCINDEXEDPOLYCURVE(#18260,$,.F.);
#18260=IFCCARTESIANPOINTLIST3D(((0.,0.,0.),(0.,0.,2.59910582058318)),$);
#18261=IFCSHAPEREPRESENTATION(#15,'Body','SweptSolid',(#18262));
#18262=IFCEXTRUDEDAREASOLID(#18263,#18266,#18270,2.59910582058318);
#18263=IFCARBITRARYCLOSEDPROFILEDEF(.AREA.,$,#18264);
#18264=IFCINDEXEDPOLYCURVE(#18265,$,$);
#18265=IFCCARTESIANPOINTLIST2D(((0.5,2.23517417907715E-08),(0.,0.),(0.,0.850000023841858),(0.600000023841858,0.850000023841858),(0.600000023841858,0.100000023841858),(0.5,0.100000023841858),(0.5,2.23517417907715E-08)),$);
#18266=IFCAXIS2PLACEMENT3D(#18267,#18268,#18269);
#18267=IFCCARTESIANPOINT((0.,0.,0.));
#18268=IFCDIRECTION((0.,0.,1.));
#18269=IFCDIRECTION((1.,0.,0.));
#18270=IFCDIRECTION((0.,0.,1.));
#18560=IFCCARTESIANPOINTLIST2D(((0.,0.),(-0.200000081952917,0.2),(3.83431556975411,0.2),(3.63431567704994,0.)),$);
#18561=IFCINDEXEDPOLYCURVE(#18560,(IFCLINEINDEX((1,2,3,4,1))),$);
#18562=IFCARBITRARYCLOSEDPROFILEDEF(.AREA.,$,#18561);
#18563=IFCCARTESIANPOINT((0.,0.,0.));
#18564=IFCDIRECTION((0.,0.,1.));
#18565=IFCDIRECTION((1.,0.,0.));
#18566=IFCAXIS2PLACEMENT3D(#18563,#18564,#18565);
#18567=IFCDIRECTION((0.,0.,1.));
#18568=IFCEXTRUDEDAREASOLID(#18562,#18566,#18567,3.);
#18569=IFCSHAPEREPRESENTATION(#15,'Body','SweptSolid',(#18568));
#18570=IFCCARTESIANPOINTLIST2D(((0.,0.),(3.83431567704995,5.67168171983212E-07)),$);
#18571=IFCINDEXEDPOLYCURVE(#18570,$,$);
#18572=IFCSHAPEREPRESENTATION(#27,'Axis','Curve2D',(#18571));
#18586=IFCCARTESIANPOINTLIST2D(((0.199999999999963,0.),(0.199999787919044,0.2),(4.85424607597712,0.2),(5.05424607297679,0.)),$);
#18587=IFCINDEXEDPOLYCURVE(#18586,(IFCLINEINDEX((1,2,3,4,1))),$);
#18588=IFCARBITRARYCLOSEDPROFILEDEF(.AREA.,$,#18587);
#18589=IFCCARTESIANPOINT((0.,0.,0.));
#18590=IFCDIRECTION((0.,0.,1.));
#18591=IFCDIRECTION((1.,0.,0.));
#18592=IFCAXIS2PLACEMENT3D(#18589,#18590,#18591);
#18593=IFCDIRECTION((0.,0.,1.));
#18594=IFCEXTRUDEDAREASOLID(#18588,#18592,#18593,3.);
#18595=IFCSHAPEREPRESENTATION(#15,'Body','SweptSolid',(#18594));
#18596=IFCCARTESIANPOINTLIST2D(((0.,0.),(4.85424607297679,1.81334507942665E-06)),$);
#18597=IFCINDEXEDPOLYCURVE(#18596,$,$);
#18598=IFCSHAPEREPRESENTATION(#27,'Axis','Curve2D',(#18597));
#18695=IFCCARTESIANPOINTLIST2D(((0.,0.),(0.,0.2),(2.26309302207944,0.2),(2.46309269623982,0.)),$);
#18696=IFCINDEXEDPOLYCURVE(#18695,(IFCLINEINDEX((1,2,3,4,1))),$);
#18697=IFCARBITRARYCLOSEDPROFILEDEF(.AREA.,$,#18696);
#18698=IFCCARTESIANPOINT((0.,0.,0.));
#18699=IFCDIRECTION((0.,0.,1.));
#18700=IFCDIRECTION((1.,0.,0.));
#18701=IFCAXIS2PLACEMENT3D(#18698,#18699,#18700);
#18702=IFCDIRECTION((0.,0.,1.));
#18703=IFCEXTRUDEDAREASOLID(#18697,#18701,#18702,3.);
#18704=IFCSHAPEREPRESENTATION(#15,'Body','SweptSolid',(#18703));
#18705=IFCCARTESIANPOINTLIST2D(((0.,0.),(2.26309269623977,-4.62932916889258E-07)),$);
#18706=IFCINDEXEDPOLYCURVE(#18705,$,$);
#18707=IFCSHAPEREPRESENTATION(#27,'Axis','Curve2D',(#18706));
#18739=IFCCARTESIANPOINTLIST2D(((0.,0.),(2.21430772642376E-07,0.2),(0.985829412937065,0.2),(0.985829412937065,0.)),$);
#18740=IFCINDEXEDPOLYCURVE(#18739,(IFCLINEINDEX((1,2,3,4,1))),$);
#18741=IFCARBITRARYCLOSEDPROFILEDEF(.AREA.,$,#18740);
#18742=IFCCARTESIANPOINT((0.,0.,0.));
#18743=IFCDIRECTION((0.,0.,1.));
#18744=IFCDIRECTION((1.,0.,0.));
#18745=IFCAXIS2PLACEMENT3D(#18742,#18743,#18744);
#18746=IFCDIRECTION((0.,0.,1.));
#18747=IFCEXTRUDEDAREASOLID(#18741,#18745,#18746,3.);
#18748=IFCSHAPEREPRESENTATION(#15,'Body','SweptSolid',(#18747));
#18749=IFCCARTESIANPOINTLIST2D(((0.,0.),(0.985829412937065,-8.68234479867169E-08)),$);
#18750=IFCINDEXEDPOLYCURVE(#18749,$,$);
#18751=IFCSHAPEREPRESENTATION(#27,'Axis','Curve2D',(#18750));
#18817=IFCCARTESIANPOINTLIST2D(((0.,0.),(0.,0.2),(1.20000004768372,0.2),(1.20000004768372,0.)),$);
#18818=IFCINDEXEDPOLYCURVE(#18817,(IFCLINEINDEX((1,2,3,4,1))),$);
#18819=IFCARBITRARYCLOSEDPROFILEDEF(.AREA.,$,#18818);
#18820=IFCCARTESIANPOINT((0.,0.,0.));
#18821=IFCDIRECTION((0.,0.,1.));
#18822=IFCDIRECTION((1.,0.,0.));
#18823=IFCAXIS2PLACEMENT3D(#18820,#18821,#18822);
#18824=IFCDIRECTION((0.,0.,1.));
#18825=IFCEXTRUDEDAREASOLID(#18819,#18823,#18824,3.);
#18826=IFCSHAPEREPRESENTATION(#15,'Body','SweptSolid',(#18825));
#18827=IFCCARTESIANPOINTLIST2D(((0.,0.),(1.20000004768372,6.05509285378503E-07)),$);
#18828=IFCINDEXEDPOLYCURVE(#18827,$,$);
#18829=IFCSHAPEREPRESENTATION(#27,'Axis','Curve2D',(#18828));
#18843=IFCCARTESIANPOINTLIST2D(((-0.200000000000019,0.),(-1.31172663207815E-07,0.2),(4.88452190664978,0.2),(5.08452194532333,0.)),$);
#18844=IFCINDEXEDPOLYCURVE(#18843,(IFCLINEINDEX((1,2,3,4,1))),$);
#18845=IFCARBITRARYCLOSEDPROFILEDEF(.AREA.,$,#18844);
#18846=IFCCARTESIANPOINT((0.,0.,0.));
#18847=IFCDIRECTION((0.,0.,1.));
#18848=IFCDIRECTION((1.,0.,0.));
#18849=IFCAXIS2PLACEMENT3D(#18846,#18847,#18848);
#18850=IFCDIRECTION((0.,0.,1.));
#18851=IFCEXTRUDEDAREASOLID(#18845,#18849,#18850,3.);
#18852=IFCSHAPEREPRESENTATION(#15,'Body','SweptSolid',(#18851));
#18853=IFCCARTESIANPOINTLIST2D(((0.,0.),(5.08452194532333,-3.13997043122072E-06)),$);
#18854=IFCINDEXEDPOLYCURVE(#18853,$,$);
#18855=IFCSHAPEREPRESENTATION(#27,'Axis','Curve2D',(#18854));
#18910=IFCRELCONNECTSPATHELEMENTS('0VSAXDoeDATfZJjSAQW0YN',$,$,$,$,#1220,#1900,(),(),.ATSTART.,.ATSTART.);
#18979=IFCRELCONNECTSPATHELEMENTS('0ew0ycZTr1WuG_3$kTLz1p',$,$,$,$,#4808,#1220,(),(),.ATPATH.,.ATSTART.);
#19016=IFCCARTESIANPOINT((0.,0.,0.));
#19017=IFCDIRECTION((0.,0.,1.));
#19018=IFCDIRECTION((1.,0.,0.));
#19019=IFCAXIS2PLACEMENT3D(#19016,#19017,#19018);
#19026=IFCCARTESIANPOINTLIST3D(((0.949999988079071,3.02098726479016E-07,0.),(0.949999988079071,3.02098726479016E-07,2.20000004768372),(0.050000011920929,8.84149109481314E-09,0.),(0.050000011920929,8.84149109481314E-09,2.20000004768372),(0.999999940395355,0.100000321865082,0.),(0.999999940395355,0.100000321865082,2.25),(1.,3.18390789288969E-07,2.25),(1.,3.18390789288969E-07,0.),(2.42770738814692E-15,-7.45058059692383E-09,0.),(2.42770738814692E-15,-7.45058059692383E-09,2.25),(-3.25841362780466E-08,0.0999999940395355,2.25),(-3.25841362780466E-08,0.0999999940395355,0.),(0.0399999879300594,0.100000008940697,0.),(0.0399965308606625,0.100000008940697,2.21000003814697),(0.960024654865265,0.100000306963921,2.21000003814697),(0.959999918937683,0.100000306963921,0.),(0.949999988079071,0.0750003084540367,0.),(0.949999988079071,0.0750003084540367,2.20000004768372),(0.0499999858438969,0.0750000104308128,2.20000004768372),(0.0499999858438969,0.0750000104308128,0.),(0.959999978542328,0.0750003084540367,0.),(0.0399965383112431,0.0750000104308128,2.21000003814697),(0.03999999538064,0.0750000104308128,0.),(0.96002471446991,0.0750003084540367,2.21000003814697)),$);
#19027=IFCINDEXEDPOLYGONALFACE((5,6,7,8));
#19028=IFCINDEXEDPOLYGONALFACE((9,10,11,12));
#19029=IFCINDEXEDPOLYGONALFACE((10,7,6,11));
#19030=IFCINDEXEDPOLYGONALFACE((13,14,22,23));
#19031=IFCINDEXEDPOLYGONALFACE((2,1,8,7));
#19032=IFCINDEXEDPOLYGONALFACE((4,2,7,10));
#19033=IFCINDEXEDPOLYGONALFACE((3,4,10,9));
#19034=IFCINDEXEDPOLYGONALFACE((14,15,24,22));
#19035=IFCINDEXEDPOLYGONALFACE((15,14,11,6));
#19036=IFCINDEXEDPOLYGONALFACE((8,1,17,21,16,5));
#19037=IFCINDEXEDPOLYGONALFACE((17,1,2,18));
#19038=IFCINDEXEDPOLYGONALFACE((2,4,19,18));
#19039=IFCINDEXEDPOLYGONALFACE((3,20,19,4));
#19040=IFCINDEXEDPOLYGONALFACE((12,13,23,20,3,9));
#19041=IFCINDEXEDPOLYGONALFACE((15,16,21,24));
#19042=IFCINDEXEDPOLYGONALFACE((14,13,12,11));
#19043=IFCINDEXEDPOLYGONALFACE((16,15,6,5));
#19044=IFCINDEXEDPOLYGONALFACE((17,18,24,21));
#19045=IFCINDEXEDPOLYGONALFACE((19,20,23,22));
#19046=IFCINDEXEDPOLYGONALFACE((18,19,22,24));
#19047=IFCPOLYGONALFACESET(#19026,$,(#19027,#19028,#19029,#19030,#19031,#19032,#19033,#19034,#19035,#19036,#19037,#19038,#19039,#19040,#19041,#19042,#19043,#19044,#19045,#19046),$);
#19048=IFCCARTESIANPOINTLIST3D(((0.959999918937683,0.100000306963921,0.),(0.959999978542328,0.0750003010034561,0.),(0.959999918937683,0.100000306963921,2.21000003814697),(0.0399999879300594,0.100000008940697,0.),(0.03999999538064,0.0750000029802322,0.),(0.0399999879300594,0.100000008940697,2.21000003814697),(0.03999999538064,0.0750000029802322,2.21000003814697),(0.959999978542328,0.0750003010034561,2.21000003814697)),$);
#19049=IFCINDEXEDPOLYGONALFACE((2,5,4,1));
#19050=IFCINDEXEDPOLYGONALFACE((1,3,8,2));
#19051=IFCINDEXEDPOLYGONALFACE((4,6,3,1));
#19052=IFCINDEXEDPOLYGONALFACE((5,7,6,4));
#19053=IFCINDEXEDPOLYGONALFACE((7,8,3,6));
#19054=IFCINDEXEDPOLYGONALFACE((2,8,7,5));
#19055=IFCPOLYGONALFACESET(#19048,$,(#19049,#19050,#19051,#19052,#19053,#19054),$);
#19056=IFCSHAPEREPRESENTATION(#15,'Body','Tessellation',(#19047,#19055));
#19057=IFCREPRESENTATIONMAP(#19019,#19056);
#19058=IFCCARTESIANPOINT((0.,0.,0.));
#19059=IFCDIRECTION((0.,0.,1.));
#19060=IFCDIRECTION((1.,0.,0.));
#19061=IFCAXIS2PLACEMENT3D(#19058,#19059,#19060);
#19067=IFCCARTESIANPOINTLIST2D(((0.96000349521637,0.0999999940395355),(0.96000349521637,0.074999988079071),(0.949999928474426,0.074999988079071),(0.949999928474426,-7.45058059692383E-09),(1.00000011920929,-7.45058059692383E-09),(1.00000011920929,0.0999999940395355),(0.96000349521637,0.0999999940395355),(0.96000349521637,0.178333729505539),(0.949641168117523,0.309999316930771),(0.918809354305267,0.43842288851738),(0.868267297744751,0.56044214963913),(0.79925948381424,0.673052668571472),(0.71348512172699,0.773481607437134),(0.613056182861328,0.859255909919739),(0.50044572353363,0.928263783454895),(0.378426432609558,0.978805899620056),(0.250002861022949,1.00963771343231),(0.118337333202362,1.01999998092651),(0.0649752914905548,1.01999998092651),(0.0399752855300903,1.01999998092651),(0.0399752855300903,0.0999999940395355),(0.,0.0999999940395355),(0.,-7.45058059692383E-09),(0.050000011920929,-7.45058059692383E-09),(0.0499999523162842,0.074999988079071),(0.0399752855300903,0.074999988079071),(0.0399752855300903,0.0999999940395355),(0.0649752914905548,0.0999999940395355),(0.0649752914905548,1.01999998092651)),$);
#19068=IFCINDEXEDPOLYCURVE(#19067,$,$);
#19069=IFCGEOMETRICCURVESET((#19068));
#19070=IFCSHAPEREPRESENTATION(#28,'Body','Annotation2D',(#19069));
#19071=IFCREPRESENTATIONMAP(#19061,#19070);
#19072=IFCCARTESIANPOINT((0.,0.,0.));
#19073=IFCDIRECTION((0.,0.,1.));
#19074=IFCDIRECTION((1.,0.,0.));
#19075=IFCAXIS2PLACEMENT3D(#19072,#19073,#19074);
#19077=IFCCARTESIANPOINTLIST3D(((0.917857050895691,0.,0.0392857119441032),(0.949999928474426,0.,0.),(0.949999928474426,0.,2.20000004768372),(0.050000011920929,0.,2.20000004768372),(0.050000011920929,0.,1.10000002384186),(0.0821428671479225,0.,1.13928580284119)),$);
#19078=IFCINDEXEDPOLYCURVE(#19077,$,$);
#19079=IFCCARTESIANPOINTLIST3D(((0.050000011920929,0.,1.10000002384186),(0.050000011920929,0.,0.),(0.,0.,0.),(0.,0.,2.25),(1.,0.,2.25),(1.,0.,0.),(0.949999928474426,0.,0.),(0.050000011920929,0.,0.)),$);
#19080=IFCINDEXEDPOLYCURVE(#19079,$,$);
#19081=IFCCARTESIANPOINTLIST3D(((0.692857146263123,0.,1.88571441173553),(0.725000023841858,0.,1.92500019073486)),$);
#19082=IFCINDEXEDPOLYCURVE(#19081,$,$);
#19083=IFCCARTESIANPOINTLIST3D(((0.564285695552826,0.,1.7285715341568),(0.596428513526917,0.,1.76785731315613)),$);
#19084=IFCINDEXEDPOLYCURVE(#19083,$,$);
#19085=IFCCARTESIANPOINTLIST3D(((0.435714274644852,0.,1.57142865657806),(0.467857122421265,0.,1.61071443557739)),$);
#19086=IFCINDEXEDPOLYCURVE(#19085,$,$);
#19087=IFCCARTESIANPOINTLIST3D(((0.307142853736877,0.,1.41428577899933),(0.33928570151329,0.,1.45357155799866)),$);
#19088=IFCINDEXEDPOLYCURVE(#19087,$,$);
#19089=IFCCARTESIANPOINTLIST3D(((0.178571432828903,0.,1.25714290142059),(0.210714280605316,0.,1.29642868041992)),$);
#19090=IFCINDEXEDPOLYCURVE(#19089,$,$);
#19091=IFCCARTESIANPOINTLIST3D(((0.821428537368774,0.,2.04285717010498),(0.85357141494751,0.,2.08214282989502)),$);
#19092=IFCINDEXEDPOLYCURVE(#19091,$,$);
#19093=IFCCARTESIANPOINTLIST3D(((0.757142841815948,0.,1.9642858505249),(0.789285659790039,0.,2.00357151031494)),$);
#19094=IFCINDEXEDPOLYCURVE(#19093,$,$);
#19095=IFCCARTESIANPOINTLIST3D(((0.628571391105652,0.,1.80714297294617),(0.660714268684387,0.,1.84642863273621)),$);
#19096=IFCINDEXEDPOLYCURVE(#19095,$,$);
#19097=IFCCARTESIANPOINTLIST3D(((0.5,0.,1.65000009536743),(0.532142877578735,0.,1.68928575515747)),$);
#19098=IFCINDEXEDPOLYCURVE(#19097,$,$);
#19099=IFCCARTESIANPOINTLIST3D(((0.371428549289703,0.,1.4928572177887),(0.403571426868439,0.,1.53214287757874)),$);
#19100=IFCINDEXEDPOLYCURVE(#19099,$,$);
#19101=IFCCARTESIANPOINTLIST3D(((0.24285714328289,0.,1.33571434020996),(0.275000005960464,0.,1.375)),$);
#19102=IFCINDEXEDPOLYCURVE(#19101,$,$);
#19103=IFCCARTESIANPOINTLIST3D(((0.114285722374916,0.,1.17857146263123),(0.14642858505249,0.,1.21785712242126)),$);
#19104=IFCINDEXEDPOLYCURVE(#19103,$,$);
#19105=IFCCARTESIANPOINTLIST3D(((0.8857142329216,0.,2.12142848968506),(0.917857050895691,0.,2.1607141494751)),$);
#19106=IFCINDEXEDPOLYCURVE(#19105,$,$);
#19107=IFCCARTESIANPOINTLIST3D(((0.725000023841858,0.,0.274999976158142),(0.757142841815948,0.,0.235714271664619)),$);
#19108=IFCINDEXEDPOLYCURVE(#19107,$,$);
#19109=IFCCARTESIANPOINTLIST3D(((0.596428513526917,0.,0.432142853736877),(0.628571391105652,0.,0.392857134342194)),$);
#19110=IFCINDEXEDPOLYCURVE(#19109,$,$);
#19111=IFCCARTESIANPOINTLIST3D(((0.467857122421265,0.,0.589285671710968),(0.5,0.,0.549999952316284)),$);
#19112=IFCINDEXEDPOLYCURVE(#19111,$,$);
#19113=IFCCARTESIANPOINTLIST3D(((0.33928570151329,0.,0.746428549289703),(0.371428549289703,0.,0.70714282989502)),$);
#19114=IFCINDEXEDPOLYCURVE(#19113,$,$);
#19115=IFCCARTESIANPOINTLIST3D(((0.210714280605316,0.,0.903571426868439),(0.24285714328289,0.,0.864285707473755)),$);
#19116=IFCINDEXEDPOLYCURVE(#19115,$,$);
#19117=IFCCARTESIANPOINTLIST3D(((0.0821428671479225,0.,1.06071424484253),(0.114285722374916,0.,1.02142858505249)),$);
#19118=IFCINDEXEDPOLYCURVE(#19117,$,$);
#19119=IFCCARTESIANPOINTLIST3D(((0.85357141494751,0.,0.11785713583231),(0.8857142329216,0.,0.0785714238882065)),$);
#19120=IFCINDEXEDPOLYCURVE(#19119,$,$);
#19121=IFCCARTESIANPOINTLIST3D(((0.789285659790039,0.,0.196428567171097),(0.821428537368774,0.,0.157142847776413)),$);
#19122=IFCINDEXEDPOLYCURVE(#19121,$,$);
#19123=IFCCARTESIANPOINTLIST3D(((0.660714268684387,0.,0.35357141494751),(0.692857146263123,0.,0.314285695552826)),$);
#19124=IFCINDEXEDPOLYCURVE(#19123,$,$);
#19125=IFCCARTESIANPOINTLIST3D(((0.532142877578735,0.,0.5107142329216),(0.564285695552826,0.,0.471428543329239)),$);
#19126=IFCINDEXEDPOLYCURVE(#19125,$,$);
#19127=IFCCARTESIANPOINTLIST3D(((0.403571426868439,0.,0.667857110500336),(0.435714274644852,0.,0.628571391105652)),$);
#19128=IFCINDEXEDPOLYCURVE(#19127,$,$);
#19129=IFCCARTESIANPOINTLIST3D(((0.275000005960464,0.,0.824999988079071),(0.307142853736877,0.,0.785714268684387)),$);
#19130=IFCINDEXEDPOLYCURVE(#19129,$,$);
#19131=IFCCARTESIANPOINTLIST3D(((0.14642858505249,0.,0.982142865657806),(0.178571432828903,0.,0.942857146263123)),$);
#19132=IFCINDEXEDPOLYCURVE(#19131,$,$);
#19133=IFCGEOMETRICCURVESET((#19078,#19080,#19082,#19084,#19086,#19088,#19090,#19092,#19094,#19096,#19098,#19100,#19102,#19104,#19106,#19108,#19110,#19112,#19114,#19116,#19118,#19120,#19122,#19124,#19126,#19128,#19130,#19132));
#19134=IFCSHAPEREPRESENTATION(#19,'Annotation','GeometricSet',(#19133));
#19135=IFCREPRESENTATIONMAP(#19075,#19134);
#19136=IFCDOORTYPE('3viaqmLcrBlBHRLXWZ40aP',$,'D_1x2.25_PH_LSW',$,$,$,(#19057,#19071,#19135),$,$,.DOOR.,.NOTDEFINED.,$,$);
#19137=IFCCARTESIANPOINT((0.,0.,0.));
#19138=IFCDIRECTION((0.,0.,1.));
#19139=IFCDIRECTION((1.,0.,0.));
#19140=IFCAXIS2PLACEMENT3D(#19137,#19138,#19139);
#19147=IFCCARTESIANPOINTLIST3D(((1.,3.18390789288969E-07,0.),(0.999999940395355,0.100000321865082,0.),(0.999999940395355,0.100000321865082,2.25),(-3.25841362780466E-08,0.0999999940395355,0.),(2.42770738814692E-15,-7.45058059692383E-09,0.),(2.42770738814692E-15,-7.45058059692383E-09,2.25),(-3.25841362780466E-08,0.0999999940395355,2.25),(1.,3.18390789288969E-07,2.25),(0.03999999538064,0.0750000104308128,0.),(0.0399999879300594,0.100000008940697,0.),(0.0399965308606625,0.100000008940697,2.21000003814697),(0.949999988079071,3.02098726479016E-07,2.20000004768372),(0.949999988079071,3.02098726479016E-07,0.),(0.050000011920929,8.84149109481314E-09,2.20000004768372),(0.050000011920929,8.84149109481314E-09,0.),(0.0399965383112431,0.0750000104308128,2.21000003814697),(0.960024654865265,0.100000306963921,2.21000003814697),(0.949999988079071,0.0750003084540367,2.20000004768372),(0.949999988079071,0.0750003084540367,0.),(0.0499999858438969,0.0750000104308128,0.),(0.96002471446991,0.0750003084540367,2.21000003814697),(0.959999918937683,0.100000306963921,0.),(0.959999978542328,0.0750003084540367,0.),(0.0499999858438969,0.0750000104308128,2.20000004768372)),$);
#19148=IFCINDEXEDPOLYGONALFACE((6,7,4,5));
#19149=IFCINDEXEDPOLYGONALFACE((8,3,7,6));
#19150=IFCINDEXEDPOLYGONALFACE((8,6,5,15,14,12,13,1));
#19151=IFCINDEXEDPOLYGONALFACE((11,16,9,10));
#19152=IFCINDEXEDPOLYGONALFACE((17,21,16,11));
#19153=IFCINDEXEDPOLYGONALFACE((14,24,18,12));
#19154=IFCINDEXEDPOLYGONALFACE((3,8,1,2));
#19155=IFCINDEXEDPOLYGONALFACE((20,24,14,15));
#19156=IFCINDEXEDPOLYGONALFACE((11,10,4,7,3,2,22,17));
#19157=IFCINDEXEDPOLYGONALFACE((1,13,19,23,22,2));
#19158=IFCINDEXEDPOLYGONALFACE((9,20,15,5,4,10));
#19159=IFCINDEXEDPOLYGONALFACE((13,12,18,19));
#19160=IFCINDEXEDPOLYGONALFACE((22,23,21,17));
#19161=IFCINDEXEDPOLYGONALFACE((19,18,24,20,9,16,21,23));
#19162=IFCPOLYGONALFACESET(#19147,$,(#19148,#19149,#19150,#19151,#19152,#19153,#19154,#19155,#19156,#19157,#19158,#19159,#19160,#19161),$);
#19163=IFCCARTESIANPOINTLIST3D(((0.959999918937683,0.100000306963921,0.),(0.959999978542328,0.0750003010034561,0.),(0.959999918937683,0.100000306963921,2.21000003814697),(0.0399999879300594,0.100000008940697,0.),(0.0399999879300594,0.100000008940697,2.21000003814697),(0.03999999538064,0.0750000029802322,0.),(0.03999999538064,0.0750000029802322,2.21000003814697),(0.959999978542328,0.0750003010034561,2.21000003814697)),$);
#19164=IFCINDEXEDPOLYGONALFACE((6,4,1,2));
#19165=IFCINDEXEDPOLYGONALFACE((3,8,2,1));
#19166=IFCINDEXEDPOLYGONALFACE((5,3,1,4));
#19167=IFCINDEXEDPOLYGONALFACE((7,5,4,6));
#19168=IFCINDEXEDPOLYGONALFACE((8,7,6,2));
#19169=IFCINDEXEDPOLYGONALFACE((8,3,5,7));
#19170=IFCPOLYGONALFACESET(#19163,$,(#19164,#19165,#19166,#19167,#19168,#19169),$);
#19171=IFCSHAPEREPRESENTATION(#15,'Body','Tessellation',(#19162,#19170));
#19172=IFCREPRESENTATIONMAP(#19140,#19171);
#19173=IFCCARTESIANPOINT((0.,0.,0.));
#19174=IFCDIRECTION((0.,0.,1.));
#19175=IFCDIRECTION((1.,0.,0.));
#19176=IFCAXIS2PLACEMENT3D(#19173,#19174,#19175);
#19182=IFCCARTESIANPOINTLIST2D(((0.960024833679199,1.01999998092651),(0.960024833679199,0.0999999940395355),(1.00000011920929,0.0999999940395355),(1.00000011920929,0.),(0.950000107288361,0.),(0.950000166893005,0.074999988079071),(0.960024833679199,0.074999988079071),(0.960024833679199,0.0999999940395355),(0.935024857521057,0.0999999940395355),(0.935024857521057,1.01999998092651)),$);
#19183=IFCINDEXEDPOLYCURVE(#19182,(IFCLINEINDEX((1,2,3,4,5,6,7,8,9,10,1))),$);
#19184=IFCCARTESIANPOINTLIST2D(((0.0399966239929199,0.0999999940395355),(0.0399966239929199,0.074999988079071),(0.0500001907348633,0.074999988079071),(0.0500001907348633,0.),(0.,0.),(0.,0.0999999940395355),(0.0399966239929199,0.0999999940395355),(0.0399966239929199,0.178333729505539),(0.0503589510917664,0.309999316930771),(0.0811907649040222,0.43842288851738),(0.131732821464539,0.56044214963913),(0.20074063539505,0.673052668571472),(0.2865149974823,0.773481607437134),(0.386943936347961,0.859255909919739),(0.499554395675659,0.928263783454895),(0.621573686599731,0.978805899620056),(0.74999725818634,1.00963771343231),(0.881662786006927,1.01999998092651),(0.935024857521057,1.01999998092651)),$);
#19185=IFCINDEXEDPOLYCURVE(#19184,$,$);
#19186=IFCGEOMETRICCURVESET((#19183,#19185));
#19187=IFCSHAPEREPRESENTATION(#28,'Body','Annotation2D',(#19186));
#19188=IFCREPRESENTATIONMAP(#19176,#19187);
#19189=IFCCARTESIANPOINT((0.,0.,0.));
#19190=IFCDIRECTION((0.,0.,1.));
#19191=IFCDIRECTION((1.,0.,0.));
#19192=IFCAXIS2PLACEMENT3D(#19189,#19190,#19191);
#19194=IFCCARTESIANPOINTLIST3D(((0.950000107288361,0.,0.),(1.00000011920929,0.,0.),(1.00000011920929,0.,2.25),(1.19209289550781E-07,0.,2.25),(1.19209289550781E-07,0.,0.),(0.0500001907348633,0.,0.),(0.950000107288361,0.,0.),(0.950000107288361,0.,1.10000002384186),(0.91785728931427,0.,1.13928580284119)),$);
#19195=IFCINDEXEDPOLYCURVE(#19194,$,$);
#19196=IFCCARTESIANPOINTLIST3D(((0.853571534156799,0.,0.982142865657806),(0.821428656578064,0.,0.942857146263123)),$);
#19197=IFCINDEXEDPOLYCURVE(#19196,$,$);
#19198=IFCCARTESIANPOINTLIST3D(((0.725000143051147,0.,0.824999988079071),(0.692857265472412,0.,0.785714268684387)),$);
#19199=IFCINDEXEDPOLYCURVE(#19198,$,$);
#19200=IFCCARTESIANPOINTLIST3D(((0.596428692340851,0.,0.667857110500336),(0.56428587436676,0.,0.628571391105652)),$);
#19201=IFCINDEXEDPOLYCURVE(#19200,$,$);
#19202=IFCCARTESIANPOINTLIST3D(((0.467857241630554,0.,0.5107142329216),(0.435714423656464,0.,0.471428513526917)),$);
#19203=IFCINDEXEDPOLYCURVE(#19202,$,$);
#19204=IFCCARTESIANPOINTLIST3D(((0.339285850524902,0.,0.35357141494751),(0.307142972946167,0.,0.314285695552826)),$);
#19205=IFCINDEXEDPOLYCURVE(#19204,$,$);
#19206=IFCCARTESIANPOINTLIST3D(((0.21071445941925,0.,0.196428537368774),(0.178571581840515,0.,0.157142877578735)),$);
#19207=IFCINDEXEDPOLYCURVE(#19206,$,$);
#19208=IFCCARTESIANPOINTLIST3D(((0.14642870426178,0.,0.117857158184052),(0.114285886287689,0.,0.0785714387893677)),$);
#19209=IFCINDEXEDPOLYCURVE(#19208,$,$);
#19210=IFCCARTESIANPOINTLIST3D(((0.91785728931427,0.,1.06071424484253),(0.885714411735535,0.,1.02142858505249)),$);
#19211=IFCINDEXEDPOLYCURVE(#19210,$,$);
#19212=IFCCARTESIANPOINTLIST3D(((0.789285838603973,0.,0.903571426868439),(0.757142961025238,0.,0.864285707473755)),$);
#19213=IFCINDEXEDPOLYCURVE(#19212,$,$);
#19214=IFCCARTESIANPOINTLIST3D(((0.660714387893677,0.,0.746428549289703),(0.628571569919586,0.,0.70714282989502)),$);
#19215=IFCINDEXEDPOLYCURVE(#19214,$,$);
#19216=IFCCARTESIANPOINTLIST3D(((0.532142996788025,0.,0.589285671710968),(0.50000011920929,0.,0.549999952316284)),$);
#19217=IFCINDEXEDPOLYCURVE(#19216,$,$);
#19218=IFCCARTESIANPOINTLIST3D(((0.403571605682373,0.,0.432142853736877),(0.371428728103638,0.,0.392857134342194)),$);
#19219=IFCINDEXEDPOLYCURVE(#19218,$,$);
#19220=IFCCARTESIANPOINTLIST3D(((0.275000095367432,0.,0.274999976158142),(0.242857277393341,0.,0.235714256763458)),$);
#19221=IFCINDEXEDPOLYCURVE(#19220,$,$);
#19222=IFCCARTESIANPOINTLIST3D(((0.114285886287689,0.,2.12142848968506),(0.0821430683135986,0.,2.1607141494751)),$);
#19223=IFCINDEXEDPOLYCURVE(#19222,$,$);
#19224=IFCCARTESIANPOINTLIST3D(((0.885714411735535,0.,1.17857146263123),(0.853571534156799,0.,1.21785712242126)),$);
#19225=IFCINDEXEDPOLYCURVE(#19224,$,$);
#19226=IFCCARTESIANPOINTLIST3D(((0.757142961025238,0.,1.33571434020996),(0.725000143051147,0.,1.375)),$);
#19227=IFCINDEXEDPOLYCURVE(#19226,$,$);
#19228=IFCCARTESIANPOINTLIST3D(((0.628571569919586,0.,1.4928572177887),(0.596428692340851,0.,1.53214287757874)),$);
#19229=IFCINDEXEDPOLYCURVE(#19228,$,$);
#19230=IFCCARTESIANPOINTLIST3D(((0.50000011920929,0.,1.65000009536743),(0.467857241630554,0.,1.68928575515747)),$);
#19231=IFCINDEXEDPOLYCURVE(#19230,$,$);
#19232=IFCCARTESIANPOINTLIST3D(((0.371428728103638,0.,1.80714297294617),(0.339285850524902,0.,1.84642863273621)),$);
#19233=IFCINDEXEDPOLYCURVE(#19232,$,$);
#19234=IFCCARTESIANPOINTLIST3D(((0.242857277393341,0.,1.9642858505249),(0.21071445941925,0.,2.00357151031494)),$);
#19235=IFCINDEXEDPOLYCURVE(#19234,$,$);
#19236=IFCCARTESIANPOINTLIST3D(((0.178571581840515,0.,2.04285717010498),(0.14642870426178,0.,2.08214282989502)),$);
#19237=IFCINDEXEDPOLYCURVE(#19236,$,$);
#19238=IFCCARTESIANPOINTLIST3D(((0.821428656578064,0.,1.25714290142059),(0.789285838603973,0.,1.29642868041992)),$);
#19239=IFCINDEXEDPOLYCURVE(#19238,$,$);
#19240=IFCCARTESIANPOINTLIST3D(((0.692857265472412,0.,1.41428577899933),(0.660714387893677,0.,1.45357155799866)),$);
#19241=IFCINDEXEDPOLYCURVE(#19240,$,$);
#19242=IFCCARTESIANPOINTLIST3D(((0.56428587436676,0.,1.57142865657806),(0.532142996788025,0.,1.61071443557739)),$);
#19243=IFCINDEXEDPOLYCURVE(#19242,$,$);
#19244=IFCCARTESIANPOINTLIST3D(((0.435714423656464,0.,1.7285715341568),(0.403571605682373,0.,1.76785731315613)),$);
#19245=IFCINDEXEDPOLYCURVE(#19244,$,$);
#19246=IFCCARTESIANPOINTLIST3D(((0.307142972946167,0.,1.88571441173553),(0.275000095367432,0.,1.92500019073486)),$);
#19247=IFCINDEXEDPOLYCURVE(#19246,$,$);
#19248=IFCCARTESIANPOINTLIST3D(((0.0821430683135986,0.,0.0392856597900391),(0.0500001907348633,0.,0.),(0.0500001907348633,0.,2.20000004768372),(0.950000107288361,0.,2.20000004768372),(0.950000107288361,0.,1.10000002384186)),$);
#19249=IFCINDEXEDPOLYCURVE(#19248,$,$);
#19250=IFCGEOMETRICCURVESET((#19195,#19197,#19199,#19201,#19203,#19205,#19207,#19209,#19211,#19213,#19215,#19217,#19219,#19221,#19223,#19225,#19227,#19229,#19231,#19233,#19235,#19237,#19239,#19241,#19243,#19245,#19247,#19249));
#19251=IFCSHAPEREPRESENTATION(#19,'Annotation','GeometricSet',(#19250));
#19252=IFCREPRESENTATIONMAP(#19192,#19251);
#19253=IFCDOORTYPE('1o3eeq_XX7PfHRA3QTUT0o',$,'D_1x2.25_PH_RSW',$,$,$,(#19172,#19188,#19252),$,$,.DOOR.,.NOTDEFINED.,$,$);
#19254=IFCDOOR('3KroVeFdnAYRlQqaJVsb26',$,'Door',$,$,#29032,#19263,$,$,$,$,$,$);
#19255=IFCRELDEFINESBYTYPE('3K7WmzM_DEBOKmL5G29p$5',$,$,$,(#25594,#19702,#19254,#21403,#20797,#23222,#24198,#27032),#19253);
#19256=IFCCARTESIANPOINT((0.,0.,0.));
#19257=IFCDIRECTION((1.,0.,0.));
#19258=IFCDIRECTION((0.,1.,0.));
#19259=IFCDIRECTION((0.,0.,1.));
#19260=IFCCARTESIANTRANSFORMATIONOPERATOR3D(#19257,#19258,#19256,1.,#19259);
#19261=IFCMAPPEDITEM(#19172,#19260);
#19262=IFCSHAPEREPRESENTATION(#15,'Body','MappedRepresentation',(#19261));
#19263=IFCPRODUCTDEFINITIONSHAPE($,$,(#19262,#19270,#19277));
#19264=IFCCARTESIANPOINT((0.,0.,0.));
#19265=IFCDIRECTION((1.,0.,0.));
#19266=IFCDIRECTION((0.,1.,0.));
#19267=IFCDIRECTION((0.,0.,1.));
#19268=IFCCARTESIANTRANSFORMATIONOPERATOR3D(#19265,#19266,#19264,1.,#19267);
#19269=IFCMAPPEDITEM(#19188,#19268);
#19270=IFCSHAPEREPRESENTATION(#28,'Body','MappedRepresentation',(#19269));
#19271=IFCCARTESIANPOINT((0.,0.,0.));
#19272=IFCDIRECTION((1.,0.,0.));
#19273=IFCDIRECTION((0.,1.,0.));
#19274=IFCDIRECTION((0.,0.,1.));
#19275=IFCCARTESIANTRANSFORMATIONOPERATOR3D(#19272,#19273,#19271,1.,#19274);
#19276=IFCMAPPEDITEM(#19252,#19275);
#19277=IFCSHAPEREPRESENTATION(#19,'Annotation','MappedRepresentation',(#19276));
#19278=IFCOPENINGELEMENT('2jT7tF1DL9MwVgdq78wOm0',$,'Opening',$,$,#19312,#19306,$,.OPENING.);
#19284=IFCCARTESIANPOINTLIST2D(((0.,0.),(1.,0.),(1.,2.25),(0.,2.25)),$);
#19285=IFCINDEXEDPOLYCURVE(#19284,(IFCLINEINDEX((1,2,3,4,1))),$);
#19286=IFCARBITRARYCLOSEDPROFILEDEF(.AREA.,$,#19285);
#19287=IFCCARTESIANPOINT((-3.25841362780466E-08,-0.600000023841858,0.));
#19288=IFCDIRECTION((0.,-1.,0.));
#19289=IFCDIRECTION((1.,0.,0.));
#19290=IFCAXIS2PLACEMENT3D(#19287,#19288,#19289);
#19291=IFCDIRECTION((0.,0.,-1.));
#19292=IFCEXTRUDEDAREASOLID(#19286,#19290,#19291,1.2);
#19293=IFCSHAPEREPRESENTATION(#15,'Body','SweptSolid',(#19292));
#19294=IFCCARTESIANPOINT((0.,0.,0.));
#19295=IFCDIRECTION((1.,0.,0.));
#19296=IFCDIRECTION((0.,0.,1.));
#19297=IFCAXIS2PLACEMENT3D(#19294,#19296,#19295);
#19298=IFCREPRESENTATIONMAP(#19297,#19293);
#19299=IFCCARTESIANPOINT((0.,0.,0.));
#19300=IFCDIRECTION((1.,0.,0.));
#19301=IFCDIRECTION((0.,1.,0.));
#19302=IFCDIRECTION((0.,0.,1.));
#19303=IFCCARTESIANTRANSFORMATIONOPERATOR3D(#19300,#19301,#19299,1.,#19302);
#19304=IFCMAPPEDITEM(#19298,#19303);
#19305=IFCSHAPEREPRESENTATION(#15,'Body','MappedRepresentation',(#19304));
#19306=IFCPRODUCTDEFINITIONSHAPE($,$,(#19305));
#19307=IFCRELVOIDSELEMENT('2IE6dLUaPC0OCd405swagn',$,$,$,#1220,#19278);
#19308=IFCCARTESIANPOINT((4.76966303556693,1.49727573983682E-06,0.));
#19309=IFCDIRECTION((0.,0.,1.));
#19310=IFCDIRECTION((1.,0.,0.));
#19311=IFCAXIS2PLACEMENT3D(#19308,#19309,#19310);
#19312=IFCLOCALPLACEMENT(#29027,#19311);
#19313=IFCRELFILLSELEMENT('33OKGC_0b5wfmokmjna6le',$,$,$,#19278,#19254);
#19475=IFCDOOR('0NA1wZVwrFkfnamZJnYjIq',$,'Door',$,$,#29047,#19532,$,$,$,$,$,$);
#19503=IFCOPENINGELEMENT('065dOH1irCXxeIVg0aV8B$',$,'Opening',$,$,#19589,#19569,$,.OPENING.);
#19517=IFCRELVOIDSELEMENT('2q9m309vv96OD4KnABI7oQ',$,$,$,#4808,#19503);
#19523=IFCRELFILLSELEMENT('1k3hmcjDv2e9wrSZuVlZpu',$,$,$,#19503,#19475);
#19524=IFCRELDEFINESBYTYPE('1GzhePmF98rQjWPxhEP1oZ',$,$,$,(#19828,#20716,#19475,#23362,#24712),#19136);
#19525=IFCCARTESIANPOINT((0.,0.,0.));
#19526=IFCDIRECTION((1.,0.,0.));
#19527=IFCDIRECTION((0.,1.,0.));
#19528=IFCDIRECTION((0.,0.,1.));
#19529=IFCCARTESIANTRANSFORMATIONOPERATOR3D(#19526,#19527,#19525,1.,#19528);
#19530=IFCMAPPEDITEM(#19057,#19529);
#19531=IFCSHAPEREPRESENTATION(#15,'Body','MappedRepresentation',(#19530));
#19532=IFCPRODUCTDEFINITIONSHAPE($,$,(#19531,#19539,#19546));
#19533=IFCCARTESIANPOINT((0.,0.,0.));
#19534=IFCDIRECTION((1.,0.,0.));
#19535=IFCDIRECTION((0.,1.,0.));
#19536=IFCDIRECTION((0.,0.,1.));
#19537=IFCCARTESIANTRANSFORMATIONOPERATOR3D(#19534,#19535,#19533,1.,#19536);
#19538=IFCMAPPEDITEM(#19071,#19537);
#19539=IFCSHAPEREPRESENTATION(#28,'Body','MappedRepresentation',(#19538));
#19540=IFCCARTESIANPOINT((0.,0.,0.));
#19541=IFCDIRECTION((1.,0.,0.));
#19542=IFCDIRECTION((0.,1.,0.));
#19543=IFCDIRECTION((0.,0.,1.));
#19544=IFCCARTESIANTRANSFORMATIONOPERATOR3D(#19541,#19542,#19540,1.,#19543);
#19545=IFCMAPPEDITEM(#19135,#19544);
#19546=IFCSHAPEREPRESENTATION(#19,'Annotation','MappedRepresentation',(#19545));
#19547=IFCCARTESIANPOINTLIST2D(((0.,0.),(1.,0.),(1.,2.25),(0.,2.25)),$);
#19548=IFCINDEXEDPOLYCURVE(#19547,(IFCLINEINDEX((1,2,3,4,1))),$);
#19549=IFCARBITRARYCLOSEDPROFILEDEF(.AREA.,$,#19548);
#19550=IFCCARTESIANPOINT((-3.25841362780466E-08,-0.600000023841858,0.));
#19551=IFCDIRECTION((0.,-1.,0.));
#19552=IFCDIRECTION((1.,0.,0.));
#19553=IFCAXIS2PLACEMENT3D(#19550,#19551,#19552);
#19554=IFCDIRECTION((0.,0.,-1.));
#19555=IFCEXTRUDEDAREASOLID(#19549,#19553,#19554,1.2);
#19556=IFCSHAPEREPRESENTATION(#15,'Body','SweptSolid',(#19555));
#19557=IFCCARTESIANPOINT((0.,0.,0.));
#19558=IFCDIRECTION((1.,0.,0.));
#19559=IFCDIRECTION((0.,0.,1.));
#19560=IFCAXIS2PLACEMENT3D(#19557,#19559,#19558);
#19561=IFCREPRESENTATIONMAP(#19560,#19556);
#19562=IFCCARTESIANPOINT((0.,0.,0.));
#19563=IFCDIRECTION((1.,0.,0.));
#19564=IFCDIRECTION((0.,1.,0.));
#19565=IFCDIRECTION((0.,0.,1.));
#19566=IFCCARTESIANTRANSFORMATIONOPERATOR3D(#19563,#19564,#19562,1.,#19565);
#19567=IFCMAPPEDITEM(#19561,#19566);
#19568=IFCSHAPEREPRESENTATION(#15,'Body','MappedRepresentation',(#19567));
#19569=IFCPRODUCTDEFINITIONSHAPE($,$,(#19568));
#19585=IFCCARTESIANPOINT((0.235117764970525,-3.22011729281257E-07,0.));
#19586=IFCDIRECTION((0.,0.,1.));
#19587=IFCDIRECTION((1.,2.64697796016969E-23,0.));
#19588=IFCAXIS2PLACEMENT3D(#19585,#19586,#19587);
#19589=IFCLOCALPLACEMENT(#29042,#19588);
#19638=IFCRELCONNECTSPATHELEMENTS('0Vj39XnIj6g9OLrrV30xTA',$,$,$,$,#17291,#17758,(),(),.ATSTART.,.ATSTART.);
#19702=IFCDOOR('3AyEeLt0j2cv8c4I393vCt',$,'Door',$,$,#28772,#19758,$,$,$,$,$,$);
#19751=IFCCARTESIANPOINT((0.,0.,0.));
#19752=IFCDIRECTION((1.,0.,0.));
#19753=IFCDIRECTION((0.,1.,0.));
#19754=IFCDIRECTION((0.,0.,1.));
#19755=IFCCARTESIANTRANSFORMATIONOPERATOR3D(#19752,#19753,#19751,1.,#19754);
#19756=IFCMAPPEDITEM(#19172,#19755);
#19757=IFCSHAPEREPRESENTATION(#15,'Body','MappedRepresentation',(#19756));
#19758=IFCPRODUCTDEFINITIONSHAPE($,$,(#19757,#19765,#19772));
#19759=IFCCARTESIANPOINT((0.,0.,0.));
#19760=IFCDIRECTION((1.,0.,0.));
#19761=IFCDIRECTION((0.,1.,0.));
#19762=IFCDIRECTION((0.,0.,1.));
#19763=IFCCARTESIANTRANSFORMATIONOPERATOR3D(#19760,#19761,#19759,1.,#19762);
#19764=IFCMAPPEDITEM(#19188,#19763);
#19765=IFCSHAPEREPRESENTATION(#28,'Body','MappedRepresentation',(#19764));
#19766=IFCCARTESIANPOINT((0.,0.,0.));
#19767=IFCDIRECTION((1.,0.,0.));
#19768=IFCDIRECTION((0.,1.,0.));
#19769=IFCDIRECTION((0.,0.,1.));
#19770=IFCCARTESIANTRANSFORMATIONOPERATOR3D(#19767,#19768,#19766,1.,#19769);
#19771=IFCMAPPEDITEM(#19252,#19770);
#19772=IFCSHAPEREPRESENTATION(#19,'Annotation','MappedRepresentation',(#19771));
#19786=IFCCARTESIANPOINT((5.76647076179663,5.13199360341332E-07,0.));
#19787=IFCDIRECTION((0.,0.,1.));
#19788=IFCDIRECTION((1.,2.64697796016969E-23,0.));
#19789=IFCAXIS2PLACEMENT3D(#19786,#19787,#19788);
#19790=IFCLOCALPLACEMENT(#29042,#19789);
#19796=IFCRELCONNECTSPATHELEMENTS('2csivG8ALBtQSJi0kfeJRJ',$,$,$,$,#17291,#1900,(),(),.ATPATH.,.ATEND.);
#19828=IFCDOOR('00RfxLyRf1fvy_XiU9oNOm',$,'Door',$,$,#29017,#19884,$,$,$,$,$,$);
#19871=IFCCARTESIANPOINT((2.2811013892272,1.0516482973344E-07,0.));
#19872=IFCDIRECTION((0.,0.,1.));
#19873=IFCDIRECTION((1.,0.,0.));
#19874=IFCAXIS2PLACEMENT3D(#19871,#19872,#19873);
#19875=IFCLOCALPLACEMENT(#29012,#19874);
#19877=IFCCARTESIANPOINT((0.,0.,0.));
#19878=IFCDIRECTION((1.,0.,0.));
#19879=IFCDIRECTION((0.,1.,0.));
#19880=IFCDIRECTION((0.,0.,1.));
#19881=IFCCARTESIANTRANSFORMATIONOPERATOR3D(#19878,#19879,#19877,1.,#19880);
#19882=IFCMAPPEDITEM(#19057,#19881);
#19883=IFCSHAPEREPRESENTATION(#15,'Body','MappedRepresentation',(#19882));
#19884=IFCPRODUCTDEFINITIONSHAPE($,$,(#19883,#19891,#19898));
#19885=IFCCARTESIANPOINT((0.,0.,0.));
#19886=IFCDIRECTION((1.,0.,0.));
#19887=IFCDIRECTION((0.,1.,0.));
#19888=IFCDIRECTION((0.,0.,1.));
#19889=IFCCARTESIANTRANSFORMATIONOPERATOR3D(#19886,#19887,#19885,1.,#19888);
#19890=IFCMAPPEDITEM(#19071,#19889);
#19891=IFCSHAPEREPRESENTATION(#28,'Body','MappedRepresentation',(#19890));
#19892=IFCCARTESIANPOINT((0.,0.,0.));
#19893=IFCDIRECTION((1.,0.,0.));
#19894=IFCDIRECTION((0.,1.,0.));
#19895=IFCDIRECTION((0.,0.,1.));
#19896=IFCCARTESIANTRANSFORMATIONOPERATOR3D(#19893,#19894,#19892,1.,#19895);
#19897=IFCMAPPEDITEM(#19135,#19896);
#19898=IFCSHAPEREPRESENTATION(#19,'Annotation','MappedRepresentation',(#19897));
#20016=IFCCARTESIANPOINTLIST2D(((0.200000000000003,0.),(-3.37378400313108E-08,0.2),(4.40448459436855,0.2),(4.40448460948018,0.)),$);
#20017=IFCINDEXEDPOLYCURVE(#20016,(IFCLINEINDEX((1,2,3,4,1))),$);
#20018=IFCARBITRARYCLOSEDPROFILEDEF(.AREA.,$,#20017);
#20019=IFCCARTESIANPOINT((0.,0.,0.));
#20020=IFCDIRECTION((0.,0.,1.));
#20021=IFCDIRECTION((1.,0.,0.));
#20022=IFCAXIS2PLACEMENT3D(#20019,#20020,#20021);
#20023=IFCDIRECTION((0.,0.,1.));
#20024=IFCEXTRUDEDAREASOLID(#20018,#20022,#20023,3.);
#20025=IFCSHAPEREPRESENTATION(#15,'Body','SweptSolid',(#20024));
#20026=IFCCARTESIANPOINTLIST2D(((0.,0.),(4.40448460948018,2.09336758416612E-06)),$);
#20027=IFCINDEXEDPOLYCURVE(#20026,$,$);
#20028=IFCSHAPEREPRESENTATION(#27,'Axis','Curve2D',(#20027));
#20068=IFCOPENINGELEMENT('2mmqKdQ7H4G8qrUAJ_sEd2',$,'Opening',$,$,#20098,#20081,$,.OPENING.);
#20074=IFCCARTESIANPOINT((0.,0.,0.));
#20075=IFCDIRECTION((1.,0.,0.));
#20076=IFCDIRECTION((0.,1.,0.));
#20077=IFCDIRECTION((0.,0.,1.));
#20078=IFCCARTESIANTRANSFORMATIONOPERATOR3D(#20075,#20076,#20074,1.,#20077);
#20079=IFCMAPPEDITEM(#19561,#20078);
#20080=IFCSHAPEREPRESENTATION(#15,'Body','MappedRepresentation',(#20079));
#20081=IFCPRODUCTDEFINITIONSHAPE($,$,(#20080));
#20082=IFCRELVOIDSELEMENT('1InX5k2ef9uBn9Yi2f60zY',$,$,$,#17291,#20068);
#20088=IFCRELFILLSELEMENT('00Ej4WxQb7ZhDOut8cLbbz',$,$,$,#20068,#19828);
#20094=IFCCARTESIANPOINT((2.25088895982569,0.0959054005960738,0.));
#20095=IFCDIRECTION((0.,0.,1.));
#20096=IFCDIRECTION((-0.999999999999999,3.17864987664479E-08,0.));
#20097=IFCAXIS2PLACEMENT3D(#20094,#20095,#20096);
#20098=IFCLOCALPLACEMENT(#29012,#20097);
#20104=IFCWALL('2mbp3mOlrDduWb$k8IMoka',$,'Wall',$,$,#28677,#20115,$,$);
#20110=IFCRELDEFINESBYPROPERTIES('17INwKfBz46uA1ZY0jhHjN',$,$,$,(#20104),#20111);
#20111=IFCPROPERTYSET('1EXq9qe$96oQKVUO5eCZFw',$,'EPset_Parametric',$,(#20112));
#20112=IFCPROPERTYSINGLEVALUE('Engine',$,IFCLABEL('Bonsai.DumbLayer2'),$);
#20113=IFCRELASSOCIATESMATERIAL('1HkiVlRqD5KwJt22FcTTg7',$,$,$,(#20104),#20114);
#20114=IFCMATERIALLAYERSETUSAGE(#396,.AXIS2.,.POSITIVE.,0.,$);
#20115=IFCPRODUCTDEFINITIONSHAPE($,$,(#20182,#20179));
#20129=IFCRELCONNECTSPATHELEMENTS('22dh6VTajDLQrwyTO_vMgg',$,$,$,$,#17758,#20104,(),(),.ATEND.,.ATPATH.);
#20170=IFCCARTESIANPOINTLIST2D(((0.,0.),(0.,0.2),(1.0508895663772,0.2),(1.05088960647234,0.)),$);
#20171=IFCINDEXEDPOLYCURVE(#20170,(IFCLINEINDEX((1,2,3,4,1))),$);
#20172=IFCARBITRARYCLOSEDPROFILEDEF(.AREA.,$,#20171);
#20173=IFCCARTESIANPOINT((0.,0.,0.));
#20174=IFCDIRECTION((0.,0.,1.));
#20175=IFCDIRECTION((1.,0.,0.));
#20176=IFCAXIS2PLACEMENT3D(#20173,#20174,#20175);
#20177=IFCDIRECTION((0.,0.,1.));
#20178=IFCEXTRUDEDAREASOLID(#20172,#20176,#20177,3.);
#20179=IFCSHAPEREPRESENTATION(#15,'Body','SweptSolid',(#20178));
#20180=IFCCARTESIANPOINTLIST2D(((0.,0.),(1.25088960647234,4.15750491811195E-07)),$);
#20181=IFCINDEXEDPOLYCURVE(#20180,$,$);
#20182=IFCSHAPEREPRESENTATION(#27,'Axis','Curve2D',(#20181));
#20191=IFCCARTESIANPOINTLIST2D(((0.,0.),(0.,0.2),(2.10504341125488,0.2),(2.10504341125488,0.)),$);
#20192=IFCINDEXEDPOLYCURVE(#20191,(IFCLINEINDEX((1,2,3,4,1))),$);
#20193=IFCARBITRARYCLOSEDPROFILEDEF(.AREA.,$,#20192);
#20194=IFCCARTESIANPOINT((0.,0.,0.));
#20195=IFCDIRECTION((0.,0.,1.));
#20196=IFCDIRECTION((1.,0.,0.));
#20197=IFCAXIS2PLACEMENT3D(#20194,#20195,#20196);
#20198=IFCDIRECTION((0.,0.,1.));
#20199=IFCEXTRUDEDAREASOLID(#20193,#20197,#20198,3.);
#20200=IFCSHAPEREPRESENTATION(#15,'Body','SweptSolid',(#20199));
#20201=IFCCARTESIANPOINTLIST2D(((0.,0.),(2.10504341125488,2.18724903788825E-06)),$);
#20202=IFCINDEXEDPOLYCURVE(#20201,$,$);
#20203=IFCSHAPEREPRESENTATION(#27,'Axis','Curve2D',(#20202));
#20204=IFCWALL('0Lmm6eYPj12RbgXKY6EPyA',$,'Wall',$,$,#28682,#20215,$,$);
#20210=IFCRELDEFINESBYPROPERTIES('3f2qA43df01u9cQ56pJTGw',$,$,$,(#20204),#20211);
#20211=IFCPROPERTYSET('2Wn8Qyr$PF6x6scYC$yfAy',$,'EPset_Parametric',$,(#20212));
#20212=IFCPROPERTYSINGLEVALUE('Engine',$,IFCLABEL('Bonsai.DumbLayer2'),$);
#20213=IFCRELASSOCIATESMATERIAL('2riZDCXWv1u9r$bAVFXTcy',$,$,$,(#20204),#20214);
#20214=IFCMATERIALLAYERSETUSAGE(#396,.AXIS2.,.POSITIVE.,0.,$);
#20215=IFCPRODUCTDEFINITIONSHAPE($,$,(#20247,#20244));
#20234=IFCRELCONNECTSPATHELEMENTS('2iHZHryf515g_XFUmEScl7',$,$,$,$,#20204,#1959,(),(),.ATPATH.,.ATEND.);
#20235=IFCCARTESIANPOINTLIST2D(((0.,0.),(0.,0.2),(2.63382183910632,0.2),(2.63382187777987,0.)),$);
#20236=IFCINDEXEDPOLYCURVE(#20235,(IFCLINEINDEX((1,2,3,4,1))),$);
#20237=IFCARBITRARYCLOSEDPROFILEDEF(.AREA.,$,#20236);
#20238=IFCCARTESIANPOINT((0.,0.,0.));
#20239=IFCDIRECTION((0.,0.,1.));
#20240=IFCDIRECTION((1.,0.,0.));
#20241=IFCAXIS2PLACEMENT3D(#20238,#20239,#20240);
#20242=IFCDIRECTION((0.,0.,1.));
#20243=IFCEXTRUDEDAREASOLID(#20237,#20241,#20242,3.);
#20244=IFCSHAPEREPRESENTATION(#15,'Body','SweptSolid',(#20243));
#20245=IFCCARTESIANPOINTLIST2D(((0.,0.),(2.83382187777987,0.)),$);
#20246=IFCINDEXEDPOLYCURVE(#20245,$,$);
#20247=IFCSHAPEREPRESENTATION(#27,'Axis','Curve2D',(#20246));
#20253=IFCRELCONNECTSPATHELEMENTS('3143O8moz4r8zIIXxttGot',$,$,$,$,#11812,#1959,(),(),.ATPATH.,.ATEND.);
#20272=IFCCARTESIANPOINTLIST2D(((0.,0.),(0.200000156095097,0.2),(18.4323705249249,0.2),(18.6323704931986,0.)),$);
#20273=IFCINDEXEDPOLYCURVE(#20272,(IFCLINEINDEX((1,2,3,4,1))),$);
#20274=IFCARBITRARYCLOSEDPROFILEDEF(.AREA.,$,#20273);
#20275=IFCCARTESIANPOINT((0.,0.,0.));
#20276=IFCDIRECTION((0.,0.,1.));
#20277=IFCDIRECTION((1.,0.,0.));
#20278=IFCAXIS2PLACEMENT3D(#20275,#20276,#20277);
#20279=IFCDIRECTION((0.,0.,1.));
#20280=IFCEXTRUDEDAREASOLID(#20274,#20278,#20279,3.);
#20281=IFCSHAPEREPRESENTATION(#15,'Body','SweptSolid',(#20280));
#20282=IFCCARTESIANPOINTLIST2D(((0.,0.),(18.4323704931986,5.61211891181301E-07)),$);
#20283=IFCINDEXEDPOLYCURVE(#20282,$,$);
#20284=IFCSHAPEREPRESENTATION(#27,'Axis','Curve2D',(#20283));
#20288=IFCCARTESIANPOINTLIST2D(((0.,0.),(0.,0.2),(2.65633240170781,0.2),(2.65633244038136,0.)),$);
#20289=IFCINDEXEDPOLYCURVE(#20288,(IFCLINEINDEX((1,2,3,4,1))),$);
#20290=IFCARBITRARYCLOSEDPROFILEDEF(.AREA.,$,#20289);
#20291=IFCCARTESIANPOINT((0.,0.,0.));
#20292=IFCDIRECTION((0.,0.,1.));
#20293=IFCDIRECTION((1.,0.,0.));
#20294=IFCAXIS2PLACEMENT3D(#20291,#20292,#20293);
#20295=IFCDIRECTION((0.,0.,1.));
#20296=IFCEXTRUDEDAREASOLID(#20290,#20294,#20295,3.);
#20297=IFCSHAPEREPRESENTATION(#15,'Body','SweptSolid',(#20296));
#20298=IFCCARTESIANPOINTLIST2D(((0.,0.),(2.85633244038136,0.)),$);
#20299=IFCINDEXEDPOLYCURVE(#20298,$,$);
#20300=IFCSHAPEREPRESENTATION(#27,'Axis','Curve2D',(#20299));
#20348=IFCRELCONNECTSPATHELEMENTS('3kVHMM$TH7mgd7K$S7_XC2',$,$,$,$,#1875,#17758,(),(),.ATEND.,.ATEND.);
#20362=IFCCARTESIANPOINTLIST2D(((-0.199999999999989,0.),(-6.88293535504191E-08,0.2),(5.1477729310213,0.2),(5.34777289843717,0.)),$);
#20363=IFCINDEXEDPOLYCURVE(#20362,(IFCLINEINDEX((1,2,3,4,1))),$);
#20364=IFCARBITRARYCLOSEDPROFILEDEF(.AREA.,$,#20363);
#20365=IFCCARTESIANPOINT((0.,0.,0.));
#20366=IFCDIRECTION((0.,0.,1.));
#20367=IFCDIRECTION((1.,0.,0.));
#20368=IFCAXIS2PLACEMENT3D(#20365,#20366,#20367);
#20369=IFCDIRECTION((0.,0.,1.));
#20370=IFCEXTRUDEDAREASOLID(#20364,#20368,#20369,3.);
#20371=IFCSHAPEREPRESENTATION(#15,'Body','SweptSolid',(#20370));
#20372=IFCCARTESIANPOINTLIST2D(((0.,0.),(5.14777289843717,2.09582594834501E-07)),$);
#20373=IFCINDEXEDPOLYCURVE(#20372,$,$);
#20374=IFCSHAPEREPRESENTATION(#27,'Axis','Curve2D',(#20373));
#20375=IFCWALL('2z8aGayRL65freAYCgZ34o',$,'Wall',$,$,#28702,#20386,$,$);
#20381=IFCRELASSOCIATESMATERIAL('3Ip5f$S856vRvWbIux9RzN',$,$,$,(#20375),#20382);
#20382=IFCMATERIALLAYERSETUSAGE(#396,.AXIS2.,.POSITIVE.,0.,$);
#20383=IFCRELDEFINESBYPROPERTIES('1whSDU6M1BHwKMqoY8hN7I',$,$,$,(#20375),#20384);
#20384=IFCPROPERTYSET('11iEABP6H1lQ7YPumt2G8y',$,'EPset_Parametric',$,(#20385));
#20385=IFCPROPERTYSINGLEVALUE('Engine',$,IFCLABEL('Bonsai.DumbLayer2'),$);
#20386=IFCPRODUCTDEFINITIONSHAPE($,$,(#20469,#20466));
#20400=IFCRELCONNECTSPATHELEMENTS('3E8y2FzeH7O9NvcK276egZ',$,$,$,$,#7405,#20375,(),(),.ATEND.,.ATPATH.);
#20438=IFCRELCONNECTSPATHELEMENTS('3XZUXI13b4ZujW2AZOgM5d',$,$,$,$,#6663,#20375,(),(),.ATSTART.,.ATSTART.);
#20457=IFCCARTESIANPOINTLIST2D(((0.199999999999963,0.),(-2.12080998235331E-07,0.2),(4.85425595043978,0.2),(4.85425583825951,0.)),$);
#20458=IFCINDEXEDPOLYCURVE(#20457,(IFCLINEINDEX((1,2,3,4,1))),$);
#20459=IFCARBITRARYCLOSEDPROFILEDEF(.AREA.,$,#20458);
#20460=IFCCARTESIANPOINT((0.,0.,0.));
#20461=IFCDIRECTION((0.,0.,1.));
#20462=IFCDIRECTION((1.,0.,0.));
#20463=IFCAXIS2PLACEMENT3D(#20460,#20461,#20462);
#20464=IFCDIRECTION((0.,0.,1.));
#20465=IFCEXTRUDEDAREASOLID(#20459,#20463,#20464,3.);
#20466=IFCSHAPEREPRESENTATION(#15,'Body','SweptSolid',(#20465));
#20467=IFCCARTESIANPOINTLIST2D(((0.,0.),(4.85425583825951,5.25846189702861E-07)),$);
#20468=IFCINDEXEDPOLYCURVE(#20467,$,$);
#20469=IFCSHAPEREPRESENTATION(#27,'Axis','Curve2D',(#20468));
#20475=IFCRELCONNECTSPATHELEMENTS('0ImLFbo25BiQsMBs_MpdsJ',$,$,$,$,#1900,#1875,(),(),.ATSTART.,.ATEND.);
#20476=IFCCARTESIANPOINTLIST2D(((0.199999999999984,0.),(-8.01934858898022E-08,0.2),(12.3142464009919,0.2),(12.1142463684078,0.)),$);
#20477=IFCINDEXEDPOLYCURVE(#20476,(IFCLINEINDEX((1,2,3,4,1))),$);
#20478=IFCARBITRARYCLOSEDPROFILEDEF(.AREA.,$,#20477);
#20479=IFCCARTESIANPOINT((0.,0.,0.));
#20480=IFCDIRECTION((0.,0.,1.));
#20481=IFCDIRECTION((1.,0.,0.));
#20482=IFCAXIS2PLACEMENT3D(#20479,#20480,#20481);
#20483=IFCDIRECTION((0.,0.,1.));
#20484=IFCEXTRUDEDAREASOLID(#20478,#20482,#20483,3.);
#20485=IFCSHAPEREPRESENTATION(#15,'Body','SweptSolid',(#20484));
#20486=IFCCARTESIANPOINTLIST2D(((0.,0.),(12.1142463684078,-1.75010745806503E-06)),$);
#20487=IFCINDEXEDPOLYCURVE(#20486,$,$);
#20488=IFCSHAPEREPRESENTATION(#27,'Axis','Curve2D',(#20487));
#20489=IFCCARTESIANPOINTLIST2D(((0.,0.),(-0.200000003690755,0.2),(4.40448299623217,0.2),(4.20448303695895,0.)),$);
#20490=IFCINDEXEDPOLYCURVE(#20489,(IFCLINEINDEX((1,2,3,4,1))),$);
#20491=IFCARBITRARYCLOSEDPROFILEDEF(.AREA.,$,#20490);
#20492=IFCCARTESIANPOINT((0.,0.,0.));
#20493=IFCDIRECTION((0.,0.,1.));
#20494=IFCDIRECTION((1.,0.,0.));
#20495=IFCAXIS2PLACEMENT3D(#20492,#20493,#20494);
#20496=IFCDIRECTION((0.,0.,1.));
#20497=IFCEXTRUDEDAREASOLID(#20491,#20495,#20496,3.);
#20498=IFCSHAPEREPRESENTATION(#15,'Body','SweptSolid',(#20497));
#20499=IFCCARTESIANPOINTLIST2D(((0.,0.),(4.40448303695896,0.)),$);
#20500=IFCINDEXEDPOLYCURVE(#20499,$,$);
#20501=IFCSHAPEREPRESENTATION(#27,'Axis','Curve2D',(#20500));
#20507=IFCWALL('3N6mJmx6vCGvpPvbf4tsBv',$,'Wall',$,$,#28747,#20518,$,$);
#20513=IFCRELASSOCIATESMATERIAL('3ZTOapUyD4GOP$x3AV8Nj3',$,$,$,(#20507),#20514);
#20514=IFCMATERIALLAYERSETUSAGE(#396,.AXIS2.,.POSITIVE.,0.,$);
#20515=IFCRELDEFINESBYPROPERTIES('3fZOTIkpHCshYt6YtJXzfx',$,$,$,(#20507),#20516);
#20516=IFCPROPERTYSET('2GvDdGS4PBtv04NMJ7NDVX',$,'EPset_Parametric',$,(#20517));
#20517=IFCPROPERTYSINGLEVALUE('Engine',$,IFCLABEL('Bonsai.DumbLayer2'),$);
#20518=IFCPRODUCTDEFINITIONSHAPE($,$,(#20573,#20570));
#20542=IFCRELCONNECTSPATHELEMENTS('1ifaz1bm564gOL061jCFuh',$,$,$,$,#7662,#20507,(),(),.ATPATH.,.ATSTART.);
#20543=IFCCARTESIANPOINTLIST2D(((0.,0.),(-5.42495020017242E-08,0.2),(3.12637223775273,0.2),(3.12637223775273,0.)),$);
#20544=IFCINDEXEDPOLYCURVE(#20543,(IFCLINEINDEX((1,2,3,4,1))),$);
#20545=IFCARBITRARYCLOSEDPROFILEDEF(.AREA.,$,#20544);
#20546=IFCCARTESIANPOINT((0.,0.,0.));
#20547=IFCDIRECTION((0.,0.,1.));
#20548=IFCDIRECTION((1.,0.,0.));
#20549=IFCAXIS2PLACEMENT3D(#20546,#20547,#20548);
#20550=IFCDIRECTION((0.,0.,1.));
#20551=IFCEXTRUDEDAREASOLID(#20545,#20549,#20550,3.);
#20552=IFCSHAPEREPRESENTATION(#15,'Body','SweptSolid',(#20551));
#20553=IFCCARTESIANPOINTLIST2D(((0.,0.),(3.12637223775273,-1.48430032709257E-08)),$);
#20554=IFCINDEXEDPOLYCURVE(#20553,$,$);
#20555=IFCSHAPEREPRESENTATION(#27,'Axis','Curve2D',(#20554));
#20561=IFCCARTESIANPOINTLIST2D(((0.,0.),(0.,0.2),(4.85425583825951,0.2),(4.85425583825951,0.)),$);
#20562=IFCINDEXEDPOLYCURVE(#20561,(IFCLINEINDEX((1,2,3,4,1))),$);
#20563=IFCARBITRARYCLOSEDPROFILEDEF(.AREA.,$,#20562);
#20564=IFCCARTESIANPOINT((0.,0.,0.));
#20565=IFCDIRECTION((0.,0.,1.));
#20566=IFCDIRECTION((1.,0.,0.));
#20567=IFCAXIS2PLACEMENT3D(#20564,#20565,#20566);
#20568=IFCDIRECTION((0.,0.,1.));
#20569=IFCEXTRUDEDAREASOLID(#20563,#20567,#20568,3.);
#20570=IFCSHAPEREPRESENTATION(#15,'Body','SweptSolid',(#20569));
#20571=IFCCARTESIANPOINTLIST2D(((0.,0.),(4.85425583825951,5.25846189702861E-07)),$);
#20572=IFCINDEXEDPOLYCURVE(#20571,$,$);
#20573=IFCSHAPEREPRESENTATION(#27,'Axis','Curve2D',(#20572));
#20590=IFCCARTESIANPOINTLIST3D(((1.15790953714168E-06,8.63843552245669E-10,6.63820912905067E-07),(1.39208168548066E-07,3.2480840239657E-09,3.12637209892273)),$);
#20591=IFCINDEXEDPOLYCURVE(#20590,$,.F.);
#20592=IFCSHAPEREPRESENTATION(#16,'Axis','Curve3D',(#20591));
#20593=IFCCARTESIANPOINT((0.,0.,0.));
#20594=IFCDIRECTION((0.,0.,1.));
#20595=IFCDIRECTION((1.,0.,0.));
#20596=IFCAXIS2PLACEMENT3D(#20593,#20594,#20595);
#20597=IFCDIRECTION((0.,0.,1.));
#20598=IFCEXTRUDEDAREASOLID(#16387,#20596,#20597,3.12637131166953);
#20599=IFCSHAPEREPRESENTATION(#15,'Body','SweptSolid',(#20598));
#20605=IFCCARTESIANPOINTLIST3D(((1.15790953714168E-06,8.63905280645838E-10,-1.5351649551576E-07),(1.39208168548066E-07,3.24814575236587E-09,3.12637114524841)),$);
#20606=IFCINDEXEDPOLYCURVE(#20605,$,.F.);
#20607=IFCSHAPEREPRESENTATION(#16,'Axis','Curve3D',(#20606));
#20608=IFCCARTESIANPOINT((0.,0.,0.));
#20609=IFCDIRECTION((0.,0.,1.));
#20610=IFCDIRECTION((1.,0.,0.));
#20611=IFCAXIS2PLACEMENT3D(#20608,#20609,#20610);
#20612=IFCDIRECTION((0.,0.,1.));
#20613=IFCEXTRUDEDAREASOLID(#16387,#20611,#20612,3.12637131166953);
#20614=IFCSHAPEREPRESENTATION(#15,'Body','SweptSolid',(#20613));
#20620=IFCFURNITURE('3A_a8wo9zBahOmXINL79yf',$,'Furniture',$,$,#28762,#20631,$,$);
#20626=IFCRELASSOCIATESMATERIAL('1o_F$Rd3rBjQnoHyqFxJdw',$,$,$,(#20620),#20627);
#20627=IFCMATERIALPROFILESETUSAGE(#16389,5,$);
#20628=IFCRELDEFINESBYPROPERTIES('3uZ1$Ulqf1zwNwPzhsY_OY',$,$,$,(#20620),#20629);
#20629=IFCPROPERTYSET('3bWjpTM$10neWR13o8bB20',$,'EPset_Parametric',$,(#20630));
#20630=IFCPROPERTYSINGLEVALUE('Engine',$,IFCLABEL('Bonsai.DumbProfile'),$);
#20631=IFCPRODUCTDEFINITIONSHAPE($,$,(#20647,#20654));
#20645=IFCCARTESIANPOINTLIST3D(((3.37897290592082E-07,8.21706702680558E-09,1.31087733734603E-06),(-1.0932308214251E-07,7.75026887112062E-09,1.58516061306)),$);
#20646=IFCINDEXEDPOLYCURVE(#20645,$,.F.);
#20647=IFCSHAPEREPRESENTATION(#16,'Axis','Curve3D',(#20646));
#20648=IFCCARTESIANPOINT((0.,0.,0.));
#20649=IFCDIRECTION((0.,0.,1.));
#20650=IFCDIRECTION((1.,0.,0.));
#20651=IFCAXIS2PLACEMENT3D(#20648,#20649,#20650);
#20652=IFCDIRECTION((0.,0.,1.));
#20653=IFCEXTRUDEDAREASOLID(#16387,#20651,#20652,1.58515933634842);
#20654=IFCSHAPEREPRESENTATION(#15,'Body','SweptSolid',(#20653));
#20660=IFCFURNITURE('2Q4WqZLlHAZhvIgqTzrkTE',$,'Furniture',$,$,#28912,#20671,$,$);
#20666=IFCRELASSOCIATESMATERIAL('2j4Ihf39f1YOs4Mv3hwTIy',$,$,$,(#20660),#20667);
#20667=IFCMATERIALPROFILESETUSAGE(#16389,5,$);
#20668=IFCRELDEFINESBYPROPERTIES('0GCCuoUMH9GekR_1gyPfHW',$,$,$,(#20660),#20669);
#20669=IFCPROPERTYSET('1kI01tyJT2_u_z4TWHObZD',$,'EPset_Parametric',$,(#20670));
#20670=IFCPROPERTYSINGLEVALUE('Engine',$,IFCLABEL('Bonsai.DumbProfile'),$);
#20671=IFCPRODUCTDEFINITIONSHAPE($,$,(#24598,#24605));
#20716=IFCDOOR('16lFgV7rL5jgfxiVh9rw12',$,'Door',$,$,#28982,#20729,$,$,$,$,$,$);
#20722=IFCCARTESIANPOINT((0.,0.,0.));
#20723=IFCDIRECTION((1.,0.,0.));
#20724=IFCDIRECTION((0.,1.,0.));
#20725=IFCDIRECTION((0.,0.,1.));
#20726=IFCCARTESIANTRANSFORMATIONOPERATOR3D(#20723,#20724,#20722,1.,#20725);
#20727=IFCMAPPEDITEM(#19057,#20726);
#20728=IFCSHAPEREPRESENTATION(#15,'Body','MappedRepresentation',(#20727));
#20729=IFCPRODUCTDEFINITIONSHAPE($,$,(#20728,#20736,#20743));
#20730=IFCCARTESIANPOINT((0.,0.,0.));
#20731=IFCDIRECTION((1.,0.,0.));
#20732=IFCDIRECTION((0.,1.,0.));
#20733=IFCDIRECTION((0.,0.,1.));
#20734=IFCCARTESIANTRANSFORMATIONOPERATOR3D(#20731,#20732,#20730,1.,#20733);
#20735=IFCMAPPEDITEM(#19071,#20734);
#20736=IFCSHAPEREPRESENTATION(#28,'Body','MappedRepresentation',(#20735));
#20737=IFCCARTESIANPOINT((0.,0.,0.));
#20738=IFCDIRECTION((1.,0.,0.));
#20739=IFCDIRECTION((0.,1.,0.));
#20740=IFCDIRECTION((0.,0.,1.));
#20741=IFCCARTESIANTRANSFORMATIONOPERATOR3D(#20738,#20739,#20737,1.,#20740);
#20742=IFCMAPPEDITEM(#19135,#20741);
#20743=IFCSHAPEREPRESENTATION(#19,'Annotation','MappedRepresentation',(#20742));
#20744=IFCOPENINGELEMENT('2yazH$rjLD4QGA7Q7x0tyh',$,'Opening',$,$,#23356,#20757,$,.OPENING.);
#20750=IFCCARTESIANPOINT((0.,0.,0.));
#20751=IFCDIRECTION((1.,0.,0.));
#20752=IFCDIRECTION((0.,1.,0.));
#20753=IFCDIRECTION((0.,0.,1.));
#20754=IFCCARTESIANTRANSFORMATIONOPERATOR3D(#20751,#20752,#20750,1.,#20753);
#20755=IFCMAPPEDITEM(#19561,#20754);
#20756=IFCSHAPEREPRESENTATION(#15,'Body','MappedRepresentation',(#20755));
#20757=IFCPRODUCTDEFINITIONSHAPE($,$,(#20756));
#20758=IFCRELVOIDSELEMENT('3kYiHDNzn0FPCtQpQ5x15A',$,$,$,#8914,#20744);
#20764=IFCRELFILLSELEMENT('2UMfeG$hT6yAA8fcJUXkpq',$,$,$,#20744,#20716);
#20765=IFCRELCONNECTSPATHELEMENTS('3vUrF0fYzAVO5fzSnNv_uy',$,$,$,$,#8484,#8914,(),(),.ATPATH.,.ATSTART.);
#20797=IFCDOOR('2cY5ZWCRf4yOV7Rqy6Lghv',$,'Door',$,$,#29112,#20810,$,$,$,$,$,$);
#20803=IFCCARTESIANPOINT((0.,0.,0.));
#20804=IFCDIRECTION((1.,0.,0.));
#20805=IFCDIRECTION((0.,1.,0.));
#20806=IFCDIRECTION((0.,0.,1.));
#20807=IFCCARTESIANTRANSFORMATIONOPERATOR3D(#20804,#20805,#20803,1.,#20806);
#20808=IFCMAPPEDITEM(#19172,#20807);
#20809=IFCSHAPEREPRESENTATION(#15,'Body','MappedRepresentation',(#20808));
#20810=IFCPRODUCTDEFINITIONSHAPE($,$,(#20809,#20817,#20824));
#20811=IFCCARTESIANPOINT((0.,0.,0.));
#20812=IFCDIRECTION((1.,0.,0.));
#20813=IFCDIRECTION((0.,1.,0.));
#20814=IFCDIRECTION((0.,0.,1.));
#20815=IFCCARTESIANTRANSFORMATIONOPERATOR3D(#20812,#20813,#20811,1.,#20814);
#20816=IFCMAPPEDITEM(#19188,#20815);
#20817=IFCSHAPEREPRESENTATION(#28,'Body','MappedRepresentation',(#20816));
#20818=IFCCARTESIANPOINT((0.,0.,0.));
#20819=IFCDIRECTION((1.,0.,0.));
#20820=IFCDIRECTION((0.,1.,0.));
#20821=IFCDIRECTION((0.,0.,1.));
#20822=IFCCARTESIANTRANSFORMATIONOPERATOR3D(#20819,#20820,#20818,1.,#20821);
#20823=IFCMAPPEDITEM(#19252,#20822);
#20824=IFCSHAPEREPRESENTATION(#19,'Annotation','MappedRepresentation',(#20823));
#20825=IFCOPENINGELEMENT('0vv0LkDxn2fwcFynRW2QGW',$,'Opening',$,$,#20855,#20838,$,.OPENING.);
#20831=IFCCARTESIANPOINT((0.,0.,0.));
#20832=IFCDIRECTION((1.,0.,0.));
#20833=IFCDIRECTION((0.,1.,0.));
#20834=IFCDIRECTION((0.,0.,1.));
#20835=IFCCARTESIANTRANSFORMATIONOPERATOR3D(#20832,#20833,#20831,1.,#20834);
#20836=IFCMAPPEDITEM(#19298,#20835);
#20837=IFCSHAPEREPRESENTATION(#15,'Body','MappedRepresentation',(#20836));
#20838=IFCPRODUCTDEFINITIONSHAPE($,$,(#20837));
#20839=IFCRELVOIDSELEMENT('0CYGNGCW10XfQj3G6NMB97',$,$,$,#8484,#20825);
#20845=IFCRELFILLSELEMENT('0p7ZWPhrj3sRMhr6n5oZVz',$,$,$,#20825,#20797);
#20851=IFCCARTESIANPOINT((1.28066480612408,0.216026123044401,0.));
#20852=IFCDIRECTION((0.,0.,1.));
#20853=IFCDIRECTION((-0.999999999999996,8.74227765734723E-08,0.));
#20854=IFCAXIS2PLACEMENT3D(#20851,#20852,#20853);
#20855=IFCLOCALPLACEMENT(#29107,#20854);
#20882=IFCSANITARYTERMINAL('2T_ljZRED4Uw6kAU3g68WM',$,'SanitaryTerminal',$,$,#28622,#20895,$,$);
#20888=IFCCARTESIANPOINT((0.,0.,0.));
#20889=IFCDIRECTION((1.,0.,0.));
#20890=IFCDIRECTION((0.,1.,0.));
#20891=IFCDIRECTION((0.,0.,1.));
#20892=IFCCARTESIANTRANSFORMATIONOPERATOR3D(#20889,#20890,#20888,1.,#20891);
#20893=IFCMAPPEDITEM(#8714,#20892);
#20894=IFCSHAPEREPRESENTATION(#15,'Body','MappedRepresentation',(#20893));
#20895=IFCPRODUCTDEFINITIONSHAPE($,$,(#20894,#20902));
#20896=IFCCARTESIANPOINT((0.,0.,0.));
#20897=IFCDIRECTION((1.,0.,0.));
#20898=IFCDIRECTION((0.,1.,0.));
#20899=IFCDIRECTION((0.,0.,1.));
#20900=IFCCARTESIANTRANSFORMATIONOPERATOR3D(#20897,#20898,#20896,1.,#20899);
#20901=IFCMAPPEDITEM(#8730,#20900);
#20902=IFCSHAPEREPRESENTATION(#28,'Body','MappedRepresentation',(#20901));
#21083=IFCWALL('0$M6OYCNDCvfi4eZ1WKcg4',$,'Wall',$,$,#29097,#21094,$,$);
#21089=IFCRELDEFINESBYPROPERTIES('3E4MfhX1j2NPUlfUFM9_Y0',$,$,$,(#21083),#21090);
#21090=IFCPROPERTYSET('2ozflKxn5FIh9KVXTOUPUc',$,'EPset_Parametric',$,(#21091));
#21091=IFCPROPERTYSINGLEVALUE('Engine',$,IFCLABEL('Bonsai.DumbLayer2'),$);
#21092=IFCRELASSOCIATESMATERIAL('3803e8M_5BwRjT3shlxM98',$,$,$,(#21083),#21093);
#21093=IFCMATERIALLAYERSETUSAGE(#396,.AXIS2.,.POSITIVE.,0.,$);
#21094=IFCPRODUCTDEFINITIONSHAPE($,$,(#23150,#23147));
#21113=IFCRELCONNECTSPATHELEMENTS('25BXpGrbj3Vue8uNMzZFwo',$,$,$,$,#16944,#9235,(),(),.ATSTART.,.ATSTART.);
#21114=IFCCARTESIANPOINTLIST2D(((-0.199999999999996,0.),(8.32734659006462E-09,0.2),(5.80533787986806,0.2),(5.60533791854161,0.)),$);
#21115=IFCINDEXEDPOLYCURVE(#21114,(IFCLINEINDEX((1,2,3,4,1))),$);
#21116=IFCARBITRARYCLOSEDPROFILEDEF(.AREA.,$,#21115);
#21117=IFCCARTESIANPOINT((0.,0.,0.));
#21118=IFCDIRECTION((0.,0.,1.));
#21119=IFCDIRECTION((1.,0.,0.));
#21120=IFCAXIS2PLACEMENT3D(#21117,#21118,#21119);
#21121=IFCDIRECTION((0.,0.,1.));
#21122=IFCEXTRUDEDAREASOLID(#21116,#21120,#21121,3.);
#21123=IFCSHAPEREPRESENTATION(#15,'Body','SweptSolid',(#21122));
#21124=IFCCARTESIANPOINTLIST2D(((0.,0.),(5.80533791854161,2.05582182388753E-08)),$);
#21125=IFCINDEXEDPOLYCURVE(#21124,$,$);
#21126=IFCSHAPEREPRESENTATION(#27,'Axis','Curve2D',(#21125));
#21132=IFCCARTESIANPOINTLIST2D(((0.200000000000003,0.),(3.18758818955626E-08,0.2),(2.26309512924288,0.2),(2.46309514473705,0.)),$);
#21133=IFCINDEXEDPOLYCURVE(#21132,(IFCLINEINDEX((1,2,3,4,1))),$);
#21134=IFCARBITRARYCLOSEDPROFILEDEF(.AREA.,$,#21133);
#21135=IFCCARTESIANPOINT((0.,0.,0.));
#21136=IFCDIRECTION((0.,0.,1.));
#21137=IFCDIRECTION((1.,0.,0.));
#21138=IFCAXIS2PLACEMENT3D(#21135,#21136,#21137);
#21139=IFCDIRECTION((0.,0.,1.));
#21140=IFCEXTRUDEDAREASOLID(#21134,#21138,#21139,3.);
#21141=IFCSHAPEREPRESENTATION(#15,'Body','SweptSolid',(#21140));
#21142=IFCCARTESIANPOINTLIST2D(((0.,0.),(2.26309514473705,-4.62932916889258E-07)),$);
#21143=IFCINDEXEDPOLYCURVE(#21142,$,$);
#21144=IFCSHAPEREPRESENTATION(#27,'Axis','Curve2D',(#21143));
#21155=IFCRELCONNECTSPATHELEMENTS('0_8HRN67z9ffvav7kljXmU',$,$,$,$,#7229,#4569,(),(),.ATEND.,.ATEND.);
#21174=IFCCARTESIANPOINTLIST2D(((0.,0.),(-0.200000084680361,0.2),(4.14825567121205,0.2),(3.94825575543159,0.)),$);
#21175=IFCINDEXEDPOLYCURVE(#21174,(IFCLINEINDEX((1,2,3,4,1))),$);
#21176=IFCARBITRARYCLOSEDPROFILEDEF(.AREA.,$,#21175);
#21177=IFCCARTESIANPOINT((0.,0.,0.));
#21178=IFCDIRECTION((0.,0.,1.));
#21179=IFCDIRECTION((1.,0.,0.));
#21180=IFCAXIS2PLACEMENT3D(#21177,#21178,#21179);
#21181=IFCDIRECTION((0.,0.,1.));
#21182=IFCEXTRUDEDAREASOLID(#21176,#21180,#21181,3.);
#21183=IFCSHAPEREPRESENTATION(#15,'Body','SweptSolid',(#21182));
#21184=IFCCARTESIANPOINTLIST2D(((0.,0.),(4.1482557554316,0.)),$);
#21185=IFCINDEXEDPOLYCURVE(#21184,$,$);
#21186=IFCSHAPEREPRESENTATION(#27,'Axis','Curve2D',(#21185));
#21204=IFCCARTESIANPOINTLIST2D(((0.,0.),(0.,0.2),(4.70000244644791,0.2),(4.90000241386378,0.)),$);
#21205=IFCINDEXEDPOLYCURVE(#21204,(IFCLINEINDEX((1,2,3,4,1))),$);
#21206=IFCARBITRARYCLOSEDPROFILEDEF(.AREA.,$,#21205);
#21207=IFCCARTESIANPOINT((0.,0.,0.));
#21208=IFCDIRECTION((0.,0.,1.));
#21209=IFCDIRECTION((1.,0.,0.));
#21210=IFCAXIS2PLACEMENT3D(#21207,#21208,#21209);
#21211=IFCDIRECTION((0.,0.,1.));
#21212=IFCEXTRUDEDAREASOLID(#21206,#21210,#21211,3.);
#21213=IFCSHAPEREPRESENTATION(#15,'Body','SweptSolid',(#21212));
#21214=IFCCARTESIANPOINTLIST2D(((0.,0.),(4.70000241386378,1.21343282444286E-06)),$);
#21215=IFCINDEXEDPOLYCURVE(#21214,$,$);
#21216=IFCSHAPEREPRESENTATION(#27,'Axis','Curve2D',(#21215));
#21260=IFCCARTESIANPOINT((2.84212247433936,-1.01515935924112E-06,0.));
#21261=IFCDIRECTION((0.,0.,1.));
#21262=IFCDIRECTION((1.,-5.29395592033938E-23,0.));
#21263=IFCAXIS2PLACEMENT3D(#21260,#21261,#21262);
#21264=IFCLOCALPLACEMENT(#28847,#21263);
#21352=IFCBUILDINGELEMENTPROXY('1oHjOJ8LLATeUNdOrEbUfA',$,'BuildingElementProxy',$,$,#29092,#21365,$,$);
#21358=IFCCARTESIANPOINT((0.,0.,0.));
#21359=IFCDIRECTION((1.,0.,0.));
#21360=IFCDIRECTION((0.,1.,0.));
#21361=IFCDIRECTION((0.,0.,1.));
#21362=IFCCARTESIANTRANSFORMATIONOPERATOR3D(#21359,#21360,#21358,1.,#21361);
#21363=IFCMAPPEDITEM(#14303,#21362);
#21364=IFCSHAPEREPRESENTATION(#15,'Body','MappedRepresentation',(#21363));
#21365=IFCPRODUCTDEFINITIONSHAPE($,$,(#21364));
#21403=IFCDOOR('3GjzucIyvFYv2R5MqVWBCg',$,'Door',$,$,#29002,#21416,$,$,$,$,$,$);
#21409=IFCCARTESIANPOINT((0.,0.,0.));
#21410=IFCDIRECTION((1.,0.,0.));
#21411=IFCDIRECTION((0.,1.,0.));
#21412=IFCDIRECTION((0.,0.,1.));
#21413=IFCCARTESIANTRANSFORMATIONOPERATOR3D(#21410,#21411,#21409,1.,#21412);
#21414=IFCMAPPEDITEM(#19172,#21413);
#21415=IFCSHAPEREPRESENTATION(#15,'Body','MappedRepresentation',(#21414));
#21416=IFCPRODUCTDEFINITIONSHAPE($,$,(#21415,#21423,#21430));
#21417=IFCCARTESIANPOINT((0.,0.,0.));
#21418=IFCDIRECTION((1.,0.,0.));
#21419=IFCDIRECTION((0.,1.,0.));
#21420=IFCDIRECTION((0.,0.,1.));
#21421=IFCCARTESIANTRANSFORMATIONOPERATOR3D(#21418,#21419,#21417,1.,#21420);
#21422=IFCMAPPEDITEM(#19188,#21421);
#21423=IFCSHAPEREPRESENTATION(#28,'Body','MappedRepresentation',(#21422));
#21424=IFCCARTESIANPOINT((0.,0.,0.));
#21425=IFCDIRECTION((1.,0.,0.));
#21426=IFCDIRECTION((0.,1.,0.));
#21427=IFCDIRECTION((0.,0.,1.));
#21428=IFCCARTESIANTRANSFORMATIONOPERATOR3D(#21425,#21426,#21424,1.,#21427);
#21429=IFCMAPPEDITEM(#19252,#21428);
#21430=IFCSHAPEREPRESENTATION(#19,'Annotation','MappedRepresentation',(#21429));
#21431=IFCOPENINGELEMENT('1thLfROC97cQ6lRgNvvw8x',$,'Opening',$,$,#21450,#21444,$,.OPENING.);
#21437=IFCCARTESIANPOINT((0.,0.,0.));
#21438=IFCDIRECTION((1.,0.,0.));
#21439=IFCDIRECTION((0.,1.,0.));
#21440=IFCDIRECTION((0.,0.,1.));
#21441=IFCCARTESIANTRANSFORMATIONOPERATOR3D(#21438,#21439,#21437,1.,#21440);
#21442=IFCMAPPEDITEM(#19298,#21441);
#21443=IFCSHAPEREPRESENTATION(#15,'Body','MappedRepresentation',(#21442));
#21444=IFCPRODUCTDEFINITIONSHAPE($,$,(#21443));
#21445=IFCRELVOIDSELEMENT('0AwMsETlr1dwKBT$05q419',$,$,$,#1959,#21431);
#21446=IFCCARTESIANPOINT((16.5210313474138,-1.62208262111108E-06,0.));
#21447=IFCDIRECTION((0.,0.,1.));
#21448=IFCDIRECTION((1.,0.,0.));
#21449=IFCAXIS2PLACEMENT3D(#21446,#21447,#21448);
#21450=IFCLOCALPLACEMENT(#28997,#21449);
#21451=IFCRELFILLSELEMENT('3QVpJ8Gm93Ku2IfgtVr8gy',$,$,$,#21431,#21403);
#21452=IFCCARTESIANPOINTLIST3D(((-7.59137037675828E-08,1.30085666683044E-08,-1.41016175803088E-06),(-1.95622124010697E-06,5.41757074756788E-08,5.77062082290649)),$);
#21453=IFCINDEXEDPOLYCURVE(#21452,$,.F.);
#21454=IFCSHAPEREPRESENTATION(#16,'Axis','Curve3D',(#21453));
#21455=IFCCARTESIANPOINT((0.,0.,0.));
#21456=IFCDIRECTION((0.,0.,1.));
#21457=IFCDIRECTION((1.,0.,0.));
#21458=IFCAXIS2PLACEMENT3D(#21455,#21456,#21457);
#21459=IFCDIRECTION((0.,0.,1.));
#21460=IFCEXTRUDEDAREASOLID(#16387,#21458,#21459,5.77062209347514);
#21461=IFCSHAPEREPRESENTATION(#15,'Body','SweptSolid',(#21460));
#21467=IFCANNOTATION('3dpIx2pAPBgvtQHysifWGB',$,'FF PLan',$,'DRAWING',#28210,#21489,.USERDEFINED.);
#21473=IFCRELDEFINESBYPROPERTIES('2HsdXNuJX3J8S7f7hU9xxy',$,$,$,(#21467),#21474);
#21474=IFCPROPERTYSET('1k0WAjnzvAeREohCl4qo1N',$,'EPset_Drawing',$,(#21475,#21476,#21477,#21478,#21479,#21480,#21481,#21482,#21483,#21484,#21485,#21486,#21487,#21488,#28241));
#21475=IFCPROPERTYSINGLEVALUE('TargetView',$,IFCLABEL('PLAN_VIEW'),$);
#21476=IFCPROPERTYSINGLEVALUE('Scale',$,IFCLABEL('1/75'),$);
#21477=IFCPROPERTYSINGLEVALUE('HumanScale',$,IFCLABEL('1:75'),$);
#21478=IFCPROPERTYSINGLEVALUE('HasUnderlay',$,IFCBOOLEAN(.F.),$);
#21479=IFCPROPERTYSINGLEVALUE('HasLinework',$,IFCBOOLEAN(.T.),$);
#21480=IFCPROPERTYSINGLEVALUE('HasAnnotation',$,IFCBOOLEAN(.T.),$);
#21481=IFCPROPERTYSINGLEVALUE('GlobalReferencing',$,IFCBOOLEAN(.T.),$);
#21482=IFCPROPERTYSINGLEVALUE('Stylesheet',$,IFCTEXT('drawings/assets/concept.css'),$);
#21483=IFCPROPERTYSINGLEVALUE('Markers',$,IFCTEXT('drawings/assets/markers.svg'),$);
#21484=IFCPROPERTYSINGLEVALUE('Symbols',$,IFCTEXT('drawings/assets/symbols.svg'),$);
#21485=IFCPROPERTYSINGLEVALUE('Patterns',$,IFCTEXT('drawings/assets/patterns.svg'),$);
#21486=IFCPROPERTYSINGLEVALUE('ShadingStyles',$,IFCTEXT('drawings/assets/shading_styles.json'),$);
#21487=IFCPROPERTYSINGLEVALUE('CurrentShadingStyle',$,IFCLABEL('Blender Default'),$);
#21488=IFCPROPERTYSINGLEVALUE('Exclude',$,IFCTEXT('2G7_FUH1TFnfA2p0BceQCt + IfcGeographicElement + IfcBuildingElementProxy'),$);
#21489=IFCPRODUCTDEFINITIONSHAPE($,$,(#28246));
#21495=IFCGROUP('2o1ATjfvz9gQJ1SfMbLP2$',$,'FF PLan',$,'DRAWING');
#21496=IFCRELASSIGNSTOGROUP('1n9YhLUl1D6xG8mN7l4ctn',$,$,$,(#28169,#28048,#27994,#28021,#28075,#28129,#21467,#28102),$,#21495);
#21497=IFCDOCUMENTINFORMATION('X','FF PLan',$,$,$,$,'DRAWING',$,$,$,$,$,$,$,$,$,$);
#21498=IFCRELASSOCIATESDOCUMENT('1FvTQcl1bBoOLl1iOBXAys',$,$,$,(#1),#21497);
#21499=IFCDOCUMENTREFERENCE('drawings/FF PLan.svg','X',$,$,#21497);
#21500=IFCRELASSOCIATESDOCUMENT('1ulg3behjFjRrRV3ev6OOo',$,$,$,(#21467),#21499);
#21650=IFCCARTESIANPOINTLIST2D(((0.,0.),(0.,0.2),(4.85424557359793,0.2),(5.05424554101379,0.)),$);
#21651=IFCINDEXEDPOLYCURVE(#21650,(IFCLINEINDEX((1,2,3,4,1))),$);
#21652=IFCARBITRARYCLOSEDPROFILEDEF(.AREA.,$,#21651);
#21653=IFCCARTESIANPOINT((0.,0.,0.));
#21654=IFCDIRECTION((0.,0.,1.));
#21655=IFCDIRECTION((1.,0.,0.));
#21656=IFCAXIS2PLACEMENT3D(#21653,#21654,#21655);
#21657=IFCDIRECTION((0.,0.,1.));
#21658=IFCEXTRUDEDAREASOLID(#21652,#21656,#21657,3.);
#21659=IFCSHAPEREPRESENTATION(#15,'Body','SweptSolid',(#21658));
#21660=IFCCARTESIANPOINTLIST2D(((0.,0.),(4.85424554101379,1.81334507942665E-06)),$);
#21661=IFCINDEXEDPOLYCURVE(#21660,$,$);
#21662=IFCSHAPEREPRESENTATION(#27,'Axis','Curve2D',(#21661));
#21720=IFCCARTESIANPOINTLIST2D(((-0.200000000000011,0.),(-8.40427008375636E-08,0.2),(5.91643692215564,0.2),(5.71643715856278,0.)),$);
#21721=IFCINDEXEDPOLYCURVE(#21720,(IFCLINEINDEX((1,2,3,4,1))),$);
#21722=IFCARBITRARYCLOSEDPROFILEDEF(.AREA.,$,#21721);
#21723=IFCCARTESIANPOINT((0.,0.,0.));
#21724=IFCDIRECTION((0.,0.,1.));
#21725=IFCDIRECTION((1.,0.,0.));
#21726=IFCAXIS2PLACEMENT3D(#21723,#21724,#21725);
#21727=IFCDIRECTION((0.,0.,1.));
#21728=IFCEXTRUDEDAREASOLID(#21722,#21726,#21727,3.);
#21729=IFCSHAPEREPRESENTATION(#15,'Body','SweptSolid',(#21728));
#21730=IFCCARTESIANPOINTLIST2D(((0.,0.),(5.91643715856281,-2.81478241959121E-06)),$);
#21731=IFCINDEXEDPOLYCURVE(#21730,$,$);
#21732=IFCSHAPEREPRESENTATION(#27,'Axis','Curve2D',(#21731));
#21746=IFCCARTESIANPOINTLIST2D(((0.,0.),(0.199999998212806,0.2),(2.18614204224393,0.2),(2.38614191450855,0.)),$);
#21747=IFCINDEXEDPOLYCURVE(#21746,(IFCLINEINDEX((1,2,3,4,1))),$);
#21748=IFCARBITRARYCLOSEDPROFILEDEF(.AREA.,$,#21747);
#21749=IFCCARTESIANPOINT((0.,0.,0.));
#21750=IFCDIRECTION((0.,0.,1.));
#21751=IFCDIRECTION((1.,0.,0.));
#21752=IFCAXIS2PLACEMENT3D(#21749,#21750,#21751);
#21753=IFCDIRECTION((0.,0.,1.));
#21754=IFCEXTRUDEDAREASOLID(#21748,#21752,#21753,3.);
#21755=IFCSHAPEREPRESENTATION(#15,'Body','SweptSolid',(#21754));
#21756=IFCCARTESIANPOINTLIST2D(((0.,0.),(2.18614191450853,2.22793141801958E-06)),$);
#21757=IFCINDEXEDPOLYCURVE(#21756,$,$);
#21758=IFCSHAPEREPRESENTATION(#27,'Axis','Curve2D',(#21757));
#21952=IFCCARTESIANPOINTLIST2D(((-0.199999999999999,0.),(-7.96292785851935E-09,0.2),(4.20448564277034,0.2),(4.40448570251453,0.)),$);
#21953=IFCINDEXEDPOLYCURVE(#21952,(IFCLINEINDEX((1,2,3,4,1))),$);
#21954=IFCARBITRARYCLOSEDPROFILEDEF(.AREA.,$,#21953);
#21955=IFCCARTESIANPOINT((0.,0.,0.));
#21956=IFCDIRECTION((0.,0.,1.));
#21957=IFCDIRECTION((1.,0.,0.));
#21958=IFCAXIS2PLACEMENT3D(#21955,#21956,#21957);
#21959=IFCDIRECTION((0.,0.,1.));
#21960=IFCEXTRUDEDAREASOLID(#21954,#21958,#21959,3.);
#21961=IFCSHAPEREPRESENTATION(#15,'Body','SweptSolid',(#21960));
#21962=IFCCARTESIANPOINTLIST2D(((0.,0.),(4.40448570251453,3.29520753439283E-06)),$);
#21963=IFCINDEXEDPOLYCURVE(#21962,$,$);
#21964=IFCSHAPEREPRESENTATION(#27,'Axis','Curve2D',(#21963));
#22023=IFCRELCONNECTSPATHELEMENTS('1Jjttopq53f8tm1bzI3Khh',$,$,$,$,#9726,#9901,(),(),.ATEND.,.ATEND.);
#22055=IFCWALL('0S4v0C6_X2AfmGMJW5yEgU',$,'Wall',$,$,#27268,#22066,$,$);
#22061=IFCRELASSOCIATESMATERIAL('0DjjEnocn7Nw3fPxrnolge',$,$,$,(#22055),#22062);
#22062=IFCMATERIALLAYERSETUSAGE(#396,.AXIS2.,.POSITIVE.,0.,$);
#22063=IFCRELDEFINESBYPROPERTIES('3ET9weNrrA$ebbNLE06YRb',$,$,$,(#22055),#22064);
#22064=IFCPROPERTYSET('1Kad9rHl54hAQexaLfOlDT',$,'EPset_Parametric',$,(#22065));
#22065=IFCPROPERTYSINGLEVALUE('Engine',$,IFCLABEL('Bonsai.DumbLayer2'),$);
#22066=IFCPRODUCTDEFINITIONSHAPE($,$,(#22148,#22145));
#22085=IFCRELCONNECTSPATHELEMENTS('1Acgg1AYD3$QcX6HEcpRc9',$,$,$,$,#22055,#10435,(),(),.ATSTART.,.ATEND.);
#22117=IFCRELCONNECTSPATHELEMENTS('34P5W2N4j91whqnOpN6O4Y',$,$,$,$,#10410,#22055,(),(),.ATSTART.,.ATSTART.);
#22136=IFCCARTESIANPOINTLIST2D(((-0.2,0.),(-1.61634878952386E-08,0.2),(4.20448565176992,0.2),(4.40448570251438,0.)),$);
#22137=IFCINDEXEDPOLYCURVE(#22136,(IFCLINEINDEX((1,2,3,4,1))),$);
#22138=IFCARBITRARYCLOSEDPROFILEDEF(.AREA.,$,#22137);
#22139=IFCCARTESIANPOINT((0.,0.,0.));
#22140=IFCDIRECTION((0.,0.,1.));
#22141=IFCDIRECTION((1.,0.,0.));
#22142=IFCAXIS2PLACEMENT3D(#22139,#22140,#22141);
#22143=IFCDIRECTION((0.,0.,1.));
#22144=IFCEXTRUDEDAREASOLID(#22138,#22142,#22143,3.);
#22145=IFCSHAPEREPRESENTATION(#15,'Body','SweptSolid',(#22144));
#22146=IFCCARTESIANPOINTLIST2D(((0.,0.),(4.40448570251438,3.29520753439283E-06)),$);
#22147=IFCINDEXEDPOLYCURVE(#22146,$,$);
#22148=IFCSHAPEREPRESENTATION(#27,'Axis','Curve2D',(#22147));
#22154=IFCFURNITURE('3RtlVt0sX7RRDnpC6Ufw0g',$,'Furniture',$,$,#27178,#22167,$,$);
#22160=IFCCARTESIANPOINT((0.,0.,0.));
#22161=IFCDIRECTION((1.,0.,0.));
#22162=IFCDIRECTION((0.,1.,0.));
#22163=IFCDIRECTION((0.,0.,1.));
#22164=IFCCARTESIANTRANSFORMATIONOPERATOR3D(#22161,#22162,#22160,1.,#22163);
#22165=IFCMAPPEDITEM(#5676,#22164);
#22166=IFCSHAPEREPRESENTATION(#15,'Body','MappedRepresentation',(#22165));
#22167=IFCPRODUCTDEFINITIONSHAPE($,$,(#22166,#22174));
#22168=IFCCARTESIANPOINT((0.,0.,0.));
#22169=IFCDIRECTION((1.,0.,0.));
#22170=IFCDIRECTION((0.,1.,0.));
#22171=IFCDIRECTION((0.,0.,1.));
#22172=IFCCARTESIANTRANSFORMATIONOPERATOR3D(#22169,#22170,#22168,1.,#22171);
#22173=IFCMAPPEDITEM(#5690,#22172);
#22174=IFCSHAPEREPRESENTATION(#28,'Body','MappedRepresentation',(#22173));
#22175=IFCFURNITURE('1G6$Bb8Bz0VOoYpxB$5vBw',$,'Furniture',$,$,#27183,#22188,$,$);
#22181=IFCCARTESIANPOINT((0.,0.,0.));
#22182=IFCDIRECTION((1.,0.,0.));
#22183=IFCDIRECTION((0.,1.,0.));
#22184=IFCDIRECTION((0.,0.,1.));
#22185=IFCCARTESIANTRANSFORMATIONOPERATOR3D(#22182,#22183,#22181,1.,#22184);
#22186=IFCMAPPEDITEM(#5676,#22185);
#22187=IFCSHAPEREPRESENTATION(#15,'Body','MappedRepresentation',(#22186));
#22188=IFCPRODUCTDEFINITIONSHAPE($,$,(#22187,#22195));
#22189=IFCCARTESIANPOINT((0.,0.,0.));
#22190=IFCDIRECTION((1.,0.,0.));
#22191=IFCDIRECTION((0.,1.,0.));
#22192=IFCDIRECTION((0.,0.,1.));
#22193=IFCCARTESIANTRANSFORMATIONOPERATOR3D(#22190,#22191,#22189,1.,#22192);
#22194=IFCMAPPEDITEM(#5690,#22193);
#22195=IFCSHAPEREPRESENTATION(#28,'Body','MappedRepresentation',(#22194));
#22196=IFCFURNITURE('2PqSRt26f3lhxIZ0qiusmo',$,'Furniture',$,$,#27173,#22209,$,$);
#22202=IFCCARTESIANPOINT((0.,0.,0.));
#22203=IFCDIRECTION((1.,0.,0.));
#22204=IFCDIRECTION((0.,1.,0.));
#22205=IFCDIRECTION((0.,0.,1.));
#22206=IFCCARTESIANTRANSFORMATIONOPERATOR3D(#22203,#22204,#22202,1.,#22205);
#22207=IFCMAPPEDITEM(#5769,#22206);
#22208=IFCSHAPEREPRESENTATION(#15,'Body','MappedRepresentation',(#22207));
#22209=IFCPRODUCTDEFINITIONSHAPE($,$,(#22208,#22216));
#22210=IFCCARTESIANPOINT((0.,0.,0.));
#22211=IFCDIRECTION((1.,0.,0.));
#22212=IFCDIRECTION((0.,1.,0.));
#22213=IFCDIRECTION((0.,0.,1.));
#22214=IFCCARTESIANTRANSFORMATIONOPERATOR3D(#22211,#22212,#22210,1.,#22213);
#22215=IFCMAPPEDITEM(#5792,#22214);
#22216=IFCSHAPEREPRESENTATION(#28,'Body','MappedRepresentation',(#22215));
#22217=IFCFURNITURE('3XRduFtwvEXuwXiM0lZRQW',$,'Furniture',$,$,#27188,#22230,$,$);
#22223=IFCCARTESIANPOINT((0.,0.,0.));
#22224=IFCDIRECTION((1.,0.,0.));
#22225=IFCDIRECTION((0.,1.,0.));
#22226=IFCDIRECTION((0.,0.,1.));
#22227=IFCCARTESIANTRANSFORMATIONOPERATOR3D(#22224,#22225,#22223,1.,#22226);
#22228=IFCMAPPEDITEM(#5676,#22227);
#22229=IFCSHAPEREPRESENTATION(#15,'Body','MappedRepresentation',(#22228));
#22230=IFCPRODUCTDEFINITIONSHAPE($,$,(#22229,#22237));
#22231=IFCCARTESIANPOINT((0.,0.,0.));
#22232=IFCDIRECTION((1.,0.,0.));
#22233=IFCDIRECTION((0.,1.,0.));
#22234=IFCDIRECTION((0.,0.,1.));
#22235=IFCCARTESIANTRANSFORMATIONOPERATOR3D(#22232,#22233,#22231,1.,#22234);
#22236=IFCMAPPEDITEM(#5690,#22235);
#22237=IFCSHAPEREPRESENTATION(#28,'Body','MappedRepresentation',(#22236));
#22238=IFCFURNITURE('1qP6zD9XXEn9q4l_MStnvf',$,'Furniture',$,$,#27193,#22251,$,$);
#22244=IFCCARTESIANPOINT((0.,0.,0.));
#22245=IFCDIRECTION((1.,0.,0.));
#22246=IFCDIRECTION((0.,1.,0.));
#22247=IFCDIRECTION((0.,0.,1.));
#22248=IFCCARTESIANTRANSFORMATIONOPERATOR3D(#22245,#22246,#22244,1.,#22247);
#22249=IFCMAPPEDITEM(#5676,#22248);
#22250=IFCSHAPEREPRESENTATION(#15,'Body','MappedRepresentation',(#22249));
#22251=IFCPRODUCTDEFINITIONSHAPE($,$,(#22250,#22258));
#22252=IFCCARTESIANPOINT((0.,0.,0.));
#22253=IFCDIRECTION((1.,0.,0.));
#22254=IFCDIRECTION((0.,1.,0.));
#22255=IFCDIRECTION((0.,0.,1.));
#22256=IFCCARTESIANTRANSFORMATIONOPERATOR3D(#22253,#22254,#22252,1.,#22255);
#22257=IFCMAPPEDITEM(#5690,#22256);
#22258=IFCSHAPEREPRESENTATION(#28,'Body','MappedRepresentation',(#22257));
#22532=IFCWALL('283Zy3eYL30vZgllAUyml_',$,'Wall',$,$,#27328,#22543,$,$);
#22538=IFCRELDEFINESBYPROPERTIES('0H8Kht$cbA4O9DOGNaublU',$,$,$,(#22532),#22539);
#22539=IFCPROPERTYSET('2UGt7N3$jAcuv9aQO4sFCj',$,'EPset_Parametric',$,(#22540));
#22540=IFCPROPERTYSINGLEVALUE('Engine',$,IFCLABEL('Bonsai.DumbLayer2'),$);
#22541=IFCRELASSOCIATESMATERIAL('1D$2dwsUjA0uMx1nc9_Ghe',$,$,$,(#22532),#22542);
#22542=IFCMATERIALLAYERSETUSAGE(#396,.AXIS2.,.POSITIVE.,0.,$);
#22543=IFCPRODUCTDEFINITIONSHAPE($,$,(#26152,#26149));
#22589=IFCWALL('0BlocX$$P70geetK6XoiXL',$,'Wall',$,$,#27278,#22600,$,$);
#22595=IFCRELASSOCIATESMATERIAL('1d$cqK_rTDdhUDPXgd_3g6',$,$,$,(#22589),#22596);
#22596=IFCMATERIALLAYERSETUSAGE(#396,.AXIS2.,.POSITIVE.,0.,$);
#22597=IFCRELDEFINESBYPROPERTIES('3gkDtDui19hwOdt5UVLgxN',$,$,$,(#22589),#22598);
#22598=IFCPROPERTYSET('0$AteLwJr1vO5mJin$i40k',$,'EPset_Parametric',$,(#22599));
#22599=IFCPROPERTYSINGLEVALUE('Engine',$,IFCLABEL('Bonsai.DumbLayer2'),$);
#22600=IFCPRODUCTDEFINITIONSHAPE($,$,(#25287,#25284));
#22707=IFCRELCONNECTSPATHELEMENTS('09ooI9g_97zxEsbNVLCXkf',$,$,$,$,#10435,#10460,(),(),.ATEND.,.ATEND.);
#22708=IFCCARTESIANPOINTLIST2D(((0.,0.),(0.199999882954496,0.2),(10.8861509121809,0.2),(11.0861508795968,0.)),$);
#22709=IFCINDEXEDPOLYCURVE(#22708,(IFCLINEINDEX((1,2,3,4,1))),$);
#22710=IFCARBITRARYCLOSEDPROFILEDEF(.AREA.,$,#22709);
#22711=IFCCARTESIANPOINT((0.,0.,0.));
#22712=IFCDIRECTION((0.,0.,1.));
#22713=IFCDIRECTION((1.,0.,0.));
#22714=IFCAXIS2PLACEMENT3D(#22711,#22712,#22713);
#22715=IFCDIRECTION((0.,0.,1.));
#22716=IFCEXTRUDEDAREASOLID(#22710,#22714,#22715,3.);
#22717=IFCSHAPEREPRESENTATION(#15,'Body','SweptSolid',(#22716));
#22718=IFCCARTESIANPOINTLIST2D(((0.,0.),(10.8861508795968,1.36095150082838E-06)),$);
#22719=IFCINDEXEDPOLYCURVE(#22718,$,$);
#22720=IFCSHAPEREPRESENTATION(#27,'Axis','Curve2D',(#22719));
#22721=IFCCARTESIANPOINTLIST2D(((0.,0.),(0.,0.2),(4.404485030253,0.2),(4.20448508784048,0.)),$);
#22722=IFCINDEXEDPOLYCURVE(#22721,(IFCLINEINDEX((1,2,3,4,1))),$);
#22723=IFCARBITRARYCLOSEDPROFILEDEF(.AREA.,$,#22722);
#22724=IFCCARTESIANPOINT((0.,0.,0.));
#22725=IFCDIRECTION((0.,0.,1.));
#22726=IFCDIRECTION((1.,0.,0.));
#22727=IFCAXIS2PLACEMENT3D(#22724,#22725,#22726);
#22728=IFCDIRECTION((0.,0.,1.));
#22729=IFCEXTRUDEDAREASOLID(#22723,#22727,#22728,3.);
#22730=IFCSHAPEREPRESENTATION(#15,'Body','SweptSolid',(#22729));
#22731=IFCCARTESIANPOINTLIST2D(((0.,0.),(4.40448508784049,0.)),$);
#22732=IFCINDEXEDPOLYCURVE(#22731,$,$);
#22733=IFCSHAPEREPRESENTATION(#27,'Axis','Curve2D',(#22732));
#22868=IFCCARTESIANPOINT((50.6827011108398,30.0899524688721,3.00000077486038));
#22869=IFCDIRECTION((0.,0.,1.));
#22870=IFCDIRECTION((1.,0.,0.));
#22871=IFCAXIS2PLACEMENT3D(#22868,#22869,#22870);
#22872=IFCLOCALPLACEMENT(#2111,#22871);
#22898=IFCFURNITURE('3I3LdFNnT6kQ3XNoWXner1',$,'Furniture',$,$,#22970,#22911,$,$);
#22904=IFCCARTESIANPOINT((0.,0.,0.));
#22905=IFCDIRECTION((1.,0.,0.));
#22906=IFCDIRECTION((0.,1.,0.));
#22907=IFCDIRECTION((0.,0.,1.));
#22908=IFCCARTESIANTRANSFORMATIONOPERATOR3D(#22905,#22906,#22904,1.,#22907);
#22909=IFCMAPPEDITEM(#5676,#22908);
#22910=IFCSHAPEREPRESENTATION(#15,'Body','MappedRepresentation',(#22909));
#22911=IFCPRODUCTDEFINITIONSHAPE($,$,(#22910,#22918));
#22912=IFCCARTESIANPOINT((0.,0.,0.));
#22913=IFCDIRECTION((1.,0.,0.));
#22914=IFCDIRECTION((0.,1.,0.));
#22915=IFCDIRECTION((0.,0.,1.));
#22916=IFCCARTESIANTRANSFORMATIONOPERATOR3D(#22913,#22914,#22912,1.,#22915);
#22917=IFCMAPPEDITEM(#5690,#22916);
#22918=IFCSHAPEREPRESENTATION(#28,'Body','MappedRepresentation',(#22917));
#22919=IFCFURNITURE('2$h_VoF5P3j8ExS2lMDH2B',$,'Furniture',$,$,#22944,#22932,$,$);
#22925=IFCCARTESIANPOINT((0.,0.,0.));
#22926=IFCDIRECTION((1.,0.,0.));
#22927=IFCDIRECTION((0.,1.,0.));
#22928=IFCDIRECTION((0.,0.,1.));
#22929=IFCCARTESIANTRANSFORMATIONOPERATOR3D(#22926,#22927,#22925,1.,#22928);
#22930=IFCMAPPEDITEM(#5676,#22929);
#22931=IFCSHAPEREPRESENTATION(#15,'Body','MappedRepresentation',(#22930));
#22932=IFCPRODUCTDEFINITIONSHAPE($,$,(#22931,#22939));
#22933=IFCCARTESIANPOINT((0.,0.,0.));
#22934=IFCDIRECTION((1.,0.,0.));
#22935=IFCDIRECTION((0.,1.,0.));
#22936=IFCDIRECTION((0.,0.,1.));
#22937=IFCCARTESIANTRANSFORMATIONOPERATOR3D(#22934,#22935,#22933,1.,#22936);
#22938=IFCMAPPEDITEM(#5690,#22937);
#22939=IFCSHAPEREPRESENTATION(#28,'Body','MappedRepresentation',(#22938));
#22940=IFCCARTESIANPOINT((43.7176780700684,32.490650177002,3.20000058412552));
#22941=IFCDIRECTION((0.,0.,1.));
#22942=IFCDIRECTION((9.65599156188096E-07,0.999999999999534,0.));
#22943=IFCAXIS2PLACEMENT3D(#22940,#22941,#22942);
#22944=IFCLOCALPLACEMENT(#2111,#22943);
#22945=IFCFURNITURE('079Ob4N257h9v1QSFpZ0Oi',$,'Furniture',$,$,#23017,#22958,$,$);
#22951=IFCCARTESIANPOINT((0.,0.,0.));
#22952=IFCDIRECTION((1.,0.,0.));
#22953=IFCDIRECTION((0.,1.,0.));
#22954=IFCDIRECTION((0.,0.,1.));
#22955=IFCCARTESIANTRANSFORMATIONOPERATOR3D(#22952,#22953,#22951,1.,#22954);
#22956=IFCMAPPEDITEM(#5676,#22955);
#22957=IFCSHAPEREPRESENTATION(#15,'Body','MappedRepresentation',(#22956));
#22958=IFCPRODUCTDEFINITIONSHAPE($,$,(#22957,#22965));
#22959=IFCCARTESIANPOINT((0.,0.,0.));
#22960=IFCDIRECTION((1.,0.,0.));
#22961=IFCDIRECTION((0.,1.,0.));
#22962=IFCDIRECTION((0.,0.,1.));
#22963=IFCCARTESIANTRANSFORMATIONOPERATOR3D(#22960,#22961,#22959,1.,#22962);
#22964=IFCMAPPEDITEM(#5690,#22963);
#22965=IFCSHAPEREPRESENTATION(#28,'Body','MappedRepresentation',(#22964));
#22966=IFCCARTESIANPOINT((43.7176780700684,33.6246070861816,3.20000058412552));
#22967=IFCDIRECTION((0.,0.,1.));
#22968=IFCDIRECTION((9.65599156188096E-07,0.999999999999534,0.));
#22969=IFCAXIS2PLACEMENT3D(#22966,#22967,#22968);
#22970=IFCLOCALPLACEMENT(#2111,#22969);
#22992=IFCFURNITURE('3WSPkiWp90Ruzp0N72yJvw',$,'Furniture',$,$,#23195,#23005,$,$);
#22998=IFCCARTESIANPOINT((0.,0.,0.));
#22999=IFCDIRECTION((1.,0.,0.));
#23000=IFCDIRECTION((0.,1.,0.));
#23001=IFCDIRECTION((0.,0.,1.));
#23002=IFCCARTESIANTRANSFORMATIONOPERATOR3D(#22999,#23000,#22998,1.,#23001);
#23003=IFCMAPPEDITEM(#5676,#23002);
#23004=IFCSHAPEREPRESENTATION(#15,'Body','MappedRepresentation',(#23003));
#23005=IFCPRODUCTDEFINITIONSHAPE($,$,(#23004,#23012));
#23006=IFCCARTESIANPOINT((0.,0.,0.));
#23007=IFCDIRECTION((1.,0.,0.));
#23008=IFCDIRECTION((0.,1.,0.));
#23009=IFCDIRECTION((0.,0.,1.));
#23010=IFCCARTESIANTRANSFORMATIONOPERATOR3D(#23007,#23008,#23006,1.,#23009);
#23011=IFCMAPPEDITEM(#5690,#23010);
#23012=IFCSHAPEREPRESENTATION(#28,'Body','MappedRepresentation',(#23011));
#23013=IFCCARTESIANPOINT((43.7176780700684,31.2213020324707,3.20000058412552));
#23014=IFCDIRECTION((0.,0.,1.));
#23015=IFCDIRECTION((9.65599156188096E-07,0.999999999999534,0.));
#23016=IFCAXIS2PLACEMENT3D(#23013,#23014,#23015);
#23017=IFCLOCALPLACEMENT(#2111,#23016);
#23018=IFCFURNITURE('1NGV8DDi1EZgO$d1Q0EFdQ',$,'Furniture',$,$,#23200,#23031,$,$);
#23024=IFCCARTESIANPOINT((0.,0.,0.));
#23025=IFCDIRECTION((1.,0.,0.));
#23026=IFCDIRECTION((0.,1.,0.));
#23027=IFCDIRECTION((0.,0.,1.));
#23028=IFCCARTESIANTRANSFORMATIONOPERATOR3D(#23025,#23026,#23024,1.,#23027);
#23029=IFCMAPPEDITEM(#5676,#23028);
#23030=IFCSHAPEREPRESENTATION(#15,'Body','MappedRepresentation',(#23029));
#23031=IFCPRODUCTDEFINITIONSHAPE($,$,(#23030,#23038));
#23032=IFCCARTESIANPOINT((0.,0.,0.));
#23033=IFCDIRECTION((1.,0.,0.));
#23034=IFCDIRECTION((0.,1.,0.));
#23035=IFCDIRECTION((0.,0.,1.));
#23036=IFCCARTESIANTRANSFORMATIONOPERATOR3D(#23033,#23034,#23032,1.,#23035);
#23037=IFCMAPPEDITEM(#5690,#23036);
#23038=IFCSHAPEREPRESENTATION(#28,'Body','MappedRepresentation',(#23037));
#23090=IFCCARTESIANPOINTLIST2D(((0.,0.),(0.,0.2),(6.12830114364624,0.2),(6.12830114364624,0.)),$);
#23091=IFCINDEXEDPOLYCURVE(#23090,(IFCLINEINDEX((1,2,3,4,1))),$);
#23092=IFCARBITRARYCLOSEDPROFILEDEF(.AREA.,$,#23091);
#23093=IFCCARTESIANPOINT((0.,0.,0.));
#23094=IFCDIRECTION((0.,0.,1.));
#23095=IFCDIRECTION((1.,0.,0.));
#23096=IFCAXIS2PLACEMENT3D(#23093,#23094,#23095);
#23097=IFCDIRECTION((0.,0.,1.));
#23098=IFCEXTRUDEDAREASOLID(#23092,#23096,#23097,3.);
#23099=IFCSHAPEREPRESENTATION(#15,'Body','SweptSolid',(#23098));
#23100=IFCCARTESIANPOINTLIST2D(((0.,0.),(6.12830114364624,-3.19793258540813E-07)),$);
#23101=IFCINDEXEDPOLYCURVE(#23100,$,$);
#23102=IFCSHAPEREPRESENTATION(#27,'Axis','Curve2D',(#23101));
#23103=IFCRELCONNECTSPATHELEMENTS('3xyrw8ag12qh8Jo3NQ5ltx',$,$,$,$,#11334,#21083,(),(),.ATEND.,.ATSTART.);
#23104=IFCCARTESIANPOINTLIST2D(((0.,0.),(-0.199999991672649,0.2),(2.60000229714614,0.2),(2.40000228881875,0.)),$);
#23105=IFCINDEXEDPOLYCURVE(#23104,(IFCLINEINDEX((1,2,3,4,1))),$);
#23106=IFCARBITRARYCLOSEDPROFILEDEF(.AREA.,$,#23105);
#23107=IFCCARTESIANPOINT((0.,0.,0.));
#23108=IFCDIRECTION((0.,0.,1.));
#23109=IFCDIRECTION((1.,0.,0.));
#23110=IFCAXIS2PLACEMENT3D(#23107,#23108,#23109);
#23111=IFCDIRECTION((0.,0.,1.));
#23112=IFCEXTRUDEDAREASOLID(#23106,#23110,#23111,3.);
#23113=IFCSHAPEREPRESENTATION(#15,'Body','SweptSolid',(#23112));
#23114=IFCCARTESIANPOINTLIST2D(((0.,0.),(2.60000228881875,-5.55385634015692E-06)),$);
#23115=IFCINDEXEDPOLYCURVE(#23114,$,$);
#23116=IFCSHAPEREPRESENTATION(#27,'Axis','Curve2D',(#23115));
#23138=IFCCARTESIANPOINTLIST2D(((0.,0.),(0.,0.2),(2.26309293678995,0.2),(2.0630924769864,0.)),$);
#23139=IFCINDEXEDPOLYCURVE(#23138,(IFCLINEINDEX((1,2,3,4,1))),$);
#23140=IFCARBITRARYCLOSEDPROFILEDEF(.AREA.,$,#23139);
#23141=IFCCARTESIANPOINT((0.,0.,0.));
#23142=IFCDIRECTION((0.,0.,1.));
#23143=IFCDIRECTION((1.,0.,0.));
#23144=IFCAXIS2PLACEMENT3D(#23141,#23142,#23143);
#23145=IFCDIRECTION((0.,0.,1.));
#23146=IFCEXTRUDEDAREASOLID(#23140,#23144,#23145,3.);
#23147=IFCSHAPEREPRESENTATION(#15,'Body','SweptSolid',(#23146));
#23148=IFCCARTESIANPOINTLIST2D(((0.,0.),(2.0630924769864,-4.22020153933999E-07)),$);
#23149=IFCINDEXEDPOLYCURVE(#23148,$,$);
#23150=IFCSHAPEREPRESENTATION(#27,'Axis','Curve2D',(#23149));
#23191=IFCCARTESIANPOINT((45.4533157348633,32.9569396972656,3.20000058412552));
#23192=IFCDIRECTION((0.,0.,1.));
#23193=IFCDIRECTION((9.65599156188096E-07,0.999999999999534,0.));
#23194=IFCAXIS2PLACEMENT3D(#23191,#23192,#23193);
#23195=IFCLOCALPLACEMENT(#2111,#23194);
#23196=IFCCARTESIANPOINT((45.4533157348633,31.6875915527344,3.20000058412552));
#23197=IFCDIRECTION((0.,0.,1.));
#23198=IFCDIRECTION((9.65599156188096E-07,0.999999999999534,0.));
#23199=IFCAXIS2PLACEMENT3D(#23196,#23197,#23198);
#23200=IFCLOCALPLACEMENT(#2111,#23199);
#23209=IFCCARTESIANPOINTLIST2D(((0.,0.),(0.,0.2),(4.81938552856445,0.2),(4.81938552856445,0.)),$);
#23210=IFCINDEXEDPOLYCURVE(#23209,(IFCLINEINDEX((1,2,3,4,1))),$);
#23211=IFCARBITRARYCLOSEDPROFILEDEF(.AREA.,$,#23210);
#23212=IFCCARTESIANPOINT((0.,0.,0.));
#23213=IFCDIRECTION((0.,0.,1.));
#23214=IFCDIRECTION((1.,0.,0.));
#23215=IFCAXIS2PLACEMENT3D(#23212,#23213,#23214);
#23216=IFCDIRECTION((0.,0.,1.));
#23217=IFCEXTRUDEDAREASOLID(#23211,#23215,#23216,3.);
#23218=IFCSHAPEREPRESENTATION(#15,'Body','SweptSolid',(#23217));
#23219=IFCCARTESIANPOINTLIST2D(((0.,0.),(4.81938552856445,1.15853947590949E-06)),$);
#23220=IFCINDEXEDPOLYCURVE(#23219,$,$);
#23221=IFCSHAPEREPRESENTATION(#27,'Axis','Curve2D',(#23220));
#23222=IFCDOOR('3FuVmgLBTCrgbOmr51L_ZZ',$,'Door',$,$,#28977,#23309,$,$,$,$,$,$);
#23250=IFCOPENINGELEMENT('305JXD24L9NxkhHKam5DYb',$,'Opening',$,$,#23341,#23331,$,.OPENING.);
#23264=IFCRELVOIDSELEMENT('2fpUuYwjD9_O9djnBJbW65',$,$,$,#8914,#23250);
#23270=IFCRELFILLSELEMENT('2CK2pP2Cr5a9VOBXVA1BsJ',$,$,$,#23250,#23222);
#23302=IFCCARTESIANPOINT((0.,0.,0.));
#23303=IFCDIRECTION((1.,0.,0.));
#23304=IFCDIRECTION((0.,1.,0.));
#23305=IFCDIRECTION((0.,0.,1.));
#23306=IFCCARTESIANTRANSFORMATIONOPERATOR3D(#23303,#23304,#23302,1.,#23305);
#23307=IFCMAPPEDITEM(#19172,#23306);
#23308=IFCSHAPEREPRESENTATION(#15,'Body','MappedRepresentation',(#23307));
#23309=IFCPRODUCTDEFINITIONSHAPE($,$,(#23308,#23316,#23323));
#23310=IFCCARTESIANPOINT((0.,0.,0.));
#23311=IFCDIRECTION((1.,0.,0.));
#23312=IFCDIRECTION((0.,1.,0.));
#23313=IFCDIRECTION((0.,0.,1.));
#23314=IFCCARTESIANTRANSFORMATIONOPERATOR3D(#23311,#23312,#23310,1.,#23313);
#23315=IFCMAPPEDITEM(#19188,#23314);
#23316=IFCSHAPEREPRESENTATION(#28,'Body','MappedRepresentation',(#23315));
#23317=IFCCARTESIANPOINT((0.,0.,0.));
#23318=IFCDIRECTION((1.,0.,0.));
#23319=IFCDIRECTION((0.,1.,0.));
#23320=IFCDIRECTION((0.,0.,1.));
#23321=IFCCARTESIANTRANSFORMATIONOPERATOR3D(#23318,#23319,#23317,1.,#23320);
#23322=IFCMAPPEDITEM(#19252,#23321);
#23323=IFCSHAPEREPRESENTATION(#19,'Annotation','MappedRepresentation',(#23322));
#23324=IFCCARTESIANPOINT((0.,0.,0.));
#23325=IFCDIRECTION((1.,0.,0.));
#23326=IFCDIRECTION((0.,1.,0.));
#23327=IFCDIRECTION((0.,0.,1.));
#23328=IFCCARTESIANTRANSFORMATIONOPERATOR3D(#23325,#23326,#23324,1.,#23327);
#23329=IFCMAPPEDITEM(#19298,#23328);
#23330=IFCSHAPEREPRESENTATION(#15,'Body','MappedRepresentation',(#23329));
#23331=IFCPRODUCTDEFINITIONSHAPE($,$,(#23330));
#23337=IFCCARTESIANPOINT((3.91209393417284,0.207915850051599,0.));
#23338=IFCDIRECTION((0.,0.,1.));
#23339=IFCDIRECTION((-0.999999999999999,-3.17864987664478E-08,0.));
#23340=IFCAXIS2PLACEMENT3D(#23337,#23338,#23339);
#23341=IFCLOCALPLACEMENT(#28972,#23340);
#23352=IFCCARTESIANPOINT((0.12882983928511,-1.59734295124281E-06,0.));
#23353=IFCDIRECTION((0.,0.,1.));
#23354=IFCDIRECTION((1.,-5.29395592033938E-23,0.));
#23355=IFCAXIS2PLACEMENT3D(#23352,#23353,#23354);
#23356=IFCLOCALPLACEMENT(#28972,#23355);
#23362=IFCDOOR('3IvvxhP5904AyvAkXJuxp9',$,'Door',$,$,#29102,#23375,$,$,$,$,$,$);
#23368=IFCCARTESIANPOINT((0.,0.,0.));
#23369=IFCDIRECTION((1.,0.,0.));
#23370=IFCDIRECTION((0.,1.,0.));
#23371=IFCDIRECTION((0.,0.,1.));
#23372=IFCCARTESIANTRANSFORMATIONOPERATOR3D(#23369,#23370,#23368,1.,#23371);
#23373=IFCMAPPEDITEM(#19057,#23372);
#23374=IFCSHAPEREPRESENTATION(#15,'Body','MappedRepresentation',(#23373));
#23375=IFCPRODUCTDEFINITIONSHAPE($,$,(#23374,#23382,#23389));
#23376=IFCCARTESIANPOINT((0.,0.,0.));
#23377=IFCDIRECTION((1.,0.,0.));
#23378=IFCDIRECTION((0.,1.,0.));
#23379=IFCDIRECTION((0.,0.,1.));
#23380=IFCCARTESIANTRANSFORMATIONOPERATOR3D(#23377,#23378,#23376,1.,#23379);
#23381=IFCMAPPEDITEM(#19071,#23380);
#23382=IFCSHAPEREPRESENTATION(#28,'Body','MappedRepresentation',(#23381));
#23383=IFCCARTESIANPOINT((0.,0.,0.));
#23384=IFCDIRECTION((1.,0.,0.));
#23385=IFCDIRECTION((0.,1.,0.));
#23386=IFCDIRECTION((0.,0.,1.));
#23387=IFCCARTESIANTRANSFORMATIONOPERATOR3D(#23384,#23385,#23383,1.,#23386);
#23388=IFCMAPPEDITEM(#19135,#23387);
#23389=IFCSHAPEREPRESENTATION(#19,'Annotation','MappedRepresentation',(#23388));
#23390=IFCOPENINGELEMENT('0Gn723$sT578tuJxkyKFzr',$,'Opening',$,$,#23420,#23403,$,.OPENING.);
#23396=IFCCARTESIANPOINT((0.,0.,0.));
#23397=IFCDIRECTION((1.,0.,0.));
#23398=IFCDIRECTION((0.,1.,0.));
#23399=IFCDIRECTION((0.,0.,1.));
#23400=IFCCARTESIANTRANSFORMATIONOPERATOR3D(#23397,#23398,#23396,1.,#23399);
#23401=IFCMAPPEDITEM(#19561,#23400);
#23402=IFCSHAPEREPRESENTATION(#15,'Body','MappedRepresentation',(#23401));
#23403=IFCPRODUCTDEFINITIONSHAPE($,$,(#23402));
#23404=IFCRELVOIDSELEMENT('32ov9ORFjATg$rbpILT7Rp',$,$,$,#21083,#23390);
#23410=IFCRELFILLSELEMENT('0njMOJm0v578$F3SB5ydaI',$,$,$,#23390,#23362);
#23416=IFCCARTESIANPOINT((2.04612528579851,0.144909285098556,0.));
#23417=IFCDIRECTION((0.,0.,1.));
#23418=IFCDIRECTION((-0.999999999999996,8.74227765734724E-08,0.));
#23419=IFCAXIS2PLACEMENT3D(#23416,#23417,#23418);
#23420=IFCLOCALPLACEMENT(#29097,#23419);
#23426=IFCSANITARYTERMINAL('2qJXB0lf19OehmGTDpQ8FK',$,'SanitaryTerminal',$,$,#28562,#23439,$,$);
#23432=IFCCARTESIANPOINT((0.,0.,0.));
#23433=IFCDIRECTION((1.,0.,0.));
#23434=IFCDIRECTION((0.,1.,0.));
#23435=IFCDIRECTION((0.,0.,1.));
#23436=IFCCARTESIANTRANSFORMATIONOPERATOR3D(#23433,#23434,#23432,1.,#23435);
#23437=IFCMAPPEDITEM(#8759,#23436);
#23438=IFCSHAPEREPRESENTATION(#15,'Body','MappedRepresentation',(#23437));
#23439=IFCPRODUCTDEFINITIONSHAPE($,$,(#23438));
#23440=IFCFURNITURE('21l3BBJpXBkvGssKZQ2oj6',$,'Furniture',$,$,#28872,#23868,$,$);
#23466=IFCFURNITURE('2GvrGIiDT5KP1KAbCnhvBO',$,'Furniture',$,$,#28907,#24022,$,$);
#23487=IFCFURNITURE('1i0CIYj793HOov7b6gJt6Y',$,'Furniture',$,$,#28877,#23890,$,$);
#23513=IFCFURNITURE('1jYJF2_Ar4PA$1ObAX4BjT',$,'Furniture',$,$,#28882,#23912,$,$);
#23534=IFCCARTESIANPOINT((0.,0.,0.));
#23535=IFCDIRECTION((0.,0.,1.));
#23536=IFCDIRECTION((1.,0.,0.));
#23537=IFCAXIS2PLACEMENT3D(#23534,#23535,#23536);
#23552=IFCSHAPEREPRESENTATION(#15,'Body','Tessellation',(#23604));
#23553=IFCREPRESENTATIONMAP(#23537,#23552);
#23554=IFCTRANSPORTELEMENTTYPE('1bC3A3ALH6k8k4HGzsomJc',$,'Lift',$,$,$,(#23553),$,$,.ELEVATOR.);
#23555=IFCTRANSPORTELEMENT('10_X8X5DHBYv3U3r1ASSTk',$,'TransportElement',$,$,#28832,#23564,$,$);
#23556=IFCRELDEFINESBYTYPE('2n0Sfx3jH6tBajANlG28W8',$,$,$,(#23555),#23554);
#23557=IFCCARTESIANPOINT((0.,0.,0.));
#23558=IFCDIRECTION((1.,0.,0.));
#23559=IFCDIRECTION((0.,1.,0.));
#23560=IFCDIRECTION((0.,0.,1.));
#23561=IFCCARTESIANTRANSFORMATIONOPERATOR3D(#23558,#23559,#23557,1.,#23560);
#23562=IFCMAPPEDITEM(#23553,#23561);
#23563=IFCSHAPEREPRESENTATION(#15,'Body','MappedRepresentation',(#23562));
#23564=IFCPRODUCTDEFINITIONSHAPE($,$,(#23563));
#23597=IFCCARTESIANPOINTLIST3D(((0.,1.5,0.),(0.,1.5,5.69999980926514),(1.5,1.5,5.69999980926514),(1.5,1.5,0.),(1.5,0.,5.69999980926514),(1.5,0.,0.),(0.,0.,5.69999980926514),(0.,0.,0.)),$);
#23598=IFCINDEXEDPOLYGONALFACE((5,6,4,3));
#23599=IFCINDEXEDPOLYGONALFACE((7,8,6,5));
#23600=IFCINDEXEDPOLYGONALFACE((6,8,1,4));
#23601=IFCINDEXEDPOLYGONALFACE((7,5,3,2));
#23602=IFCINDEXEDPOLYGONALFACE((2,1,8,7));
#23603=IFCINDEXEDPOLYGONALFACE((3,4,1,2));
#23604=IFCPOLYGONALFACESET(#23597,$,(#23598,#23599,#23600,#23601,#23602,#23603),$);
#23682=IFCCARTESIANPOINT((0.,0.,0.));
#23683=IFCDIRECTION((0.,0.,1.));
#23684=IFCDIRECTION((1.,0.,0.));
#23685=IFCAXIS2PLACEMENT3D(#23682,#23683,#23684);
#23692=IFCCARTESIANPOINT((-0.349999994039536,-1.51394601743959E-07,0.));
#23693=IFCBOUNDINGBOX(#23692,0.70000034570694,0.750000298023224,0.899999976158142);
#23694=IFCSHAPEREPRESENTATION(#17,'Box','BoundingBox',(#23693));
#23695=IFCREPRESENTATIONMAP(#23685,#23694);
#23696=IFCCARTESIANPOINT((0.,0.,0.));
#23697=IFCDIRECTION((0.,0.,1.));
#23698=IFCDIRECTION((1.,0.,0.));
#23699=IFCAXIS2PLACEMENT3D(#23696,#23697,#23698);
#23701=IFCCARTESIANPOINTLIST3D(((0.349999994039536,-1.51394601743959E-07,0.),(0.349999994039536,-1.51394601743959E-07,0.629999995231628),(0.350000351667404,0.749999761581421,0.629999995231628),(0.350000351667404,0.749999761581421,0.),(0.275000333786011,0.74999988079071,0.629999995231628),(0.275000333786011,0.74999988079071,0.),(0.274999976158142,-8.32470874456703E-08,0.629999995231628),(0.274999976158142,-8.32470874456703E-08,0.),(-0.274999648332596,0.75000011920929,0.),(-0.274999648332596,0.75000011920929,0.629999995231628),(-0.349999636411667,0.75000011920929,0.629999995231628),(-0.349999636411667,0.75000011920929,0.),(-0.349999994039536,1.75236465338457E-07,0.629999995231628),(-0.349999994039536,1.75236465338457E-07,0.),(-0.275000005960464,1.07088951040168E-07,0.629999995231628),(-0.275000005960464,1.07088951040168E-07,0.),(0.275000363588333,0.74999988079071,0.),(0.275000363588333,0.74999988079071,0.400000005960464),(-0.274999648332596,0.75000011920929,0.400000005960464),(-0.274999648332596,0.75000011920929,0.),(-0.27499994635582,0.105001755058765,0.400000005960464),(-0.27499994635582,0.105001755058765,0.),(0.275000065565109,0.105001546442509,0.400000005960464),(0.275000065565109,0.105001546442509,0.),(0.275000065565109,0.105001546442509,0.),(0.275000065565109,0.105001546442509,0.899999976158142),(-0.27499994635582,0.105001755058765,0.899999976158142),(-0.27499994635582,0.105001755058765,0.),(-0.275000005960464,1.07088951040168E-07,0.899999976158142),(-0.275000005960464,1.07088951040168E-07,0.),(0.275000005960464,-1.07088951040168E-07,0.899999976158142),(0.275000005960464,-1.07088951040168E-07,0.)),$);
#23702=IFCINDEXEDPOLYGONALFACE((2,1,4));
#23703=IFCINDEXEDPOLYGONALFACE((3,2,4));
#23704=IFCINDEXEDPOLYGONALFACE((3,4,6));
#23705=IFCINDEXEDPOLYGONALFACE((5,3,6));
#23706=IFCINDEXEDPOLYGONALFACE((5,6,8));
#23707=IFCINDEXEDPOLYGONALFACE((7,5,8));
#23708=IFCINDEXEDPOLYGONALFACE((7,8,1));
#23709=IFCINDEXEDPOLYGONALFACE((2,7,1));
#23710=IFCINDEXEDPOLYGONALFACE((4,1,8));
#23711=IFCINDEXEDPOLYGONALFACE((6,4,8));
#23712=IFCINDEXEDPOLYGONALFACE((7,2,3));
#23713=IFCINDEXEDPOLYGONALFACE((7,3,5));
#23714=IFCINDEXEDPOLYGONALFACE((10,9,12));
#23715=IFCINDEXEDPOLYGONALFACE((11,10,12));
#23716=IFCINDEXEDPOLYGONALFACE((11,12,14));
#23717=IFCINDEXEDPOLYGONALFACE((13,11,14));
#23718=IFCINDEXEDPOLYGONALFACE((13,14,16));
#23719=IFCINDEXEDPOLYGONALFACE((15,13,16));
#23720=IFCINDEXEDPOLYGONALFACE((15,16,9));
#23721=IFCINDEXEDPOLYGONALFACE((10,15,9));
#23722=IFCINDEXEDPOLYGONALFACE((12,9,14));
#23723=IFCINDEXEDPOLYGONALFACE((9,16,14));
#23724=IFCINDEXEDPOLYGONALFACE((13,10,11));
#23725=IFCINDEXEDPOLYGONALFACE((13,15,10));
#23726=IFCINDEXEDPOLYGONALFACE((18,17,20));
#23727=IFCINDEXEDPOLYGONALFACE((19,18,20));
#23728=IFCINDEXEDPOLYGONALFACE((19,20,22));
#23729=IFCINDEXEDPOLYGONALFACE((21,19,22));
#23730=IFCINDEXEDPOLYGONALFACE((21,22,24));
#23731=IFCINDEXEDPOLYGONALFACE((23,21,24));
#23732=IFCINDEXEDPOLYGONALFACE((23,24,17));
#23733=IFCINDEXEDPOLYGONALFACE((18,23,17));
#23734=IFCINDEXEDPOLYGONALFACE((20,17,22));
#23735=IFCINDEXEDPOLYGONALFACE((17,24,22));
#23736=IFCINDEXEDPOLYGONALFACE((21,18,19));
#23737=IFCINDEXEDPOLYGONALFACE((21,23,18));
#23738=IFCINDEXEDPOLYGONALFACE((26,25,28));
#23739=IFCINDEXEDPOLYGONALFACE((27,26,28));
#23740=IFCINDEXEDPOLYGONALFACE((27,28,30));
#23741=IFCINDEXEDPOLYGONALFACE((29,27,30));
#23742=IFCINDEXEDPOLYGONALFACE((29,30,32));
#23743=IFCINDEXEDPOLYGONALFACE((31,29,32));
#23744=IFCINDEXEDPOLYGONALFACE((31,32,25));
#23745=IFCINDEXEDPOLYGONALFACE((26,31,25));
#23746=IFCINDEXEDPOLYGONALFACE((28,25,30));
#23747=IFCINDEXEDPOLYGONALFACE((25,32,30));
#23748=IFCINDEXEDPOLYGONALFACE((29,26,27));
#23749=IFCINDEXEDPOLYGONALFACE((29,31,26));
#23750=IFCPOLYGONALFACESET(#23701,.T.,(#23702,#23703,#23704,#23705,#23706,#23707,#23708,#23709,#23710,#23711,#23712,#23713,#23714,#23715,#23716,#23717,#23718,#23719,#23720,#23721,#23722,#23723,#23724,#23725,#23726,#23727,#23728,#23729,#23730,#23731,#23732,#23733,#23734,#23735,#23736,#23737,#23738,#23739,#23740,#23741,#23742,#23743,#23744,#23745,#23746,#23747,#23748,#23749),$);
#23751=IFCSHAPEREPRESENTATION(#15,'Body','Tessellation',(#23750));
#23752=IFCREPRESENTATIONMAP(#23699,#23751);
#23753=IFCCARTESIANPOINT((0.,0.,0.));
#23754=IFCDIRECTION((0.,0.,1.));
#23755=IFCDIRECTION((1.,0.,0.));
#23756=IFCAXIS2PLACEMENT3D(#23753,#23754,#23755);
#23762=IFCCARTESIANPOINTLIST2D(((0.275000095367432,0.105001546442509),(0.275000095367432,-8.32470874456703E-08),(-0.274999856948853,1.07088951040168E-07),(-0.274999856948853,0.105001755058765)),$);
#23763=IFCINDEXEDPOLYCURVE(#23762,(IFCLINEINDEX((1,2,3,4,1))),$);
#23764=IFCCARTESIANPOINTLIST2D(((0.27500057220459,0.74999988079071),(0.350000381469727,0.749999761581421),(0.350000143051147,-1.51394601743959E-07),(0.275000095367432,-8.32470874456703E-08),(0.27500057220459,0.74999988079071),(-0.274999618530273,0.75000011920929),(-0.274999856948853,0.105001755058765)),$);
#23765=IFCINDEXEDPOLYCURVE(#23764,$,$);
#23766=IFCCARTESIANPOINTLIST2D(((-0.274999618530273,0.75000011920929),(-0.34999942779541,0.75000011920929),(-0.349999904632568,1.75236465338457E-07),(-0.274999856948853,1.07088951040168E-07)),$);
#23767=IFCINDEXEDPOLYCURVE(#23766,$,$);
#23768=IFCGEOMETRICCURVESET((#23763,#23765,#23767));
#23769=IFCSHAPEREPRESENTATION(#28,'Body','Annotation2D',(#23768));
#23770=IFCREPRESENTATIONMAP(#23756,#23769);
#23771=IFCFURNITURETYPE('2a6r$$2954Fx2nj1d6AVIh',$,'1SeatSofa_0.75x0.7x0.9',$,$,$,(#23695,#23752,#23770),$,$,.NOTDEFINED.,.SOFA.);
#23772=IFCRELDEFINESBYTYPE('1PiV0Srsf3hREYfNGV2w5i',$,$,$,(#5915,#23513,#23440,#5894,#5868,#23487,#23466,#6009,#5983,#5962,#5816,#5936),#23771);
#23773=IFCCARTESIANPOINT((0.,0.,0.));
#23774=IFCDIRECTION((1.,0.,0.));
#23775=IFCDIRECTION((0.,1.,0.));
#23776=IFCDIRECTION((0.,0.,1.));
#23777=IFCCARTESIANTRANSFORMATIONOPERATOR3D(#23774,#23775,#23773,1.,#23776);
#23778=IFCMAPPEDITEM(#23695,#23777);
#23779=IFCSHAPEREPRESENTATION(#17,'Box','MappedRepresentation',(#23778));
#23780=IFCPRODUCTDEFINITIONSHAPE($,$,(#23779,#23787,#23794));
#23781=IFCCARTESIANPOINT((0.,0.,0.));
#23782=IFCDIRECTION((1.,0.,0.));
#23783=IFCDIRECTION((0.,1.,0.));
#23784=IFCDIRECTION((0.,0.,1.));
#23785=IFCCARTESIANTRANSFORMATIONOPERATOR3D(#23782,#23783,#23781,1.,#23784);
#23786=IFCMAPPEDITEM(#23752,#23785);
#23787=IFCSHAPEREPRESENTATION(#15,'Body','MappedRepresentation',(#23786));
#23788=IFCCARTESIANPOINT((0.,0.,0.));
#23789=IFCDIRECTION((1.,0.,0.));
#23790=IFCDIRECTION((0.,1.,0.));
#23791=IFCDIRECTION((0.,0.,1.));
#23792=IFCCARTESIANTRANSFORMATIONOPERATOR3D(#23789,#23790,#23788,1.,#23791);
#23793=IFCMAPPEDITEM(#23770,#23792);
#23794=IFCSHAPEREPRESENTATION(#28,'Body','MappedRepresentation',(#23793));
#23795=IFCCARTESIANPOINT((0.,0.,0.));
#23796=IFCDIRECTION((1.,0.,0.));
#23797=IFCDIRECTION((0.,1.,0.));
#23798=IFCDIRECTION((0.,0.,1.));
#23799=IFCCARTESIANTRANSFORMATIONOPERATOR3D(#23796,#23797,#23795,1.,#23798);
#23800=IFCMAPPEDITEM(#23695,#23799);
#23801=IFCSHAPEREPRESENTATION(#17,'Box','MappedRepresentation',(#23800));
#23802=IFCPRODUCTDEFINITIONSHAPE($,$,(#23801,#23809,#23816));
#23803=IFCCARTESIANPOINT((0.,0.,0.));
#23804=IFCDIRECTION((1.,0.,0.));
#23805=IFCDIRECTION((0.,1.,0.));
#23806=IFCDIRECTION((0.,0.,1.));
#23807=IFCCARTESIANTRANSFORMATIONOPERATOR3D(#23804,#23805,#23803,1.,#23806);
#23808=IFCMAPPEDITEM(#23752,#23807);
#23809=IFCSHAPEREPRESENTATION(#15,'Body','MappedRepresentation',(#23808));
#23810=IFCCARTESIANPOINT((0.,0.,0.));
#23811=IFCDIRECTION((1.,0.,0.));
#23812=IFCDIRECTION((0.,1.,0.));
#23813=IFCDIRECTION((0.,0.,1.));
#23814=IFCCARTESIANTRANSFORMATIONOPERATOR3D(#23811,#23812,#23810,1.,#23813);
#23815=IFCMAPPEDITEM(#23770,#23814);
#23816=IFCSHAPEREPRESENTATION(#28,'Body','MappedRepresentation',(#23815));
#23817=IFCCARTESIANPOINT((0.,0.,0.));
#23818=IFCDIRECTION((1.,0.,0.));
#23819=IFCDIRECTION((0.,1.,0.));
#23820=IFCDIRECTION((0.,0.,1.));
#23821=IFCCARTESIANTRANSFORMATIONOPERATOR3D(#23818,#23819,#23817,1.,#23820);
#23822=IFCMAPPEDITEM(#23695,#23821);
#23823=IFCSHAPEREPRESENTATION(#17,'Box','MappedRepresentation',(#23822));
#23824=IFCPRODUCTDEFINITIONSHAPE($,$,(#23823,#23831,#23838));
#23825=IFCCARTESIANPOINT((0.,0.,0.));
#23826=IFCDIRECTION((1.,0.,0.));
#23827=IFCDIRECTION((0.,1.,0.));
#23828=IFCDIRECTION((0.,0.,1.));
#23829=IFCCARTESIANTRANSFORMATIONOPERATOR3D(#23826,#23827,#23825,1.,#23828);
#23830=IFCMAPPEDITEM(#23752,#23829);
#23831=IFCSHAPEREPRESENTATION(#15,'Body','MappedRepresentation',(#23830));
#23832=IFCCARTESIANPOINT((0.,0.,0.));
#23833=IFCDIRECTION((1.,0.,0.));
#23834=IFCDIRECTION((0.,1.,0.));
#23835=IFCDIRECTION((0.,0.,1.));
#23836=IFCCARTESIANTRANSFORMATIONOPERATOR3D(#23833,#23834,#23832,1.,#23835);
#23837=IFCMAPPEDITEM(#23770,#23836);
#23838=IFCSHAPEREPRESENTATION(#28,'Body','MappedRepresentation',(#23837));
#23839=IFCCARTESIANPOINT((0.,0.,0.));
#23840=IFCDIRECTION((1.,0.,0.));
#23841=IFCDIRECTION((0.,1.,0.));
#23842=IFCDIRECTION((0.,0.,1.));
#23843=IFCCARTESIANTRANSFORMATIONOPERATOR3D(#23840,#23841,#23839,1.,#23842);
#23844=IFCMAPPEDITEM(#23695,#23843);
#23845=IFCSHAPEREPRESENTATION(#17,'Box','MappedRepresentation',(#23844));
#23846=IFCPRODUCTDEFINITIONSHAPE($,$,(#23845,#23853,#23860));
#23847=IFCCARTESIANPOINT((0.,0.,0.));
#23848=IFCDIRECTION((1.,0.,0.));
#23849=IFCDIRECTION((0.,1.,0.));
#23850=IFCDIRECTION((0.,0.,1.));
#23851=IFCCARTESIANTRANSFORMATIONOPERATOR3D(#23848,#23849,#23847,1.,#23850);
#23852=IFCMAPPEDITEM(#23752,#23851);
#23853=IFCSHAPEREPRESENTATION(#15,'Body','MappedRepresentation',(#23852));
#23854=IFCCARTESIANPOINT((0.,0.,0.));
#23855=IFCDIRECTION((1.,0.,0.));
#23856=IFCDIRECTION((0.,1.,0.));
#23857=IFCDIRECTION((0.,0.,1.));
#23858=IFCCARTESIANTRANSFORMATIONOPERATOR3D(#23855,#23856,#23854,1.,#23857);
#23859=IFCMAPPEDITEM(#23770,#23858);
#23860=IFCSHAPEREPRESENTATION(#28,'Body','MappedRepresentation',(#23859));
#23861=IFCCARTESIANPOINT((0.,0.,0.));
#23862=IFCDIRECTION((1.,0.,0.));
#23863=IFCDIRECTION((0.,1.,0.));
#23864=IFCDIRECTION((0.,0.,1.));
#23865=IFCCARTESIANTRANSFORMATIONOPERATOR3D(#23862,#23863,#23861,1.,#23864);
#23866=IFCMAPPEDITEM(#23695,#23865);
#23867=IFCSHAPEREPRESENTATION(#17,'Box','MappedRepresentation',(#23866));
#23868=IFCPRODUCTDEFINITIONSHAPE($,$,(#23867,#23875,#23882));
#23869=IFCCARTESIANPOINT((0.,0.,0.));
#23870=IFCDIRECTION((1.,0.,0.));
#23871=IFCDIRECTION((0.,1.,0.));
#23872=IFCDIRECTION((0.,0.,1.));
#23873=IFCCARTESIANTRANSFORMATIONOPERATOR3D(#23870,#23871,#23869,1.,#23872);
#23874=IFCMAPPEDITEM(#23752,#23873);
#23875=IFCSHAPEREPRESENTATION(#15,'Body','MappedRepresentation',(#23874));
#23876=IFCCARTESIANPOINT((0.,0.,0.));
#23877=IFCDIRECTION((1.,0.,0.));
#23878=IFCDIRECTION((0.,1.,0.));
#23879=IFCDIRECTION((0.,0.,1.));
#23880=IFCCARTESIANTRANSFORMATIONOPERATOR3D(#23877,#23878,#23876,1.,#23879);
#23881=IFCMAPPEDITEM(#23770,#23880);
#23882=IFCSHAPEREPRESENTATION(#28,'Body','MappedRepresentation',(#23881));
#23883=IFCCARTESIANPOINT((0.,0.,0.));
#23884=IFCDIRECTION((1.,0.,0.));
#23885=IFCDIRECTION((0.,1.,0.));
#23886=IFCDIRECTION((0.,0.,1.));
#23887=IFCCARTESIANTRANSFORMATIONOPERATOR3D(#23884,#23885,#23883,1.,#23886);
#23888=IFCMAPPEDITEM(#23695,#23887);
#23889=IFCSHAPEREPRESENTATION(#17,'Box','MappedRepresentation',(#23888));
#23890=IFCPRODUCTDEFINITIONSHAPE($,$,(#23889,#23897,#23904));
#23891=IFCCARTESIANPOINT((0.,0.,0.));
#23892=IFCDIRECTION((1.,0.,0.));
#23893=IFCDIRECTION((0.,1.,0.));
#23894=IFCDIRECTION((0.,0.,1.));
#23895=IFCCARTESIANTRANSFORMATIONOPERATOR3D(#23892,#23893,#23891,1.,#23894);
#23896=IFCMAPPEDITEM(#23752,#23895);
#23897=IFCSHAPEREPRESENTATION(#15,'Body','MappedRepresentation',(#23896));
#23898=IFCCARTESIANPOINT((0.,0.,0.));
#23899=IFCDIRECTION((1.,0.,0.));
#23900=IFCDIRECTION((0.,1.,0.));
#23901=IFCDIRECTION((0.,0.,1.));
#23902=IFCCARTESIANTRANSFORMATIONOPERATOR3D(#23899,#23900,#23898,1.,#23901);
#23903=IFCMAPPEDITEM(#23770,#23902);
#23904=IFCSHAPEREPRESENTATION(#28,'Body','MappedRepresentation',(#23903));
#23905=IFCCARTESIANPOINT((0.,0.,0.));
#23906=IFCDIRECTION((1.,0.,0.));
#23907=IFCDIRECTION((0.,1.,0.));
#23908=IFCDIRECTION((0.,0.,1.));
#23909=IFCCARTESIANTRANSFORMATIONOPERATOR3D(#23906,#23907,#23905,1.,#23908);
#23910=IFCMAPPEDITEM(#23695,#23909);
#23911=IFCSHAPEREPRESENTATION(#17,'Box','MappedRepresentation',(#23910));
#23912=IFCPRODUCTDEFINITIONSHAPE($,$,(#23911,#23919,#23926));
#23913=IFCCARTESIANPOINT((0.,0.,0.));
#23914=IFCDIRECTION((1.,0.,0.));
#23915=IFCDIRECTION((0.,1.,0.));
#23916=IFCDIRECTION((0.,0.,1.));
#23917=IFCCARTESIANTRANSFORMATIONOPERATOR3D(#23914,#23915,#23913,1.,#23916);
#23918=IFCMAPPEDITEM(#23752,#23917);
#23919=IFCSHAPEREPRESENTATION(#15,'Body','MappedRepresentation',(#23918));
#23920=IFCCARTESIANPOINT((0.,0.,0.));
#23921=IFCDIRECTION((1.,0.,0.));
#23922=IFCDIRECTION((0.,1.,0.));
#23923=IFCDIRECTION((0.,0.,1.));
#23924=IFCCARTESIANTRANSFORMATIONOPERATOR3D(#23921,#23922,#23920,1.,#23923);
#23925=IFCMAPPEDITEM(#23770,#23924);
#23926=IFCSHAPEREPRESENTATION(#28,'Body','MappedRepresentation',(#23925));
#23927=IFCCARTESIANPOINT((0.,0.,0.));
#23928=IFCDIRECTION((1.,0.,0.));
#23929=IFCDIRECTION((0.,1.,0.));
#23930=IFCDIRECTION((0.,0.,1.));
#23931=IFCCARTESIANTRANSFORMATIONOPERATOR3D(#23928,#23929,#23927,1.,#23930);
#23932=IFCMAPPEDITEM(#23695,#23931);
#23933=IFCSHAPEREPRESENTATION(#17,'Box','MappedRepresentation',(#23932));
#23934=IFCPRODUCTDEFINITIONSHAPE($,$,(#23933,#23941,#23948));
#23935=IFCCARTESIANPOINT((0.,0.,0.));
#23936=IFCDIRECTION((1.,0.,0.));
#23937=IFCDIRECTION((0.,1.,0.));
#23938=IFCDIRECTION((0.,0.,1.));
#23939=IFCCARTESIANTRANSFORMATIONOPERATOR3D(#23936,#23937,#23935,1.,#23938);
#23940=IFCMAPPEDITEM(#23752,#23939);
#23941=IFCSHAPEREPRESENTATION(#15,'Body','MappedRepresentation',(#23940));
#23942=IFCCARTESIANPOINT((0.,0.,0.));
#23943=IFCDIRECTION((1.,0.,0.));
#23944=IFCDIRECTION((0.,1.,0.));
#23945=IFCDIRECTION((0.,0.,1.));
#23946=IFCCARTESIANTRANSFORMATIONOPERATOR3D(#23943,#23944,#23942,1.,#23945);
#23947=IFCMAPPEDITEM(#23770,#23946);
#23948=IFCSHAPEREPRESENTATION(#28,'Body','MappedRepresentation',(#23947));
#23949=IFCCARTESIANPOINT((0.,0.,0.));
#23950=IFCDIRECTION((1.,0.,0.));
#23951=IFCDIRECTION((0.,1.,0.));
#23952=IFCDIRECTION((0.,0.,1.));
#23953=IFCCARTESIANTRANSFORMATIONOPERATOR3D(#23950,#23951,#23949,1.,#23952);
#23954=IFCMAPPEDITEM(#23695,#23953);
#23955=IFCSHAPEREPRESENTATION(#17,'Box','MappedRepresentation',(#23954));
#23956=IFCPRODUCTDEFINITIONSHAPE($,$,(#23955,#23963,#23970));
#23957=IFCCARTESIANPOINT((0.,0.,0.));
#23958=IFCDIRECTION((1.,0.,0.));
#23959=IFCDIRECTION((0.,1.,0.));
#23960=IFCDIRECTION((0.,0.,1.));
#23961=IFCCARTESIANTRANSFORMATIONOPERATOR3D(#23958,#23959,#23957,1.,#23960);
#23962=IFCMAPPEDITEM(#23752,#23961);
#23963=IFCSHAPEREPRESENTATION(#15,'Body','MappedRepresentation',(#23962));
#23964=IFCCARTESIANPOINT((0.,0.,0.));
#23965=IFCDIRECTION((1.,0.,0.));
#23966=IFCDIRECTION((0.,1.,0.));
#23967=IFCDIRECTION((0.,0.,1.));
#23968=IFCCARTESIANTRANSFORMATIONOPERATOR3D(#23965,#23966,#23964,1.,#23967);
#23969=IFCMAPPEDITEM(#23770,#23968);
#23970=IFCSHAPEREPRESENTATION(#28,'Body','MappedRepresentation',(#23969));
#23971=IFCCARTESIANPOINT((0.,0.,0.));
#23972=IFCDIRECTION((1.,0.,0.));
#23973=IFCDIRECTION((0.,1.,0.));
#23974=IFCDIRECTION((0.,0.,1.));
#23975=IFCCARTESIANTRANSFORMATIONOPERATOR3D(#23972,#23973,#23971,1.,#23974);
#23976=IFCMAPPEDITEM(#23695,#23975);
#23977=IFCSHAPEREPRESENTATION(#17,'Box','MappedRepresentation',(#23976));
#23978=IFCPRODUCTDEFINITIONSHAPE($,$,(#23977,#23985,#23992));
#23979=IFCCARTESIANPOINT((0.,0.,0.));
#23980=IFCDIRECTION((1.,0.,0.));
#23981=IFCDIRECTION((0.,1.,0.));
#23982=IFCDIRECTION((0.,0.,1.));
#23983=IFCCARTESIANTRANSFORMATIONOPERATOR3D(#23980,#23981,#23979,1.,#23982);
#23984=IFCMAPPEDITEM(#23752,#23983);
#23985=IFCSHAPEREPRESENTATION(#15,'Body','MappedRepresentation',(#23984));
#23986=IFCCARTESIANPOINT((0.,0.,0.));
#23987=IFCDIRECTION((1.,0.,0.));
#23988=IFCDIRECTION((0.,1.,0.));
#23989=IFCDIRECTION((0.,0.,1.));
#23990=IFCCARTESIANTRANSFORMATIONOPERATOR3D(#23987,#23988,#23986,1.,#23989);
#23991=IFCMAPPEDITEM(#23770,#23990);
#23992=IFCSHAPEREPRESENTATION(#28,'Body','MappedRepresentation',(#23991));
#23993=IFCCARTESIANPOINT((0.,0.,0.));
#23994=IFCDIRECTION((1.,0.,0.));
#23995=IFCDIRECTION((0.,1.,0.));
#23996=IFCDIRECTION((0.,0.,1.));
#23997=IFCCARTESIANTRANSFORMATIONOPERATOR3D(#23994,#23995,#23993,1.,#23996);
#23998=IFCMAPPEDITEM(#23695,#23997);
#23999=IFCSHAPEREPRESENTATION(#17,'Box','MappedRepresentation',(#23998));
#24000=IFCPRODUCTDEFINITIONSHAPE($,$,(#23999,#24007,#24014));
#24001=IFCCARTESIANPOINT((0.,0.,0.));
#24002=IFCDIRECTION((1.,0.,0.));
#24003=IFCDIRECTION((0.,1.,0.));
#24004=IFCDIRECTION((0.,0.,1.));
#24005=IFCCARTESIANTRANSFORMATIONOPERATOR3D(#24002,#24003,#24001,1.,#24004);
#24006=IFCMAPPEDITEM(#23752,#24005);
#24007=IFCSHAPEREPRESENTATION(#15,'Body','MappedRepresentation',(#24006));
#24008=IFCCARTESIANPOINT((0.,0.,0.));
#24009=IFCDIRECTION((1.,0.,0.));
#24010=IFCDIRECTION((0.,1.,0.));
#24011=IFCDIRECTION((0.,0.,1.));
#24012=IFCCARTESIANTRANSFORMATIONOPERATOR3D(#24009,#24010,#24008,1.,#24011);
#24013=IFCMAPPEDITEM(#23770,#24012);
#24014=IFCSHAPEREPRESENTATION(#28,'Body','MappedRepresentation',(#24013));
#24015=IFCCARTESIANPOINT((0.,0.,0.));
#24016=IFCDIRECTION((1.,0.,0.));
#24017=IFCDIRECTION((0.,1.,0.));
#24018=IFCDIRECTION((0.,0.,1.));
#24019=IFCCARTESIANTRANSFORMATIONOPERATOR3D(#24016,#24017,#24015,1.,#24018);
#24020=IFCMAPPEDITEM(#23695,#24019);
#24021=IFCSHAPEREPRESENTATION(#17,'Box','MappedRepresentation',(#24020));
#24022=IFCPRODUCTDEFINITIONSHAPE($,$,(#24021,#24029,#24036));
#24023=IFCCARTESIANPOINT((0.,0.,0.));
#24024=IFCDIRECTION((1.,0.,0.));
#24025=IFCDIRECTION((0.,1.,0.));
#24026=IFCDIRECTION((0.,0.,1.));
#24027=IFCCARTESIANTRANSFORMATIONOPERATOR3D(#24024,#24025,#24023,1.,#24026);
#24028=IFCMAPPEDITEM(#23752,#24027);
#24029=IFCSHAPEREPRESENTATION(#15,'Body','MappedRepresentation',(#24028));
#24030=IFCCARTESIANPOINT((0.,0.,0.));
#24031=IFCDIRECTION((1.,0.,0.));
#24032=IFCDIRECTION((0.,1.,0.));
#24033=IFCDIRECTION((0.,0.,1.));
#24034=IFCCARTESIANTRANSFORMATIONOPERATOR3D(#24031,#24032,#24030,1.,#24033);
#24035=IFCMAPPEDITEM(#23770,#24034);
#24036=IFCSHAPEREPRESENTATION(#28,'Body','MappedRepresentation',(#24035));
#24052=IFCBUILDINGELEMENTPROXY('1YR9NhOif9$Ql1ewu816Zr',$,'BuildingElementProxy',$,$,#29052,#24074,$,$);
#24066=IFCRELDEFINESBYTYPE('1BPgBclvrAOurLpkFFPjmX',$,$,$,(#24052),#15979);
#24067=IFCCARTESIANPOINT((0.,0.,0.));
#24068=IFCDIRECTION((1.,0.,0.));
#24069=IFCDIRECTION((0.,1.,0.));
#24070=IFCDIRECTION((0.,0.,1.));
#24071=IFCCARTESIANTRANSFORMATIONOPERATOR3D(#24068,#24069,#24067,1.,#24070);
#24072=IFCMAPPEDITEM(#15978,#24071);
#24073=IFCSHAPEREPRESENTATION(#15,'Body','MappedRepresentation',(#24072));
#24074=IFCPRODUCTDEFINITIONSHAPE($,$,(#24073));
#24198=IFCDOOR('1rCbqaypH9bemRwerc_U3j',$,'Door',$,$,#29062,#24211,$,$,$,$,$,$);
#24204=IFCCARTESIANPOINT((0.,0.,0.));
#24205=IFCDIRECTION((1.,0.,0.));
#24206=IFCDIRECTION((0.,1.,0.));
#24207=IFCDIRECTION((0.,0.,1.));
#24208=IFCCARTESIANTRANSFORMATIONOPERATOR3D(#24205,#24206,#24204,1.,#24207);
#24209=IFCMAPPEDITEM(#19172,#24208);
#24210=IFCSHAPEREPRESENTATION(#15,'Body','MappedRepresentation',(#24209));
#24211=IFCPRODUCTDEFINITIONSHAPE($,$,(#24210,#24218,#24225));
#24212=IFCCARTESIANPOINT((0.,0.,0.));
#24213=IFCDIRECTION((1.,0.,0.));
#24214=IFCDIRECTION((0.,1.,0.));
#24215=IFCDIRECTION((0.,0.,1.));
#24216=IFCCARTESIANTRANSFORMATIONOPERATOR3D(#24213,#24214,#24212,1.,#24215);
#24217=IFCMAPPEDITEM(#19188,#24216);
#24218=IFCSHAPEREPRESENTATION(#28,'Body','MappedRepresentation',(#24217));
#24219=IFCCARTESIANPOINT((0.,0.,0.));
#24220=IFCDIRECTION((1.,0.,0.));
#24221=IFCDIRECTION((0.,1.,0.));
#24222=IFCDIRECTION((0.,0.,1.));
#24223=IFCCARTESIANTRANSFORMATIONOPERATOR3D(#24220,#24221,#24219,1.,#24222);
#24224=IFCMAPPEDITEM(#19252,#24223);
#24225=IFCSHAPEREPRESENTATION(#19,'Annotation','MappedRepresentation',(#24224));
#24247=IFCWALL('2OeE5kmp1BaBL7UBq7ldwM',$,'Wall',$,$,#29057,#24258,$,$);
#24253=IFCRELASSOCIATESMATERIAL('0x4VBSNH9448Lbdb_EcIJc',$,$,$,(#24247),#24254);
#24254=IFCMATERIALLAYERSETUSAGE(#396,.AXIS2.,.POSITIVE.,0.,$);
#24255=IFCRELDEFINESBYPROPERTIES('0kLU4yhFDAtOHdHdXdc9Rl',$,$,$,(#24247),#24256);
#24256=IFCPROPERTYSET('0SEHL6tY1FjBZVyReKBaFy',$,'EPset_Parametric',$,(#24257));
#24257=IFCPROPERTYSINGLEVALUE('Engine',$,IFCLABEL('Bonsai.DumbLayer2'),$);
#24258=IFCPRODUCTDEFINITIONSHAPE($,$,(#24359,#24356));
#24272=IFCRELCONNECTSPATHELEMENTS('0aMa42L1P4tQJuL_67fEM1',$,$,$,$,#8484,#24247,(),(),.ATEND.,.ATPATH.);
#24347=IFCCARTESIANPOINTLIST2D(((0.,0.),(0.,0.2),(1.5149113514905,0.2),(1.51491141865829,0.)),$);
#24348=IFCINDEXEDPOLYCURVE(#24347,(IFCLINEINDEX((1,2,3,4,1))),$);
#24349=IFCARBITRARYCLOSEDPROFILEDEF(.AREA.,$,#24348);
#24350=IFCCARTESIANPOINT((0.,0.,0.));
#24351=IFCDIRECTION((0.,0.,1.));
#24352=IFCDIRECTION((1.,0.,0.));
#24353=IFCAXIS2PLACEMENT3D(#24350,#24351,#24352);
#24354=IFCDIRECTION((0.,0.,1.));
#24355=IFCEXTRUDEDAREASOLID(#24349,#24353,#24354,3.);
#24356=IFCSHAPEREPRESENTATION(#15,'Body','SweptSolid',(#24355));
#24357=IFCCARTESIANPOINTLIST2D(((0.,0.),(1.7149114186583,-3.63864279506743E-06)),$);
#24358=IFCINDEXEDPOLYCURVE(#24357,$,$);
#24359=IFCSHAPEREPRESENTATION(#27,'Axis','Curve2D',(#24358));
#24360=IFCCARTESIANPOINTLIST2D(((0.199999999999995,0.),(0.199999984505822,0.2),(5.05425229732055,0.2),(4.85425229432022,0.)),$);
#24361=IFCINDEXEDPOLYCURVE(#24360,(IFCLINEINDEX((1,2,3,4,1))),$);
#24362=IFCARBITRARYCLOSEDPROFILEDEF(.AREA.,$,#24361);
#24363=IFCCARTESIANPOINT((0.,0.,0.));
#24364=IFCDIRECTION((0.,0.,1.));
#24365=IFCDIRECTION((1.,0.,0.));
#24366=IFCAXIS2PLACEMENT3D(#24363,#24364,#24365);
#24367=IFCDIRECTION((0.,0.,1.));
#24368=IFCEXTRUDEDAREASOLID(#24362,#24366,#24367,3.);
#24369=IFCSHAPEREPRESENTATION(#15,'Body','SweptSolid',(#24368));
#24370=IFCCARTESIANPOINTLIST2D(((0.,0.),(4.85425229432022,8.39388974327449E-07)),$);
#24371=IFCINDEXEDPOLYCURVE(#24370,$,$);
#24372=IFCSHAPEREPRESENTATION(#27,'Axis','Curve2D',(#24371));
#24386=IFCOPENINGELEMENT('09kMUPsxTD4AGqJQJVXd_w',$,'Opening',$,$,#24405,#24399,$,.OPENING.);
#24392=IFCCARTESIANPOINT((0.,0.,0.));
#24393=IFCDIRECTION((1.,0.,0.));
#24394=IFCDIRECTION((0.,1.,0.));
#24395=IFCDIRECTION((0.,0.,1.));
#24396=IFCCARTESIANTRANSFORMATIONOPERATOR3D(#24393,#24394,#24392,1.,#24395);
#24397=IFCMAPPEDITEM(#19298,#24396);
#24398=IFCSHAPEREPRESENTATION(#15,'Body','MappedRepresentation',(#24397));
#24399=IFCPRODUCTDEFINITIONSHAPE($,$,(#24398));
#24400=IFCRELVOIDSELEMENT('0sj$ELDIH1uOLcT7GL30uT',$,$,$,#24247,#24386);
#24401=IFCCARTESIANPOINT((0.408778578041634,1.06824374057624E-06,0.));
#24402=IFCDIRECTION((0.,0.,1.));
#24403=IFCDIRECTION((1.,-5.29395592033938E-23,0.));
#24404=IFCAXIS2PLACEMENT3D(#24401,#24402,#24403);
#24405=IFCLOCALPLACEMENT(#29057,#24404);
#24406=IFCRELFILLSELEMENT('1uz64FwTL5dQm3BYh4tTbg',$,$,$,#24386,#24198);
#24519=IFCRELCONNECTSPATHELEMENTS('2OxI5DID17zgTctz5HpBsG',$,$,$,$,#7842,#7405,(),(),.ATSTART.,.ATSTART.);
#24520=IFCCARTESIANPOINTLIST2D(((0.200000000000011,0.),(8.47539420081642E-08,0.2),(4.90000079552231,0.2),(4.70000076293817,0.)),$);
#24521=IFCINDEXEDPOLYCURVE(#24520,(IFCLINEINDEX((1,2,3,4,1))),$);
#24522=IFCARBITRARYCLOSEDPROFILEDEF(.AREA.,$,#24521);
#24523=IFCCARTESIANPOINT((0.,0.,0.));
#24524=IFCDIRECTION((0.,0.,1.));
#24525=IFCDIRECTION((1.,0.,0.));
#24526=IFCAXIS2PLACEMENT3D(#24523,#24524,#24525);
#24527=IFCDIRECTION((0.,0.,1.));
#24528=IFCEXTRUDEDAREASOLID(#24522,#24526,#24527,3.);
#24529=IFCSHAPEREPRESENTATION(#15,'Body','SweptSolid',(#24528));
#24530=IFCCARTESIANPOINTLIST2D(((0.,0.),(4.70000076293817,1.22426126836217E-06)),$);
#24531=IFCINDEXEDPOLYCURVE(#24530,$,$);
#24532=IFCSHAPEREPRESENTATION(#27,'Axis','Curve2D',(#24531));
#24533=IFCCARTESIANPOINTLIST2D(((-0.200000000000011,0.),(-8.46803498754082E-08,0.2),(2.89248251914978,0.2),(2.89248251914978,0.)),$);
#24534=IFCINDEXEDPOLYCURVE(#24533,(IFCLINEINDEX((1,2,3,4,1))),$);
#24535=IFCARBITRARYCLOSEDPROFILEDEF(.AREA.,$,#24534);
#24536=IFCCARTESIANPOINT((0.,0.,0.));
#24537=IFCDIRECTION((0.,0.,1.));
#24538=IFCDIRECTION((1.,0.,0.));
#24539=IFCAXIS2PLACEMENT3D(#24536,#24537,#24538);
#24540=IFCDIRECTION((0.,0.,1.));
#24541=IFCEXTRUDEDAREASOLID(#24535,#24539,#24540,3.);
#24542=IFCSHAPEREPRESENTATION(#15,'Body','SweptSolid',(#24541));
#24543=IFCCARTESIANPOINTLIST2D(((0.,0.),(2.89248251914978,-7.54501080127599E-07)),$);
#24544=IFCINDEXEDPOLYCURVE(#24543,$,$);
#24545=IFCSHAPEREPRESENTATION(#27,'Axis','Curve2D',(#24544));
#24556=IFCFURNITURE('1bwviZObn56PFqkOXcC80i',$,'Furniture',$,$,#28992,#24567,$,$);
#24562=IFCRELDEFINESBYPROPERTIES('12OzWdEmf1ihl6XApBZWcQ',$,$,$,(#24556),#24563);
#24563=IFCPROPERTYSET('0ymkYAnyn4JRix4VQ9DNl0',$,'EPset_Parametric',$,(#24564));
#24564=IFCPROPERTYSINGLEVALUE('Engine',$,IFCLABEL('Bonsai.DumbProfile'),$);
#24565=IFCRELASSOCIATESMATERIAL('0O51h3PJLFJufPipUuR7eS',$,$,$,(#24556),#24566);
#24566=IFCMATERIALPROFILESETUSAGE(#16389,5,$);
#24567=IFCPRODUCTDEFINITIONSHAPE($,$,(#24583,#24590));
#24581=IFCCARTESIANPOINTLIST3D(((2.44241022073766E-07,2.09865902434103E-09,-5.86901549581853E-08),(-2.91476823122139E-07,1.09096163214417E-08,2.24696350097656)),$);
#24582=IFCINDEXEDPOLYCURVE(#24581,$,.F.);
#24583=IFCSHAPEREPRESENTATION(#16,'Axis','Curve3D',(#24582));
#24584=IFCCARTESIANPOINT((0.,0.,0.));
#24585=IFCDIRECTION((0.,0.,1.));
#24586=IFCDIRECTION((1.,0.,0.));
#24587=IFCAXIS2PLACEMENT3D(#24584,#24585,#24586);
#24588=IFCDIRECTION((0.,0.,1.));
#24589=IFCEXTRUDEDAREASOLID(#16387,#24587,#24588,2.24696346527943);
#24590=IFCSHAPEREPRESENTATION(#15,'Body','SweptSolid',(#24589));
#24596=IFCCARTESIANPOINTLIST3D(((5.30068803072936E-07,-2.19484945773729E-08,8.96640358405421E-07),(-1.98098568660043E-08,-2.61608192886342E-08,1.94902896881104)),$);
#24597=IFCINDEXEDPOLYCURVE(#24596,$,.F.);
#24598=IFCSHAPEREPRESENTATION(#16,'Axis','Curve3D',(#24597));
#24599=IFCCARTESIANPOINT((0.,0.,0.));
#24600=IFCDIRECTION((0.,0.,1.));
#24601=IFCDIRECTION((1.,0.,0.));
#24602=IFCAXIS2PLACEMENT3D(#24599,#24600,#24601);
#24603=IFCDIRECTION((0.,0.,1.));
#24604=IFCEXTRUDEDAREASOLID(#16387,#24602,#24603,1.94902799051305);
#24605=IFCSHAPEREPRESENTATION(#15,'Body','SweptSolid',(#24604));
#24643=IFCRELCONNECTSPATHELEMENTS('37n64atznB6BI31SwaB5nZ',$,$,$,$,#8514,#6663,(),(),.ATPATH.,.ATSTART.);
#24662=IFCCARTESIANPOINTLIST2D(((-0.200000000000006,0.),(-5.42495019071497E-08,0.2),(2.43334353473919,0.2),(2.43334353473919,0.)),$);
#24663=IFCINDEXEDPOLYCURVE(#24662,(IFCLINEINDEX((1,2,3,4,1))),$);
#24664=IFCARBITRARYCLOSEDPROFILEDEF(.AREA.,$,#24663);
#24665=IFCCARTESIANPOINT((0.,0.,0.));
#24666=IFCDIRECTION((0.,0.,1.));
#24667=IFCDIRECTION((1.,0.,0.));
#24668=IFCAXIS2PLACEMENT3D(#24665,#24666,#24667);
#24669=IFCDIRECTION((0.,0.,1.));
#24670=IFCEXTRUDEDAREASOLID(#24664,#24668,#24669,3.);
#24671=IFCSHAPEREPRESENTATION(#15,'Body','SweptSolid',(#24670));
#24672=IFCCARTESIANPOINTLIST2D(((0.,0.),(2.43334353473919,2.97677161142929E-06)),$);
#24673=IFCINDEXEDPOLYCURVE(#24672,$,$);
#24674=IFCSHAPEREPRESENTATION(#27,'Axis','Curve2D',(#24673));
#24680=IFCRELCONNECTSPATHELEMENTS('0$MzeIRhL2HRwc4ZGPLRal',$,$,$,$,#8514,#8868,(),(),.ATPATH.,.ATEND.);
#24681=IFCCARTESIANPOINTLIST2D(((0.199999999999963,0.),(0.199999787918963,0.2),(2.70000016479041,0.2),(2.70000031693628,0.)),$);
#24682=IFCINDEXEDPOLYCURVE(#24681,(IFCLINEINDEX((1,2,3,4,1))),$);
#24683=IFCARBITRARYCLOSEDPROFILEDEF(.AREA.,$,#24682);
#24684=IFCCARTESIANPOINT((0.,0.,0.));
#24685=IFCDIRECTION((0.,0.,1.));
#24686=IFCDIRECTION((1.,0.,0.));
#24687=IFCAXIS2PLACEMENT3D(#24684,#24685,#24686);
#24688=IFCDIRECTION((0.,0.,1.));
#24689=IFCEXTRUDEDAREASOLID(#24683,#24687,#24688,3.);
#24690=IFCSHAPEREPRESENTATION(#15,'Body','SweptSolid',(#24689));
#24691=IFCCARTESIANPOINTLIST2D(((0.,0.),(2.70000031693628,9.37114748467138E-07)),$);
#24692=IFCINDEXEDPOLYCURVE(#24691,$,$);
#24693=IFCSHAPEREPRESENTATION(#27,'Axis','Curve2D',(#24692));
#24694=IFCCARTESIANPOINTLIST2D(((0.,0.),(0.,0.2),(2.43334335546452,0.2),(2.43334335546452,0.)),$);
#24695=IFCINDEXEDPOLYCURVE(#24694,(IFCLINEINDEX((1,2,3,4,1))),$);
#24696=IFCARBITRARYCLOSEDPROFILEDEF(.AREA.,$,#24695);
#24697=IFCCARTESIANPOINT((0.,0.,0.));
#24698=IFCDIRECTION((0.,0.,1.));
#24699=IFCDIRECTION((1.,0.,0.));
#24700=IFCAXIS2PLACEMENT3D(#24697,#24698,#24699);
#24701=IFCDIRECTION((0.,0.,1.));
#24702=IFCEXTRUDEDAREASOLID(#24696,#24700,#24701,3.);
#24703=IFCSHAPEREPRESENTATION(#15,'Body','SweptSolid',(#24702));
#24704=IFCCARTESIANPOINTLIST2D(((0.,0.),(2.43334335546452,2.24755763156281E-06)),$);
#24705=IFCINDEXEDPOLYCURVE(#24704,$,$);
#24706=IFCSHAPEREPRESENTATION(#27,'Axis','Curve2D',(#24705));
#24712=IFCDOOR('079j8$Yj50mPEPPJCX8yle',$,'Door',$,$,#28967,#24747,$,$,$,$,$,$);
#24740=IFCCARTESIANPOINT((0.,0.,0.));
#24741=IFCDIRECTION((1.,0.,0.));
#24742=IFCDIRECTION((0.,1.,0.));
#24743=IFCDIRECTION((0.,0.,1.));
#24744=IFCCARTESIANTRANSFORMATIONOPERATOR3D(#24741,#24742,#24740,1.,#24743);
#24745=IFCMAPPEDITEM(#19057,#24744);
#24746=IFCSHAPEREPRESENTATION(#15,'Body','MappedRepresentation',(#24745));
#24747=IFCPRODUCTDEFINITIONSHAPE($,$,(#24746,#24754,#24761));
#24748=IFCCARTESIANPOINT((0.,0.,0.));
#24749=IFCDIRECTION((1.,0.,0.));
#24750=IFCDIRECTION((0.,1.,0.));
#24751=IFCDIRECTION((0.,0.,1.));
#24752=IFCCARTESIANTRANSFORMATIONOPERATOR3D(#24749,#24750,#24748,1.,#24751);
#24753=IFCMAPPEDITEM(#19071,#24752);
#24754=IFCSHAPEREPRESENTATION(#28,'Body','MappedRepresentation',(#24753));
#24755=IFCCARTESIANPOINT((0.,0.,0.));
#24756=IFCDIRECTION((1.,0.,0.));
#24757=IFCDIRECTION((0.,1.,0.));
#24758=IFCDIRECTION((0.,0.,1.));
#24759=IFCCARTESIANTRANSFORMATIONOPERATOR3D(#24756,#24757,#24755,1.,#24758);
#24760=IFCMAPPEDITEM(#19135,#24759);
#24761=IFCSHAPEREPRESENTATION(#19,'Annotation','MappedRepresentation',(#24760));
#24762=IFCOPENINGELEMENT('0Hd91pGq97Q8dMV1lpJ3dl',$,'Opening',$,$,#24781,#24775,$,.OPENING.);
#24768=IFCCARTESIANPOINT((0.,0.,0.));
#24769=IFCDIRECTION((1.,0.,0.));
#24770=IFCDIRECTION((0.,1.,0.));
#24771=IFCDIRECTION((0.,0.,1.));
#24772=IFCCARTESIANTRANSFORMATIONOPERATOR3D(#24769,#24770,#24768,1.,#24771);
#24773=IFCMAPPEDITEM(#19561,#24772);
#24774=IFCSHAPEREPRESENTATION(#15,'Body','MappedRepresentation',(#24773));
#24775=IFCPRODUCTDEFINITIONSHAPE($,$,(#24774));
#24776=IFCRELVOIDSELEMENT('3PgRqNmeD6DOxuoAb7gjxk',$,$,$,#8868,#24762);
#24777=IFCCARTESIANPOINT((0.838523864746051,2.63226453967036E-07,0.));
#24778=IFCDIRECTION((0.,0.,1.));
#24779=IFCDIRECTION((1.,0.,0.));
#24780=IFCAXIS2PLACEMENT3D(#24777,#24778,#24779);
#24781=IFCLOCALPLACEMENT(#28962,#24780);
#24782=IFCRELFILLSELEMENT('0dY1tSR7X7quXCii3eNAHi',$,$,$,#24762,#24712);
#24783=IFCFURNITURE('1O2wqEFwT7N9iiQ2gpfwNV',$,'Furniture',$,$,#28927,#24794,$,$);
#24789=IFCRELASSOCIATESMATERIAL('2GynQsRl9BbfeTsHAZVnEB',$,$,$,(#24783),#24790);
#24790=IFCMATERIALPROFILESETUSAGE(#16389,5,$);
#24791=IFCRELDEFINESBYPROPERTIES('0iBwA2UgT85vjn33GtYv0l',$,$,$,(#24783),#24792);
#24792=IFCPROPERTYSET('2LjU15awb0IPVtLh4SBScw',$,'EPset_Parametric',$,(#24793));
#24793=IFCPROPERTYSINGLEVALUE('Engine',$,IFCLABEL('Bonsai.DumbProfile'),$);
#24794=IFCPRODUCTDEFINITIONSHAPE($,$,(#24810,#24817));
#24808=IFCCARTESIANPOINTLIST3D(((1.29750867472467E-06,6.72321220918093E-09,1.44748310049181E-06),(8.20671459678124E-07,4.73903583042556E-09,2.00000143051147)),$);
#24809=IFCINDEXEDPOLYCURVE(#24808,$,.F.);
#24810=IFCSHAPEREPRESENTATION(#16,'Axis','Curve3D',(#24809));
#24811=IFCCARTESIANPOINT((0.,0.,0.));
#24812=IFCDIRECTION((0.,0.,1.));
#24813=IFCDIRECTION((1.,0.,0.));
#24814=IFCAXIS2PLACEMENT3D(#24811,#24812,#24813);
#24815=IFCDIRECTION((0.,0.,1.));
#24816=IFCEXTRUDEDAREASOLID(#16387,#24814,#24815,2.);
#24817=IFCSHAPEREPRESENTATION(#15,'Body','SweptSolid',(#24816));
#24823=IFCWALL('2tyCo4P0f91OgSOoE$hyHK',$,'Wall',$,$,#29022,#24834,$,$);
#24829=IFCRELDEFINESBYPROPERTIES('0WAcYqdDn1mARiwYGUpNld',$,$,$,(#24823),#24830);
#24830=IFCPROPERTYSET('28bIfAV4D78wZRg90xczFU',$,'EPset_Parametric',$,(#24831));
#24831=IFCPROPERTYSINGLEVALUE('Engine',$,IFCLABEL('Bonsai.DumbLayer2'),$);
#24832=IFCRELASSOCIATESMATERIAL('1fuJQ2_1945hXCiu6ba9SC',$,$,$,(#24823),#24833);
#24833=IFCMATERIALLAYERSETUSAGE(#396,.AXIS2.,.POSITIVE.,0.,$);
#24834=IFCPRODUCTDEFINITIONSHAPE($,$,(#24934,#24931));
#24848=IFCRELCONNECTSPATHELEMENTS('3hhWlvgcv0qBzhgGzI1SXU',$,$,$,$,#17291,#24823,(),(),.ATEND.,.ATPATH.);
#24849=IFCOPENINGELEMENT('0DtOa6XL18GBI$cgTzmhv$',$,'Opening',$,$,#24944,#24856,$,.OPENING.);
#24855=IFCRELVOIDSELEMENT('0WjIdNbWz67vbMBsJaF0w_',$,$,$,#24823,#24849);
#24856=IFCPRODUCTDEFINITIONSHAPE($,$,(#24857));
#24857=IFCSHAPEREPRESENTATION(#15,'Body','MappedRepresentation',(#24858));
#24858=IFCMAPPEDITEM(#24859,#24874);
#24859=IFCREPRESENTATIONMAP(#24860,#24864);
#24860=IFCAXIS2PLACEMENT3D(#24861,#24862,#24863);
#24861=IFCCARTESIANPOINT((0.,0.,0.));
#24862=IFCDIRECTION((0.,0.,1.));
#24863=IFCDIRECTION((1.,0.,0.));
#24864=IFCSHAPEREPRESENTATION(#15,'Body','SweptSolid',(#24865));
#24865=IFCEXTRUDEDAREASOLID(#24866,#24869,#24873,1.2);
#24866=IFCARBITRARYCLOSEDPROFILEDEF(.AREA.,$,#24867);
#24867=IFCINDEXEDPOLYCURVE(#24868,(IFCLINEINDEX((1,2,3,4,1))),$);
#24868=IFCCARTESIANPOINTLIST2D(((0.,0.),(1.,0.),(1.,2.25),(0.,2.25)),$);
#24869=IFCAXIS2PLACEMENT3D(#24870,#24871,#24872);
#24870=IFCCARTESIANPOINT((-3.25841362780466E-08,-0.600000023841858,0.));
#24871=IFCDIRECTION((0.,-1.,0.));
#24872=IFCDIRECTION((1.,0.,0.));
#24873=IFCDIRECTION((0.,0.,-1.));
#24874=IFCCARTESIANTRANSFORMATIONOPERATOR3D(#24875,#24876,#24877,1.,#24878);
#24875=IFCDIRECTION((1.,0.,0.));
#24876=IFCDIRECTION((0.,1.,0.));
#24877=IFCCARTESIANPOINT((0.,0.,0.));
#24878=IFCDIRECTION((0.,0.,1.));
#24921=IFCRELCONNECTSPATHELEMENTS('2FYP7clBj0DOL2vRqAlm_W',$,$,$,$,#24823,#1845,(),(),.ATPATH.,.ATSTART.);
#24922=IFCCARTESIANPOINTLIST2D(((0.199999999999978,0.),(0.199999882954496,0.2),(1.79999748020147,0.2),(1.79999754903082,0.)),$);
#24923=IFCINDEXEDPOLYCURVE(#24922,(IFCLINEINDEX((1,2,3,4,1))),$);
#24924=IFCARBITRARYCLOSEDPROFILEDEF(.AREA.,$,#24923);
#24925=IFCCARTESIANPOINT((0.,0.,0.));
#24926=IFCDIRECTION((0.,0.,1.));
#24927=IFCDIRECTION((1.,0.,0.));
#24928=IFCAXIS2PLACEMENT3D(#24925,#24926,#24927);
#24929=IFCDIRECTION((0.,0.,1.));
#24930=IFCEXTRUDEDAREASOLID(#24924,#24928,#24929,3.);
#24931=IFCSHAPEREPRESENTATION(#15,'Body','SweptSolid',(#24930));
#24932=IFCCARTESIANPOINTLIST2D(((0.,0.),(1.99999754903081,1.1546399036888E-07)),$);
#24933=IFCINDEXEDPOLYCURVE(#24932,$,$);
#24934=IFCSHAPEREPRESENTATION(#27,'Axis','Curve2D',(#24933));
#24940=IFCCARTESIANPOINT((0.799997324493532,2.58824144339087E-07,0.));
#24941=IFCDIRECTION((0.,0.,1.));
#24942=IFCDIRECTION((1.,2.64697796016969E-23,0.));
#24943=IFCAXIS2PLACEMENT3D(#24940,#24941,#24942);
#24944=IFCLOCALPLACEMENT(#29022,#24943);
#24958=IFCRELCONNECTSPATHELEMENTS('09Ag9VnsL6Zh0YvXtEsJkT',$,$,$,$,#4808,#1845,(),(),.ATPATH.,.ATEND.);
#24972=IFCCARTESIANPOINTLIST2D(((0.,0.),(0.,0.2),(6.08809947967529,0.2),(6.08809947967529,0.)),$);
#24973=IFCINDEXEDPOLYCURVE(#24972,(IFCLINEINDEX((1,2,3,4,1))),$);
#24974=IFCARBITRARYCLOSEDPROFILEDEF(.AREA.,$,#24973);
#24975=IFCCARTESIANPOINT((0.,0.,0.));
#24976=IFCDIRECTION((0.,0.,1.));
#24977=IFCDIRECTION((1.,0.,0.));
#24978=IFCAXIS2PLACEMENT3D(#24975,#24976,#24977);
#24979=IFCDIRECTION((0.,0.,1.));
#24980=IFCEXTRUDEDAREASOLID(#24974,#24978,#24979,3.);
#24981=IFCSHAPEREPRESENTATION(#15,'Body','SweptSolid',(#24980));
#24982=IFCCARTESIANPOINTLIST2D(((0.,0.),(6.08809947967529,4.55479994343477E-06)),$);
#24983=IFCINDEXEDPOLYCURVE(#24982,$,$);
#24984=IFCSHAPEREPRESENTATION(#27,'Axis','Curve2D',(#24983));
#25089=IFCWALL('26gkHrvDT4Pw5$rxVy5N1l',$,'Wall',$,$,#28957,#25100,$,$);
#25095=IFCRELASSOCIATESMATERIAL('2LRgX9gx99Me9pRQ5suDpH',$,$,$,(#25089),#25096);
#25096=IFCMATERIALLAYERSETUSAGE(#396,.AXIS2.,.POSITIVE.,0.,$);
#25097=IFCRELDEFINESBYPROPERTIES('0p78KLeKTDewsxHqodyWGe',$,$,$,(#25089),#25098);
#25098=IFCPROPERTYSET('1EbWdPwuX0$hIppT5zfW8t',$,'EPset_Parametric',$,(#25099));
#25099=IFCPROPERTYSINGLEVALUE('Engine',$,IFCLABEL('Bonsai.DumbLayer2'),$);
#25100=IFCPRODUCTDEFINITIONSHAPE($,$,(#25164,#25161));
#25151=IFCRELCONNECTSPATHELEMENTS('0G04zd7951buItaoesGiAX',$,$,$,$,#25089,#4808,(),(),.ATPATH.,.ATSTART.);
#25152=IFCCARTESIANPOINTLIST2D(((0.,0.),(-4.28278296715767E-08,0.2),(1.68361383786898,0.2),(1.68361383786898,0.)),$);
#25153=IFCINDEXEDPOLYCURVE(#25152,(IFCLINEINDEX((1,2,3,4,1))),$);
#25154=IFCARBITRARYCLOSEDPROFILEDEF(.AREA.,$,#25153);
#25155=IFCCARTESIANPOINT((0.,0.,0.));
#25156=IFCDIRECTION((0.,0.,1.));
#25157=IFCDIRECTION((1.,0.,0.));
#25158=IFCAXIS2PLACEMENT3D(#25155,#25156,#25157);
#25159=IFCDIRECTION((0.,0.,1.));
#25160=IFCEXTRUDEDAREASOLID(#25154,#25158,#25159,3.);
#25161=IFCSHAPEREPRESENTATION(#15,'Body','SweptSolid',(#25160));
#25162=IFCCARTESIANPOINTLIST2D(((0.,0.),(1.68361383786898,5.1560905376391E-06)),$);
#25163=IFCINDEXEDPOLYCURVE(#25162,$,$);
#25164=IFCSHAPEREPRESENTATION(#27,'Axis','Curve2D',(#25163));
#25170=IFCCARTESIANPOINTLIST2D(((0.199999999999984,0.),(0.199999919806498,0.2),(4.96647332025764,0.2),(4.96647343730312,0.)),$);
#25171=IFCINDEXEDPOLYCURVE(#25170,(IFCLINEINDEX((1,2,3,4,1))),$);
#25172=IFCARBITRARYCLOSEDPROFILEDEF(.AREA.,$,#25171);
#25173=IFCCARTESIANPOINT((0.,0.,0.));
#25174=IFCDIRECTION((0.,0.,1.));
#25175=IFCDIRECTION((1.,0.,0.));
#25176=IFCAXIS2PLACEMENT3D(#25173,#25174,#25175);
#25177=IFCDIRECTION((0.,0.,1.));
#25178=IFCEXTRUDEDAREASOLID(#25172,#25176,#25177,3.);
#25179=IFCSHAPEREPRESENTATION(#15,'Body','SweptSolid',(#25178));
#25180=IFCCARTESIANPOINTLIST2D(((0.,0.),(4.96647343730312,2.54375208896818E-07)),$);
#25181=IFCINDEXEDPOLYCURVE(#25180,$,$);
#25182=IFCSHAPEREPRESENTATION(#27,'Axis','Curve2D',(#25181));
#25183=IFCRELCONNECTSPATHELEMENTS('18bSXuz0f5BB_JKluzrZLu',$,$,$,$,#1220,#4324,(),(),.ATPATH.,.ATEND.);
#25184=IFCCARTESIANPOINTLIST2D(((-0.199999999999998,0.),(-3.69075679808977E-09,0.2),(5.90448490754746,0.2),(5.90448506028396,0.)),$);
#25185=IFCINDEXEDPOLYCURVE(#25184,(IFCLINEINDEX((1,2,3,4,1))),$);
#25186=IFCARBITRARYCLOSEDPROFILEDEF(.AREA.,$,#25185);
#25187=IFCCARTESIANPOINT((0.,0.,0.));
#25188=IFCDIRECTION((0.,0.,1.));
#25189=IFCDIRECTION((1.,0.,0.));
#25190=IFCAXIS2PLACEMENT3D(#25187,#25188,#25189);
#25191=IFCDIRECTION((0.,0.,1.));
#25192=IFCEXTRUDEDAREASOLID(#25186,#25190,#25191,3.);
#25193=IFCSHAPEREPRESENTATION(#15,'Body','SweptSolid',(#25192));
#25194=IFCCARTESIANPOINTLIST2D(((0.,0.),(6.10448506028399,3.37515484716278E-06)),$);
#25195=IFCINDEXEDPOLYCURVE(#25194,$,$);
#25196=IFCSHAPEREPRESENTATION(#27,'Axis','Curve2D',(#25195));
#25197=IFCCARTESIANPOINTLIST2D(((0.200000000000023,0.),(1.56095074407348E-07,0.2),(5.2484188079834,0.2),(5.2484188079834,0.)),$);
#25198=IFCINDEXEDPOLYCURVE(#25197,(IFCLINEINDEX((1,2,3,4,1))),$);
#25199=IFCARBITRARYCLOSEDPROFILEDEF(.AREA.,$,#25198);
#25200=IFCCARTESIANPOINT((0.,0.,0.));
#25201=IFCDIRECTION((0.,0.,1.));
#25202=IFCDIRECTION((1.,0.,0.));
#25203=IFCAXIS2PLACEMENT3D(#25200,#25201,#25202);
#25204=IFCDIRECTION((0.,0.,1.));
#25205=IFCEXTRUDEDAREASOLID(#25199,#25203,#25204,3.);
#25206=IFCSHAPEREPRESENTATION(#15,'Body','SweptSolid',(#25205));
#25207=IFCCARTESIANPOINTLIST2D(((0.,0.),(5.2484188079834,3.15304964715324E-06)),$);
#25208=IFCINDEXEDPOLYCURVE(#25207,$,$);
#25209=IFCSHAPEREPRESENTATION(#27,'Axis','Curve2D',(#25208));
#25210=IFCWALL('0gU$RGe$f0sBzaTgYDIEAX',$,'Wall',$,$,#27283,#25221,$,$);
#25216=IFCRELASSOCIATESMATERIAL('1fwL86tWr3yQXtMX$$JCBt',$,$,$,(#25210),#25217);
#25217=IFCMATERIALLAYERSETUSAGE(#396,.AXIS2.,.POSITIVE.,0.,$);
#25218=IFCRELDEFINESBYPROPERTIES('2EG_Ciwo9EeRlKcwCB5Fk$',$,$,$,(#25210),#25219);
#25219=IFCPROPERTYSET('07mMbu_PjCNu54h33GPTGy',$,'EPset_Parametric',$,(#25220));
#25220=IFCPROPERTYSINGLEVALUE('Engine',$,IFCLABEL('Bonsai.DumbLayer2'),$);
#25221=IFCPRODUCTDEFINITIONSHAPE($,$,(#25306,#25303));
#25275=IFCCARTESIANPOINTLIST2D(((0.,0.),(0.,0.2),(1.50000011920929,0.2),(1.50000011920929,0.)),$);
#25276=IFCINDEXEDPOLYCURVE(#25275,(IFCLINEINDEX((1,2,3,4,1))),$);
#25277=IFCARBITRARYCLOSEDPROFILEDEF(.AREA.,$,#25276);
#25278=IFCCARTESIANPOINT((0.,0.,0.));
#25279=IFCDIRECTION((0.,0.,1.));
#25280=IFCDIRECTION((1.,0.,0.));
#25281=IFCAXIS2PLACEMENT3D(#25278,#25279,#25280);
#25282=IFCDIRECTION((0.,0.,1.));
#25283=IFCEXTRUDEDAREASOLID(#25277,#25281,#25282,3.);
#25284=IFCSHAPEREPRESENTATION(#15,'Body','SweptSolid',(#25283));
#25285=IFCCARTESIANPOINTLIST2D(((0.,0.),(1.50000011920929,4.21596979549577E-07)),$);
#25286=IFCINDEXEDPOLYCURVE(#25285,$,$);
#25287=IFCSHAPEREPRESENTATION(#27,'Axis','Curve2D',(#25286));
#25293=IFCRELCONNECTSPATHELEMENTS('1MzyoQIA56xBGvdRN_6ZzY',$,$,$,$,#25210,#22532,(),(),.ATSTART.,.ATEND.);
#25294=IFCCARTESIANPOINTLIST2D(((0.,0.),(0.,0.2),(2.68361316649511,0.2),(2.88361323534089,0.)),$);
#25295=IFCINDEXEDPOLYCURVE(#25294,(IFCLINEINDEX((1,2,3,4,1))),$);
#25296=IFCARBITRARYCLOSEDPROFILEDEF(.AREA.,$,#25295);
#25297=IFCCARTESIANPOINT((0.,0.,0.));
#25298=IFCDIRECTION((0.,0.,1.));
#25299=IFCDIRECTION((1.,0.,0.));
#25300=IFCAXIS2PLACEMENT3D(#25297,#25298,#25299);
#25301=IFCDIRECTION((0.,0.,1.));
#25302=IFCEXTRUDEDAREASOLID(#25296,#25300,#25301,3.);
#25303=IFCSHAPEREPRESENTATION(#15,'Body','SweptSolid',(#25302));
#25304=IFCCARTESIANPOINTLIST2D(((0.,0.),(2.88361323534089,8.10481765256554E-07)),$);
#25305=IFCINDEXEDPOLYCURVE(#25304,$,$);
#25306=IFCSHAPEREPRESENTATION(#27,'Axis','Curve2D',(#25305));
#25346=IFCRELCONNECTSPATHELEMENTS('2bAqQsw91Dl8p3HU2wIMD$',$,$,$,$,#9726,#9926,(),(),.ATSTART.,.ATSTART.);
#25378=IFCSANITARYTERMINAL('1dDEXBq$fE7er3$go6Qj_P',$,'SanitaryTerminal',$,$,#27208,#25391,$,$);
#25384=IFCCARTESIANPOINT((0.,0.,0.));
#25385=IFCDIRECTION((1.,0.,0.));
#25386=IFCDIRECTION((0.,1.,0.));
#25387=IFCDIRECTION((0.,0.,1.));
#25388=IFCCARTESIANTRANSFORMATIONOPERATOR3D(#25385,#25386,#25384,1.,#25387);
#25389=IFCMAPPEDITEM(#8759,#25388);
#25390=IFCSHAPEREPRESENTATION(#15,'Body','MappedRepresentation',(#25389));
#25391=IFCPRODUCTDEFINITIONSHAPE($,$,(#25390));
#25392=IFCWALL('0GhUa_PkjDxAjQnUC6qgJS',$,'Wall',$,$,#27298,#25403,$,$);
#25398=IFCRELDEFINESBYPROPERTIES('3uRaqRKzL0cATY9BzIek0$',$,$,$,(#25392),#25399);
#25399=IFCPROPERTYSET('0ntloatSP08wq_c8wVnpIE',$,'EPset_Parametric',$,(#25400));
#25400=IFCPROPERTYSINGLEVALUE('Engine',$,IFCLABEL('Bonsai.DumbLayer2'),$);
#25401=IFCRELASSOCIATESMATERIAL('17w5zw4ibBWhfyvXRt40NW',$,$,$,(#25392),#25402);
#25402=IFCMATERIALLAYERSETUSAGE(#396,.AXIS2.,.POSITIVE.,0.,$);
#25403=IFCPRODUCTDEFINITIONSHAPE($,$,(#25808,#25805));
#25422=IFCSANITARYTERMINAL('3XoDJSj318DfZR3uFLKb7k',$,'SanitaryTerminal',$,$,#27218,#25435,$,$);
#25428=IFCCARTESIANPOINT((0.,0.,0.));
#25429=IFCDIRECTION((1.,0.,0.));
#25430=IFCDIRECTION((0.,1.,0.));
#25431=IFCDIRECTION((0.,0.,1.));
#25432=IFCCARTESIANTRANSFORMATIONOPERATOR3D(#25429,#25430,#25428,1.,#25431);
#25433=IFCMAPPEDITEM(#8714,#25432);
#25434=IFCSHAPEREPRESENTATION(#15,'Body','MappedRepresentation',(#25433));
#25435=IFCPRODUCTDEFINITIONSHAPE($,$,(#25434,#25442));
#25436=IFCCARTESIANPOINT((0.,0.,0.));
#25437=IFCDIRECTION((1.,0.,0.));
#25438=IFCDIRECTION((0.,1.,0.));
#25439=IFCDIRECTION((0.,0.,1.));
#25440=IFCCARTESIANTRANSFORMATIONOPERATOR3D(#25437,#25438,#25436,1.,#25439);
#25441=IFCMAPPEDITEM(#8730,#25440);
#25442=IFCSHAPEREPRESENTATION(#28,'Body','MappedRepresentation',(#25441));
#25443=IFCFURNITURE('1zzmn9v450tOyP363Yxrkx',$,'Furniture',$,$,#27198,#25454,$,$);
#25449=IFCRELDEFINESBYPROPERTIES('1mjDI_kjTByxjLgSdNsLaT',$,$,$,(#25443),#25450);
#25450=IFCPROPERTYSET('1s8VviV6DBwgVSZ6ctOi76',$,'EPset_Parametric',$,(#25451));
#25451=IFCPROPERTYSINGLEVALUE('Engine',$,IFCLABEL('Bonsai.DumbProfile'),$);
#25452=IFCRELASSOCIATESMATERIAL('0g8in5BxLD2f9ynRYWeQ63',$,$,$,(#25443),#25453);
#25453=IFCMATERIALPROFILESETUSAGE(#16389,5,$);
#25454=IFCPRODUCTDEFINITIONSHAPE($,$,(#25455,#25458));
#25455=IFCSHAPEREPRESENTATION(#16,'Axis','Curve3D',(#25456));
#25456=IFCINDEXEDPOLYCURVE(#25457,$,.F.);
#25457=IFCCARTESIANPOINTLIST3D(((5.30068803072936E-07,-2.19484945773729E-08,8.96640358405421E-07),(-1.98098568660043E-08,-2.61608192886342E-08,1.94902896881104)),$);
#25458=IFCSHAPEREPRESENTATION(#15,'Body','SweptSolid',(#25459));
#25459=IFCEXTRUDEDAREASOLID(#25460,#25463,#25467,1.94902799051305);
#25460=IFCARBITRARYCLOSEDPROFILEDEF(.AREA.,$,#25461);
#25461=IFCINDEXEDPOLYCURVE(#25462,$,$);
#25462=IFCCARTESIANPOINTLIST2D(((0.5,2.23517417907715E-08),(0.,0.),(0.,0.850000023841858),(0.600000023841858,0.850000023841858),(0.600000023841858,0.100000023841858),(0.5,0.100000023841858),(0.5,2.23517417907715E-08)),$);
#25463=IFCAXIS2PLACEMENT3D(#25464,#25465,#25466);
#25464=IFCCARTESIANPOINT((0.,0.,0.));
#25465=IFCDIRECTION((0.,0.,1.));
#25466=IFCDIRECTION((1.,0.,0.));
#25467=IFCDIRECTION((0.,0.,1.));
#25468=IFCWALL('2C1UsdEfPEffq5Y_hNG_p3',$,'Wall',$,$,#27288,#25479,$,$);
#25474=IFCRELASSOCIATESMATERIAL('2VWwOMG7X14OQ64zDbwThm',$,$,$,(#25468),#25475);
#25475=IFCMATERIALLAYERSETUSAGE(#396,.AXIS2.,.POSITIVE.,0.,$);
#25476=IFCRELDEFINESBYPROPERTIES('2DfUDy7jT3nfRLKYA8KE4I',$,$,$,(#25468),#25477);
#25477=IFCPROPERTYSET('3uw3Iy2AHEaBg6QsCjEYey',$,'EPset_Parametric',$,(#25478));
#25478=IFCPROPERTYSINGLEVALUE('Engine',$,IFCLABEL('Bonsai.DumbLayer2'),$);
#25479=IFCPRODUCTDEFINITIONSHAPE($,$,(#25480,#25483));
#25480=IFCSHAPEREPRESENTATION(#27,'Axis','Curve2D',(#25481));
#25481=IFCINDEXEDPOLYCURVE(#25482,$,$);
#25482=IFCCARTESIANPOINTLIST2D(((0.,0.),(2.43334335546452,2.24755763156281E-06)),$);
#25483=IFCSHAPEREPRESENTATION(#15,'Body','SweptSolid',(#25484));
#25484=IFCEXTRUDEDAREASOLID(#25485,#25488,#25492,3.);
#25485=IFCARBITRARYCLOSEDPROFILEDEF(.AREA.,$,#25486);
#25486=IFCINDEXEDPOLYCURVE(#25487,(IFCLINEINDEX((1,2,3,4,1))),$);
#25487=IFCCARTESIANPOINTLIST2D(((0.,0.),(0.,0.2),(2.43334335546452,0.2),(2.43334335546452,0.)),$);
#25488=IFCAXIS2PLACEMENT3D(#25489,#25490,#25491);
#25489=IFCCARTESIANPOINT((0.,0.,0.));
#25490=IFCDIRECTION((0.,0.,1.));
#25491=IFCDIRECTION((1.,0.,0.));
#25492=IFCDIRECTION((0.,0.,1.));
#25498=IFCSANITARYTERMINAL('1NeI0k20r35PsiezbCErxe',$,'SanitaryTerminal',$,$,#27228,#25511,$,$);
#25504=IFCCARTESIANPOINT((0.,0.,0.));
#25505=IFCDIRECTION((1.,0.,0.));
#25506=IFCDIRECTION((0.,1.,0.));
#25507=IFCDIRECTION((0.,0.,1.));
#25508=IFCCARTESIANTRANSFORMATIONOPERATOR3D(#25505,#25506,#25504,1.,#25507);
#25509=IFCMAPPEDITEM(#8790,#25508);
#25510=IFCSHAPEREPRESENTATION(#15,'Body','MappedRepresentation',(#25509));
#25511=IFCPRODUCTDEFINITIONSHAPE($,$,(#25510,#25518));
#25512=IFCCARTESIANPOINT((0.,0.,0.));
#25513=IFCDIRECTION((1.,0.,0.));
#25514=IFCDIRECTION((0.,1.,0.));
#25515=IFCDIRECTION((0.,0.,1.));
#25516=IFCCARTESIANTRANSFORMATIONOPERATOR3D(#25513,#25514,#25512,1.,#25515);
#25517=IFCMAPPEDITEM(#8807,#25516);
#25518=IFCSHAPEREPRESENTATION(#28,'Body','MappedRepresentation',(#25517));
#25519=IFCFURNITURE('1xGeTZ7Sb1gA5dkm3bQYst',$,'Furniture',$,$,#27203,#25530,$,$);
#25525=IFCRELASSOCIATESMATERIAL('3i3ROcGRX09A7YniHjvRtd',$,$,$,(#25519),#25526);
#25526=IFCMATERIALPROFILESETUSAGE(#16389,5,$);
#25527=IFCRELDEFINESBYPROPERTIES('2cplVAWZr0HwC2oUvJKX6X',$,$,$,(#25519),#25528);
#25528=IFCPROPERTYSET('2_aXrVB3TBiuiSQ2dN0$bt',$,'EPset_Parametric',$,(#25529));
#25529=IFCPROPERTYSINGLEVALUE('Engine',$,IFCLABEL('Bonsai.DumbProfile'),$);
#25530=IFCPRODUCTDEFINITIONSHAPE($,$,(#25531,#25534));
#25531=IFCSHAPEREPRESENTATION(#16,'Axis','Curve3D',(#25532));
#25532=IFCINDEXEDPOLYCURVE(#25533,$,.F.);
#25533=IFCCARTESIANPOINTLIST3D(((2.44241022073766E-07,2.09865902434103E-09,-5.86901549581853E-08),(-2.91476823122139E-07,1.09096163214417E-08,2.24696350097656)),$);
#25534=IFCSHAPEREPRESENTATION(#15,'Body','SweptSolid',(#25535));
#25535=IFCEXTRUDEDAREASOLID(#25536,#25539,#25543,2.24696346527943);
#25536=IFCARBITRARYCLOSEDPROFILEDEF(.AREA.,$,#25537);
#25537=IFCINDEXEDPOLYCURVE(#25538,$,$);
#25538=IFCCARTESIANPOINTLIST2D(((0.5,2.23517417907715E-08),(0.,0.),(0.,0.850000023841858),(0.600000023841858,0.850000023841858),(0.600000023841858,0.100000023841858),(0.5,0.100000023841858),(0.5,2.23517417907715E-08)),$);
#25539=IFCAXIS2PLACEMENT3D(#25540,#25541,#25542);
#25540=IFCCARTESIANPOINT((0.,0.,0.));
#25541=IFCDIRECTION((0.,0.,1.));
#25542=IFCDIRECTION((1.,0.,0.));
#25543=IFCDIRECTION((0.,0.,1.));
#25544=IFCWALL('1vAriLmELE3uTaxJvpXt3b',$,'Wall',$,$,#27308,#25555,$,$);
#25550=IFCRELASSOCIATESMATERIAL('0t6f_09iL6kAJSLe3HlPX5',$,$,$,(#25544),#25551);
#25551=IFCMATERIALLAYERSETUSAGE(#396,.AXIS2.,.POSITIVE.,0.,$);
#25552=IFCRELDEFINESBYPROPERTIES('3_04PPO910nxYVem2bBdj5',$,$,$,(#25544),#25553);
#25553=IFCPROPERTYSET('0t$e_KoNT0q9xstkwzA06G',$,'EPset_Parametric',$,(#25554));
#25554=IFCPROPERTYSINGLEVALUE('Engine',$,IFCLABEL('Bonsai.DumbLayer2'),$);
#25555=IFCPRODUCTDEFINITIONSHAPE($,$,(#26807,#26804));
#25569=IFCWALL('1ayro1Vwn4p9O_G$eSphX8',$,'Wall',$,$,#26892,#25580,$,$);
#25575=IFCRELDEFINESBYPROPERTIES('2nLUUnmbf8k8LMIPXbKbKh',$,$,$,(#25569),#25576);
#25576=IFCPROPERTYSET('2RvTZZBfD1EvL$7qG74ex_',$,'EPset_Parametric',$,(#25577));
#25577=IFCPROPERTYSINGLEVALUE('Engine',$,IFCLABEL('Bonsai.DumbLayer2'),$);
#25578=IFCRELASSOCIATESMATERIAL('22bqFcqWL51g7dkXi2U6j3',$,$,$,(#25569),#25579);
#25579=IFCMATERIALLAYERSETUSAGE(#396,.AXIS2.,.POSITIVE.,0.,$);
#25580=IFCPRODUCTDEFINITIONSHAPE($,$,(#26906,#26903));
#25594=IFCDOOR('2KtHTicVfFuv2pc2YREkU3',$,'Door',$,$,#26882,#25607,$,$,$,$,$,$);
#25600=IFCCARTESIANPOINT((0.,0.,0.));
#25601=IFCDIRECTION((1.,0.,0.));
#25602=IFCDIRECTION((0.,1.,0.));
#25603=IFCDIRECTION((0.,0.,1.));
#25604=IFCCARTESIANTRANSFORMATIONOPERATOR3D(#25601,#25602,#25600,1.,#25603);
#25605=IFCMAPPEDITEM(#19172,#25604);
#25606=IFCSHAPEREPRESENTATION(#15,'Body','MappedRepresentation',(#25605));
#25607=IFCPRODUCTDEFINITIONSHAPE($,$,(#25606,#25614,#25621));
#25608=IFCCARTESIANPOINT((0.,0.,0.));
#25609=IFCDIRECTION((1.,0.,0.));
#25610=IFCDIRECTION((0.,1.,0.));
#25611=IFCDIRECTION((0.,0.,1.));
#25612=IFCCARTESIANTRANSFORMATIONOPERATOR3D(#25609,#25610,#25608,1.,#25611);
#25613=IFCMAPPEDITEM(#19188,#25612);
#25614=IFCSHAPEREPRESENTATION(#28,'Body','MappedRepresentation',(#25613));
#25615=IFCCARTESIANPOINT((0.,0.,0.));
#25616=IFCDIRECTION((1.,0.,0.));
#25617=IFCDIRECTION((0.,1.,0.));
#25618=IFCDIRECTION((0.,0.,1.));
#25619=IFCCARTESIANTRANSFORMATIONOPERATOR3D(#25616,#25617,#25615,1.,#25618);
#25620=IFCMAPPEDITEM(#19252,#25619);
#25621=IFCSHAPEREPRESENTATION(#19,'Annotation','MappedRepresentation',(#25620));
#25642=IFCWALL('3h831Ts6v4ZwYbdBYry3Uk',$,'Wall',$,$,#26862,#25653,$,$);
#25648=IFCRELDEFINESBYPROPERTIES('3aj88_Lvf7jgGLW3a$Sqhm',$,$,$,(#25642),#25649);
#25649=IFCPROPERTYSET('1Ta6ZQ54X6ZPnaZOdnURYc',$,'EPset_Parametric',$,(#25650));
#25650=IFCPROPERTYSINGLEVALUE('Engine',$,IFCLABEL('Bonsai.DumbLayer2'),$);
#25651=IFCRELASSOCIATESMATERIAL('2UOB5gByr5efUchqH8NhaA',$,$,$,(#25642),#25652);
#25652=IFCMATERIALLAYERSETUSAGE(#396,.AXIS2.,.POSITIVE.,0.,$);
#25653=IFCPRODUCTDEFINITIONSHAPE($,$,(#25654,#25657));
#25654=IFCSHAPEREPRESENTATION(#27,'Axis','Curve2D',(#25655));
#25655=IFCINDEXEDPOLYCURVE(#25656,$,$);
#25656=IFCCARTESIANPOINTLIST2D(((0.,0.),(1.7149114186583,-3.63864279506743E-06)),$);
#25657=IFCSHAPEREPRESENTATION(#15,'Body','SweptSolid',(#25658));
#25658=IFCEXTRUDEDAREASOLID(#25659,#25662,#25666,3.);
#25659=IFCARBITRARYCLOSEDPROFILEDEF(.AREA.,$,#25660);
#25660=IFCINDEXEDPOLYCURVE(#25661,(IFCLINEINDEX((1,2,3,4,1))),$);
#25661=IFCCARTESIANPOINTLIST2D(((0.,0.),(0.,0.2),(1.5149113514905,0.2),(1.51491141865829,0.)),$);
#25662=IFCAXIS2PLACEMENT3D(#25663,#25664,#25665);
#25663=IFCCARTESIANPOINT((0.,0.,0.));
#25664=IFCDIRECTION((0.,0.,1.));
#25665=IFCDIRECTION((1.,0.,0.));
#25666=IFCDIRECTION((0.,0.,1.));
#25667=IFCRELCONNECTSPATHELEMENTS('1OwmCHzHD9ARjnyWR7HrxE',$,$,$,$,#25544,#25468,(),(),.ATPATH.,.ATEND.);
#25669=IFCOPENINGELEMENT('3wRJqhYaD4lgxkt00y2POG',$,'Opening',$,$,#26877,#25688,$,.OPENING.);
#25681=IFCCARTESIANPOINT((0.,0.,0.));
#25682=IFCDIRECTION((1.,0.,0.));
#25683=IFCDIRECTION((0.,1.,0.));
#25684=IFCDIRECTION((0.,0.,1.));
#25685=IFCCARTESIANTRANSFORMATIONOPERATOR3D(#25682,#25683,#25681,1.,#25684);
#25686=IFCMAPPEDITEM(#19298,#25685);
#25687=IFCSHAPEREPRESENTATION(#15,'Body','MappedRepresentation',(#25686));
#25688=IFCPRODUCTDEFINITIONSHAPE($,$,(#25687));
#25689=IFCRELVOIDSELEMENT('3EIlrylSDBveANobXQzes6',$,$,$,#25642,#25669);
#25695=IFCRELFILLSELEMENT('1SpmJ7kI94HhNqauxdwovt',$,$,$,#25669,#25594);
#25701=IFCRELCONNECTSPATHELEMENTS('3Q$b4JsMP4zOEbMnodKOcT',$,$,$,$,#25392,#9901,(),(),.ATSTART.,.ATEND.);
#25715=IFCCARTESIANPOINTLIST2D(((0.,0.),(-0.200000043591718,0.2),(4.14825479710178,0.2),(3.94825488132134,0.)),$);
#25716=IFCINDEXEDPOLYCURVE(#25715,(IFCLINEINDEX((1,2,3,4,1))),$);
#25717=IFCARBITRARYCLOSEDPROFILEDEF(.AREA.,$,#25716);
#25718=IFCCARTESIANPOINT((0.,0.,0.));
#25719=IFCDIRECTION((0.,0.,1.));
#25720=IFCDIRECTION((1.,0.,0.));
#25721=IFCAXIS2PLACEMENT3D(#25718,#25719,#25720);
#25722=IFCDIRECTION((0.,0.,1.));
#25723=IFCEXTRUDEDAREASOLID(#25717,#25721,#25722,3.);
#25724=IFCSHAPEREPRESENTATION(#15,'Body','SweptSolid',(#25723));
#25725=IFCCARTESIANPOINTLIST2D(((0.,0.),(4.14825488132135,0.)),$);
#25726=IFCINDEXEDPOLYCURVE(#25725,$,$);
#25727=IFCSHAPEREPRESENTATION(#27,'Axis','Curve2D',(#25726));
#25796=IFCCARTESIANPOINTLIST2D(((0.,0.),(0.,0.2),(9.75425647179275,0.2),(9.55425643920861,0.)),$);
#25797=IFCINDEXEDPOLYCURVE(#25796,(IFCLINEINDEX((1,2,3,4,1))),$);
#25798=IFCARBITRARYCLOSEDPROFILEDEF(.AREA.,$,#25797);
#25799=IFCCARTESIANPOINT((0.,0.,0.));
#25800=IFCDIRECTION((0.,0.,1.));
#25801=IFCDIRECTION((1.,0.,0.));
#25802=IFCAXIS2PLACEMENT3D(#25799,#25800,#25801);
#25803=IFCDIRECTION((0.,0.,1.));
#25804=IFCEXTRUDEDAREASOLID(#25798,#25802,#25803,3.);
#25805=IFCSHAPEREPRESENTATION(#15,'Body','SweptSolid',(#25804));
#25806=IFCCARTESIANPOINTLIST2D(((0.,0.),(9.55425643920861,5.25846189702861E-07)),$);
#25807=IFCINDEXEDPOLYCURVE(#25806,$,$);
#25808=IFCSHAPEREPRESENTATION(#27,'Axis','Curve2D',(#25807));
#25809=IFCRELCONNECTSPATHELEMENTS('0NJwB_bh91SQoXVq0kF6wv',$,$,$,$,#10410,#9751,(),(),.ATPATH.,.ATEND.);
#25836=IFCRELCONNECTSPATHELEMENTS('3FsttWNTf58fHqUlohDDnH',$,$,$,$,#9951,#10410,(),(),.ATPATH.,.ATSTART.);
#25855=IFCCARTESIANPOINTLIST2D(((0.199999999999978,0.),(-1.17045482428857E-07,0.2),(17.1743352676535,0.2),(17.1743354797344,0.)),$);
#25856=IFCINDEXEDPOLYCURVE(#25855,(IFCLINEINDEX((1,2,3,4,1))),$);
#25857=IFCARBITRARYCLOSEDPROFILEDEF(.AREA.,$,#25856);
#25858=IFCCARTESIANPOINT((0.,0.,0.));
#25859=IFCDIRECTION((0.,0.,1.));
#25860=IFCDIRECTION((1.,0.,0.));
#25861=IFCAXIS2PLACEMENT3D(#25858,#25859,#25860);
#25862=IFCDIRECTION((0.,0.,1.));
#25863=IFCEXTRUDEDAREASOLID(#25857,#25861,#25862,3.);
#25864=IFCSHAPEREPRESENTATION(#15,'Body','SweptSolid',(#25863));
#25865=IFCCARTESIANPOINTLIST2D(((0.,0.),(17.1743354797344,-1.22426126836217E-06)),$);
#25866=IFCINDEXEDPOLYCURVE(#25865,$,$);
#25867=IFCSHAPEREPRESENTATION(#27,'Axis','Curve2D',(#25866));
#25937=IFCRELCONNECTSPATHELEMENTS('0KwFCPtyPFUvndP2bscPhY',$,$,$,$,#10051,#10026,(),(),.ATPATH.,.ATSTART.);
#25956=IFCCARTESIANPOINTLIST2D(((0.,0.),(0.,0.2),(2.31084928321083,0.2),(2.31084928321083,0.)),$);
#25957=IFCINDEXEDPOLYCURVE(#25956,(IFCLINEINDEX((1,2,3,4,1))),$);
#25958=IFCARBITRARYCLOSEDPROFILEDEF(.AREA.,$,#25957);
#25959=IFCCARTESIANPOINT((0.,0.,0.));
#25960=IFCDIRECTION((0.,0.,1.));
#25961=IFCDIRECTION((1.,0.,0.));
#25962=IFCAXIS2PLACEMENT3D(#25959,#25960,#25961);
#25963=IFCDIRECTION((0.,0.,1.));
#25964=IFCEXTRUDEDAREASOLID(#25958,#25962,#25963,3.);
#25965=IFCSHAPEREPRESENTATION(#15,'Body','SweptSolid',(#25964));
#25966=IFCCARTESIANPOINTLIST2D(((0.,0.),(2.31084928321083,-4.62932916889258E-07)),$);
#25967=IFCINDEXEDPOLYCURVE(#25966,$,$);
#25968=IFCSHAPEREPRESENTATION(#27,'Axis','Curve2D',(#25967));
#25969=IFCWALL('1bN7KmJxj4IR0GGJ2W2Dyp',$,'Wall',$,$,#27318,#25980,$,$);
#25975=IFCRELDEFINESBYPROPERTIES('2PaVvHZtjEvOJzfYZvn8Y2',$,$,$,(#25969),#25976);
#25976=IFCPROPERTYSET('3ifoMegLT63xzYTMD2Su8E',$,'EPset_Parametric',$,(#25977));
#25977=IFCPROPERTYSINGLEVALUE('Engine',$,IFCLABEL('Bonsai.DumbLayer2'),$);
#25978=IFCRELASSOCIATESMATERIAL('09iONhm2vD2v3SHgALe1IU',$,$,$,(#25969),#25979);
#25979=IFCMATERIALLAYERSETUSAGE(#396,.AXIS2.,.POSITIVE.,0.,$);
#25980=IFCPRODUCTDEFINITIONSHAPE($,$,(#25981,#25984));
#25981=IFCSHAPEREPRESENTATION(#27,'Axis','Curve2D',(#25982));
#25982=IFCINDEXEDPOLYCURVE(#25983,$,$);
#25983=IFCCARTESIANPOINTLIST2D(((0.,0.),(2.18614191450853,2.22793141801958E-06)),$);
#25984=IFCSHAPEREPRESENTATION(#15,'Body','SweptSolid',(#25985));
#25985=IFCEXTRUDEDAREASOLID(#25986,#25989,#25993,3.);
#25986=IFCARBITRARYCLOSEDPROFILEDEF(.AREA.,$,#25987);
#25987=IFCINDEXEDPOLYCURVE(#25988,(IFCLINEINDEX((1,2,3,4,1))),$);
#25988=IFCCARTESIANPOINTLIST2D(((0.,0.),(0.199999998212806,0.2),(2.18614204224393,0.2),(2.38614191450855,0.)),$);
#25989=IFCAXIS2PLACEMENT3D(#25990,#25991,#25992);
#25990=IFCCARTESIANPOINT((0.,0.,0.));
#25991=IFCDIRECTION((0.,0.,1.));
#25992=IFCDIRECTION((1.,0.,0.));
#25993=IFCDIRECTION((0.,0.,1.));
#25999=IFCSANITARYTERMINAL('1O_4NFNw1C0ue$ia7M6F$X',$,'SanitaryTerminal',$,$,#27233,#26012,$,$);
#26005=IFCCARTESIANPOINT((0.,0.,0.));
#26006=IFCDIRECTION((1.,0.,0.));
#26007=IFCDIRECTION((0.,1.,0.));
#26008=IFCDIRECTION((0.,0.,1.));
#26009=IFCCARTESIANTRANSFORMATIONOPERATOR3D(#26006,#26007,#26005,1.,#26008);
#26010=IFCMAPPEDITEM(#8790,#26009);
#26011=IFCSHAPEREPRESENTATION(#15,'Body','MappedRepresentation',(#26010));
#26012=IFCPRODUCTDEFINITIONSHAPE($,$,(#26011,#26019));
#26013=IFCCARTESIANPOINT((0.,0.,0.));
#26014=IFCDIRECTION((1.,0.,0.));
#26015=IFCDIRECTION((0.,1.,0.));
#26016=IFCDIRECTION((0.,0.,1.));
#26017=IFCCARTESIANTRANSFORMATIONOPERATOR3D(#26014,#26015,#26013,1.,#26016);
#26018=IFCMAPPEDITEM(#8807,#26017);
#26019=IFCSHAPEREPRESENTATION(#28,'Body','MappedRepresentation',(#26018));
#26025=IFCSANITARYTERMINAL('0q6swJxZf849iYym2hmy77',$,'SanitaryTerminal',$,$,#27223,#26038,$,$);
#26031=IFCCARTESIANPOINT((0.,0.,0.));
#26032=IFCDIRECTION((1.,0.,0.));
#26033=IFCDIRECTION((0.,1.,0.));
#26034=IFCDIRECTION((0.,0.,1.));
#26035=IFCCARTESIANTRANSFORMATIONOPERATOR3D(#26032,#26033,#26031,1.,#26034);
#26036=IFCMAPPEDITEM(#8714,#26035);
#26037=IFCSHAPEREPRESENTATION(#15,'Body','MappedRepresentation',(#26036));
#26038=IFCPRODUCTDEFINITIONSHAPE($,$,(#26037,#26045));
#26039=IFCCARTESIANPOINT((0.,0.,0.));
#26040=IFCDIRECTION((1.,0.,0.));
#26041=IFCDIRECTION((0.,1.,0.));
#26042=IFCDIRECTION((0.,0.,1.));
#26043=IFCCARTESIANTRANSFORMATIONOPERATOR3D(#26040,#26041,#26039,1.,#26042);
#26044=IFCMAPPEDITEM(#8730,#26043);
#26045=IFCSHAPEREPRESENTATION(#28,'Body','MappedRepresentation',(#26044));
#26051=IFCSANITARYTERMINAL('3asoLGcLfCCwXuXElLs7LD',$,'SanitaryTerminal',$,$,#27213,#26064,$,$);
#26057=IFCCARTESIANPOINT((0.,0.,0.));
#26058=IFCDIRECTION((1.,0.,0.));
#26059=IFCDIRECTION((0.,1.,0.));
#26060=IFCDIRECTION((0.,0.,1.));
#26061=IFCCARTESIANTRANSFORMATIONOPERATOR3D(#26058,#26059,#26057,1.,#26060);
#26062=IFCMAPPEDITEM(#8759,#26061);
#26063=IFCSHAPEREPRESENTATION(#15,'Body','MappedRepresentation',(#26062));
#26064=IFCPRODUCTDEFINITIONSHAPE($,$,(#26063));
#26139=IFCRELCONNECTSPATHELEMENTS('3YxCtdClj8pOMWSuJKaOt9',$,$,$,$,#22532,#10051,(),(),.ATPATH.,.ATEND.);
#26140=IFCCARTESIANPOINTLIST2D(((0.,0.),(0.199999976371196,0.2),(11.622699715982,0.2),(11.6226997164812,0.)),$);
#26141=IFCINDEXEDPOLYCURVE(#26140,(IFCLINEINDEX((1,2,3,4,1))),$);
#26142=IFCARBITRARYCLOSEDPROFILEDEF(.AREA.,$,#26141);
#26143=IFCCARTESIANPOINT((0.,0.,0.));
#26144=IFCDIRECTION((0.,0.,1.));
#26145=IFCDIRECTION((1.,0.,0.));
#26146=IFCAXIS2PLACEMENT3D(#26143,#26144,#26145);
#26147=IFCDIRECTION((0.,0.,1.));
#26148=IFCEXTRUDEDAREASOLID(#26142,#26146,#26147,3.);
#26149=IFCSHAPEREPRESENTATION(#15,'Body','SweptSolid',(#26148));
#26150=IFCCARTESIANPOINTLIST2D(((0.,0.),(11.6226997164812,1.21343282444286E-06)),$);
#26151=IFCINDEXEDPOLYCURVE(#26150,$,$);
#26152=IFCSHAPEREPRESENTATION(#27,'Axis','Curve2D',(#26151));
#26153=IFCCARTESIANPOINTLIST2D(((0.,0.),(7.48190739533434E-09,0.2),(6.92260444389157,0.2),(6.72260449442811,0.)),$);
#26154=IFCINDEXEDPOLYCURVE(#26153,(IFCLINEINDEX((1,2,3,4,1))),$);
#26155=IFCARBITRARYCLOSEDPROFILEDEF(.AREA.,$,#26154);
#26156=IFCCARTESIANPOINT((0.,0.,0.));
#26157=IFCDIRECTION((0.,0.,1.));
#26158=IFCDIRECTION((1.,0.,0.));
#26159=IFCAXIS2PLACEMENT3D(#26156,#26157,#26158);
#26160=IFCDIRECTION((0.,0.,1.));
#26161=IFCEXTRUDEDAREASOLID(#26155,#26159,#26160,3.);
#26162=IFCSHAPEREPRESENTATION(#15,'Body','SweptSolid',(#26161));
#26163=IFCCARTESIANPOINTLIST2D(((0.,0.),(6.92260449442812,1.14511306037457E-06)),$);
#26164=IFCINDEXEDPOLYCURVE(#26163,$,$);
#26165=IFCSHAPEREPRESENTATION(#27,'Axis','Curve2D',(#26164));
#26166=IFCSLAB('2XwGVf_I5AfeTdLIFvtf$G',$,'Slab',$,$,#26351,#26187,$,$);
#26172=IFCRELDEFINESBYPROPERTIES('3WyUzECQL3R8ekEDrXomMo',$,$,$,(#26166),#26173);
#26173=IFCELEMENTQUANTITY('2W_pDNra5CrwSGu8KwwsAQ',$,'Qto_SlabBaseQuantities',$,$,(#26174,#26175,#26176,#26177,#26178,#26179,#26180,#26181));
#26174=IFCQUANTITYAREA('GrossArea',$,$,199.179940072505,$);
#26175=IFCQUANTITYVOLUME('GrossVolume',$,$,39.835988014501,$);
#26176=IFCQUANTITYLENGTH('Depth',$,$,0.2,$);
#26177=IFCQUANTITYLENGTH('Length',$,$,28.4285907745361,$);
#26178=IFCQUANTITYAREA('NetArea',$,$,199.179940072505,$);
#26179=IFCQUANTITYVOLUME('NetVolume',$,$,39.835988014501,$);
#26180=IFCQUANTITYLENGTH('Perimeter',$,$,77.3873520394871,$);
#26181=IFCQUANTITYLENGTH('Width',$,$,10.2646961212158,$);
#26182=IFCRELASSOCIATESMATERIAL('1$xYXmv_P9lhWsf$3cE3$r',$,$,$,(#26166),#26183);
#26183=IFCMATERIALLAYERSETUSAGE(#380,.AXIS3.,.POSITIVE.,0.,$);
#26184=IFCRELDEFINESBYPROPERTIES('3huaAlazL4vu5Yv$SdZ1Np',$,$,$,(#26166),#26185);
#26185=IFCPROPERTYSET('1VA8C8N61CqfUlsMOB9wBz',$,'EPset_Parametric',$,(#26186));
#26186=IFCPROPERTYSINGLEVALUE('Engine',$,IFCLABEL('Bonsai.DumbLayer3'),$);
#26187=IFCPRODUCTDEFINITIONSHAPE($,$,(#26188));
#26188=IFCSHAPEREPRESENTATION(#15,'Body','SweptSolid',(#26189));
#26189=IFCEXTRUDEDAREASOLID(#26354,$,#26195,0.2);
#26195=IFCDIRECTION((0.,0.,1.));
#26347=IFCCARTESIANPOINT((50.6827011108398,30.0899524688721,6.00000077486038));
#26348=IFCDIRECTION((0.,0.,1.));
#26349=IFCDIRECTION((1.,0.,0.));
#26350=IFCAXIS2PLACEMENT3D(#26347,#26348,#26349);
#26351=IFCLOCALPLACEMENT(#2111,#26350);
#26352=IFCCARTESIANPOINTLIST2D(((-14.1921043395996,10.2646961212158),(-12.0059566497803,10.2646961212158),(-12.0059566497803,7.48730659484863),(-5.70718002319336,7.48809814453125),(-0.0842437744140625,7.48809814453125),(-0.0842437744140625,4.60448837280273),(3.18222808837891,4.60448837280273),(3.18222808837891,1.33514404296875E-05),(-14.1921043395996,0.),(-19.0463619232178,0.),(-25.2463626861572,0.),(-25.2463626861572,4.34825944900513),(-20.5463619232178,4.34825944900513),(-20.5463619232178,8.18257617950439),(-14.1921043395996,8.18257617950439),(-14.1921043395996,10.2646961212158)),$);
#26353=IFCINDEXEDPOLYCURVE(#26352,$,$);
#26354=IFCARBITRARYCLOSEDPROFILEDEF(.AREA.,$,#26353);
#26355=IFCCARTESIANPOINT((60.9582023620605,40.8407287597656,0.));
#26356=IFCDIRECTION((0.,0.,1.));
#26357=IFCDIRECTION((0.999897157707844,-0.0143413391207136,0.));
#26358=IFCAXIS2PLACEMENT3D(#26355,#26356,#26357);
#26359=IFCLOCALPLACEMENT(#54,#26358);
#26360=IFCCARTESIANPOINT((63.7264442443848,40.6602821350098,0.));
#26361=IFCDIRECTION((0.,0.,1.));
#26362=IFCDIRECTION((0.999897157707844,-0.0143413391207136,0.));
#26363=IFCAXIS2PLACEMENT3D(#26360,#26361,#26362);
#26364=IFCLOCALPLACEMENT(#54,#26363);
#26365=IFCCARTESIANPOINT((66.7151794433594,40.7289276123047,0.));
#26366=IFCDIRECTION((0.,0.,1.));
#26367=IFCDIRECTION((0.999897157707844,-0.0143413391207136,0.));
#26368=IFCAXIS2PLACEMENT3D(#26365,#26366,#26367);
#26369=IFCLOCALPLACEMENT(#54,#26368);
#26370=IFCCARTESIANPOINT((58.3440971374512,32.8532829284668,0.));
#26371=IFCDIRECTION((0.,0.,1.));
#26372=IFCDIRECTION((-0.999705238328469,0.024278312515881,0.));
#26373=IFCAXIS2PLACEMENT3D(#26370,#26371,#26372);
#26374=IFCLOCALPLACEMENT(#54,#26373);
#26375=IFCCARTESIANPOINT((61.0492782592773,32.8532829284668,0.));
#26376=IFCDIRECTION((0.,0.,1.));
#26377=IFCDIRECTION((-0.999705238328469,0.024278312515881,0.));
#26378=IFCAXIS2PLACEMENT3D(#26375,#26376,#26377);
#26379=IFCLOCALPLACEMENT(#54,#26378);
#26435=IFCSTAIRFLIGHT('2t2cXjVB96D9dFy1DHBCX0',$,'StairFlight',$,$,#27243,#26525,$,7,6,0.149999993188041,0.150000005960464,.STRAIGHT.);
#26456=IFCSTAIRFLIGHTTYPE('28$s0lfBT86vETTydvOLei',$,'ST-Second',$,$,(#26457,#26459),(#26465,#26786),$,$,.STRAIGHT.);
#26457=IFCPROPERTYSET('2aKD0oOpfFeArZXfAsiEzN',$,'BBIM_Stair',$,(#26458));
#26458=IFCPROPERTYSINGLEVALUE('Data',$,IFCTEXT('{"stair_type": "CONCRETE", "width": 1.0, "height": 1.0499999523162842, "number_of_treads": 6, "tread_run": 0.30000001192092896, "nosing_length": 0.0, "nosing_depth": 0.0, "base_slab_depth": 0.0, "top_slab_depth": 0.10000000149011612, "has_top_nib": true, "tread_depth": 0.15000000596046448, "custom_first_last_tread_run": [1.0, 0.0]}'),$);
#26459=IFCPROPERTYSET('1gaIBoSor59PloctlQENg1',$,'Pset_StairFlightCommon',$,(#26460,#26461,#26462,#26463,#26464));
#26460=IFCPROPERTYSINGLEVALUE('NumberOfRiser',$,IFCCOUNTMEASURE(7),$);
#26461=IFCPROPERTYSINGLEVALUE('NumberOfTreads',$,IFCCOUNTMEASURE(6),$);
#26462=IFCPROPERTYSINGLEVALUE('RiserHeight',$,IFCPOSITIVELENGTHMEASURE(0.149999993188041),$);
#26463=IFCPROPERTYSINGLEVALUE('TreadLength',$,IFCPOSITIVELENGTHMEASURE(0.150000005960464),$);
#26464=IFCPROPERTYSINGLEVALUE('NosingLength',$,IFCLENGTHMEASURE(0.),$);
#26465=IFCREPRESENTATIONMAP(#26466,#26777);
#26466=IFCAXIS2PLACEMENT3D(#26467,#26468,#26469);
#26467=IFCCARTESIANPOINT((0.,0.,0.));
#26468=IFCDIRECTION((0.,0.,1.));
#26469=IFCDIRECTION((1.,0.,0.));
#26517=IFCRELDEFINESBYTYPE('2JWWQANJf9Tv65w2Yx0MlV',$,$,$,(#26435),#26456);
#26518=IFCCARTESIANPOINT((0.,0.,0.));
#26519=IFCDIRECTION((1.,0.,0.));
#26520=IFCDIRECTION((0.,1.,0.));
#26521=IFCDIRECTION((0.,0.,1.));
#26522=IFCCARTESIANTRANSFORMATIONOPERATOR3D(#26519,#26520,#26518,1.,#26521);
#26523=IFCMAPPEDITEM(#26465,#26522);
#26524=IFCSHAPEREPRESENTATION(#15,'Body','MappedRepresentation',(#26523));
#26525=IFCPRODUCTDEFINITIONSHAPE($,$,(#26524,#26793));
#26588=IFCINDEXEDPOLYGONALFACE((2,1,33,32,31,30,29,28,27,26,25,24,23,22,21,20,19,18,17,16,15,14,13,12,11,10,9,8,7,6,5,4,3));
#26589=IFCINDEXEDPOLYGONALFACE((34,35,36,37,38,39,40,41,42,43,44,45,46,47,48,49,50,51,52,53,54,55,56,57,58,59,60,61,62,63,64,65,66));
#26590=IFCINDEXEDPOLYGONALFACE((32,33,65,64));
#26591=IFCINDEXEDPOLYGONALFACE((19,20,52,51));
#26592=IFCINDEXEDPOLYGONALFACE((6,7,39,38));
#26593=IFCINDEXEDPOLYGONALFACE((31,32,64,63));
#26594=IFCINDEXEDPOLYGONALFACE((20,21,53,52));
#26595=IFCINDEXEDPOLYGONALFACE((7,8,40,39));
#26596=IFCINDEXEDPOLYGONALFACE((21,22,54,53));
#26597=IFCINDEXEDPOLYGONALFACE((8,9,41,40));
#26598=IFCINDEXEDPOLYGONALFACE((22,23,55,54));
#26599=IFCINDEXEDPOLYGONALFACE((9,10,42,41));
#26600=IFCINDEXEDPOLYGONALFACE((23,24,56,55));
#26601=IFCINDEXEDPOLYGONALFACE((10,11,43,42));
#26602=IFCINDEXEDPOLYGONALFACE((24,25,57,56));
#26603=IFCINDEXEDPOLYGONALFACE((11,12,44,43));
#26604=IFCINDEXEDPOLYGONALFACE((25,26,58,57));
#26605=IFCINDEXEDPOLYGONALFACE((12,13,45,44));
#26606=IFCINDEXEDPOLYGONALFACE((26,27,59,58));
#26607=IFCINDEXEDPOLYGONALFACE((13,14,46,45));
#26608=IFCINDEXEDPOLYGONALFACE((27,28,60,59));
#26609=IFCINDEXEDPOLYGONALFACE((14,15,47,46));
#26610=IFCINDEXEDPOLYGONALFACE((1,2,34,66));
#26611=IFCINDEXEDPOLYGONALFACE((28,29,61,60));
#26612=IFCINDEXEDPOLYGONALFACE((15,16,48,47));
#26613=IFCINDEXEDPOLYGONALFACE((2,3,35,34));
#26614=IFCINDEXEDPOLYGONALFACE((29,30,62,61));
#26615=IFCINDEXEDPOLYGONALFACE((16,17,49,48));
#26616=IFCINDEXEDPOLYGONALFACE((3,4,36,35));
#26617=IFCINDEXEDPOLYGONALFACE((30,31,63,62));
#26618=IFCINDEXEDPOLYGONALFACE((17,18,50,49));
#26619=IFCINDEXEDPOLYGONALFACE((4,5,37,36));
#26620=IFCINDEXEDPOLYGONALFACE((33,66,65));
#26621=IFCINDEXEDPOLYGONALFACE((18,19,51,50));
#26622=IFCINDEXEDPOLYGONALFACE((5,6,38,37));
#26623=IFCINDEXEDPOLYGONALFACE((33,1,66));
#26624=IFCCARTESIANPOINTLIST3D(((0.,0.,0.),(0.,0.,0.160714283585548),(0.300000011920929,0.,0.160714283585548),(0.300000011920929,0.,0.321428567171097),(0.600000023841858,0.,0.321428567171097),(0.600000023841858,0.,0.482142865657806),(0.900000035762787,0.,0.482142865657806),(0.900000035762787,0.,0.642857134342194),(1.20000004768372,0.,0.642857134342194),(1.20000004768372,0.,0.803571403026581),(1.5,0.,0.803571403026581),(1.5,0.,0.964285671710968),(1.79999995231628,0.,0.964285671710968),(1.79999995231628,0.,1.125),(2.09999990463257,0.,1.125),(2.09999990463257,0.,1.28571426868439),(2.39999985694885,0.,1.28571426868439),(2.39999985694885,0.,1.44642853736877),(2.69999980926514,0.,1.44642853736877),(2.69999980926514,0.,1.60714280605316),(2.99999976158142,0.,1.60714280605316),(2.99999976158142,0.,1.76785707473755),(3.29999971389771,0.,1.76785707473755),(3.29999971389771,0.,1.92857134342194),(3.59999966621399,0.,1.92857134342194),(3.59999966621399,0.,2.08928561210632),(3.89999961853027,0.,2.08928561210632),(3.89999961853027,0.,2.25),(4.89999961853027,0.,2.25),(4.89999961853027,0.,2.15000009536743),(4.33098125457764,0.,2.15000009536743),(0.317647606134415,0.,0.),(0.,0.,0.),(0.,1.,0.160714283585548),(0.300000011920929,1.,0.160714283585548),(0.300000011920929,1.,0.321428567171097),(0.600000023841858,1.,0.321428567171097),(0.600000023841858,1.,0.482142865657806),(0.900000035762787,1.,0.482142865657806),(0.900000035762787,1.,0.642857134342194),(1.20000004768372,1.,0.642857134342194),(1.20000004768372,1.,0.803571403026581),(1.5,1.,0.803571403026581),(1.5,1.,0.964285671710968),(1.79999995231628,1.,0.964285671710968),(1.79999995231628,1.,1.125),(2.09999990463257,1.,1.125),(2.09999990463257,1.,1.28571426868439),(2.39999985694885,1.,1.28571426868439),(2.39999985694885,1.,1.44642853736877),(2.69999980926514,1.,1.44642853736877),(2.69999980926514,1.,1.60714280605316),(2.99999976158142,1.,1.60714280605316),(2.99999976158142,1.,1.76785707473755),(3.29999971389771,1.,1.76785707473755),(3.29999971389771,1.,1.92857134342194),(3.59999966621399,1.,1.92857134342194),(3.59999966621399,1.,2.08928561210632),(3.89999961853027,1.,2.08928561210632),(3.89999961853027,1.,2.25),(4.89999961853027,1.,2.25),(4.89999961853027,1.,2.15000009536743),(4.33098125457764,1.,2.15000009536743),(0.317647606134415,1.,0.),(0.,1.,0.),(0.,1.,0.)),$);
#26625=IFCPOLYGONALFACESET(#26624,.T.,(#26588,#26589,#26590,#26591,#26592,#26593,#26594,#26595,#26596,#26597,#26598,#26599,#26600,#26601,#26602,#26603,#26604,#26605,#26606,#26607,#26608,#26609,#26610,#26611,#26612,#26613,#26614,#26615,#26616,#26617,#26618,#26619,#26620,#26621,#26622,#26623),$);
#26626=IFCSHAPEREPRESENTATION(#15,'Body','Tessellation',(#26625));
#26628=IFCCARTESIANPOINT((0.,0.,0.));
#26629=IFCBOUNDINGBOX(#26628,4.89999961853027,1.,2.25);
#26630=IFCSHAPEREPRESENTATION(#17,'Box','BoundingBox',(#26629));
#26631=IFCCARTESIANPOINT((0.,0.,0.));
#26632=IFCDIRECTION((1.,0.,0.));
#26633=IFCDIRECTION((0.,0.,1.));
#26634=IFCAXIS2PLACEMENT3D(#26631,#26633,#26632);
#26635=IFCREPRESENTATIONMAP(#26634,#26630);
#26636=IFCCARTESIANPOINT((0.,0.,0.));
#26637=IFCDIRECTION((1.,0.,0.));
#26638=IFCDIRECTION((0.,1.,0.));
#26639=IFCDIRECTION((0.,0.,1.));
#26640=IFCCARTESIANTRANSFORMATIONOPERATOR3D(#26637,#26638,#26636,1.,#26639);
#26641=IFCMAPPEDITEM(#26635,#26640);
#26642=IFCSHAPEREPRESENTATION(#17,'Box','MappedRepresentation',(#26641));
#26728=IFCCARTESIANPOINT((15.6922540664673,32.7355117797852,-1.00000011920929));
#26729=IFCDIRECTION((0.,0.,1.));
#26730=IFCDIRECTION((-0.331205110148687,-0.943558781958706,0.));
#26731=IFCAXIS2PLACEMENT3D(#26728,#26729,#26730);
#26732=IFCLOCALPLACEMENT(#66,#26731);
#26733=IFCCARTESIANPOINT((19.9048461914062,7.65229034423828,-1.00000011920929));
#26734=IFCDIRECTION((0.,0.,1.));
#26735=IFCDIRECTION((0.142016325134887,0.989864315648959,0.));
#26736=IFCAXIS2PLACEMENT3D(#26733,#26734,#26735);
#26737=IFCLOCALPLACEMENT(#66,#26736);
#26738=IFCCARTESIANPOINT((7.91682100296021,9.39238739013672,-1.00000011920929));
#26739=IFCDIRECTION((0.,0.,1.));
#26740=IFCDIRECTION((0.989628912846797,-0.1436475369008,0.));
#26741=IFCAXIS2PLACEMENT3D(#26738,#26739,#26740);
#26742=IFCLOCALPLACEMENT(#66,#26741);
#26743=IFCCARTESIANPOINT((10.1589021682739,16.9717388153076,-1.00000011920929));
#26744=IFCDIRECTION((0.,0.,1.));
#26745=IFCDIRECTION((0.980609091646909,-0.195974001794685,0.));
#26746=IFCAXIS2PLACEMENT3D(#26743,#26744,#26745);
#26747=IFCLOCALPLACEMENT(#66,#26746);
#26748=IFCCARTESIANPOINT((10.5927314758301,16.8850383758545,-1.00000011920929));
#26749=IFCDIRECTION((0.,0.,1.));
#26750=IFCDIRECTION((-0.336332470100989,-0.94174331404888,0.));
#26751=IFCAXIS2PLACEMENT3D(#26748,#26749,#26750);
#26752=IFCLOCALPLACEMENT(#66,#26751);
#26753=IFCINDEXEDPOLYGONALFACE((2,1,19,18,17,16,15,14,13,12,11,10,9,8,7,6,5,4,3));
#26754=IFCINDEXEDPOLYGONALFACE((20,21,22,23,24,25,26,27,28,29,30,31,32,33,34,35,36,37,38));
#26755=IFCINDEXEDPOLYGONALFACE((5,6,24,23));
#26756=IFCINDEXEDPOLYGONALFACE((13,14,32,31));
#26757=IFCINDEXEDPOLYGONALFACE((6,7,25,24));
#26758=IFCINDEXEDPOLYGONALFACE((14,15,33,32));
#26759=IFCINDEXEDPOLYGONALFACE((7,8,26,25));
#26760=IFCINDEXEDPOLYGONALFACE((15,16,34,33));
#26761=IFCINDEXEDPOLYGONALFACE((8,9,27,26));
#26762=IFCINDEXEDPOLYGONALFACE((1,2,20,38));
#26763=IFCINDEXEDPOLYGONALFACE((16,17,35,34));
#26764=IFCINDEXEDPOLYGONALFACE((9,10,28,27));
#26765=IFCINDEXEDPOLYGONALFACE((2,3,21,20));
#26766=IFCINDEXEDPOLYGONALFACE((19,38,37));
#26767=IFCINDEXEDPOLYGONALFACE((10,11,29,28));
#26768=IFCINDEXEDPOLYGONALFACE((3,4,22,21));
#26769=IFCINDEXEDPOLYGONALFACE((18,19,37,36));
#26770=IFCINDEXEDPOLYGONALFACE((11,12,30,29));
#26771=IFCINDEXEDPOLYGONALFACE((4,5,23,22));
#26772=IFCINDEXEDPOLYGONALFACE((17,18,36,35));
#26773=IFCINDEXEDPOLYGONALFACE((12,13,31,30));
#26774=IFCINDEXEDPOLYGONALFACE((19,1,38));
#26775=IFCCARTESIANPOINTLIST3D(((0.,0.,0.),(0.,0.,0.149999991059303),(1.,0.,0.149999991059303),(1.,0.,0.299999982118607),(1.29999995231628,0.,0.299999982118607),(1.29999995231628,0.,0.449999988079071),(1.59999990463257,0.,0.449999988079071),(1.59999990463257,0.,0.599999964237213),(1.89999985694885,0.,0.599999964237213),(1.89999985694885,0.,0.749999940395355),(2.19999980926514,0.,0.749999940395355),(2.19999980926514,0.,0.899999916553497),(2.49999976158142,0.,0.899999916553497),(2.49999976158142,0.,1.04999995231628),(2.79999971389771,0.,1.04999995231628),(2.79999971389771,0.,0.949999928474426),(2.93541026115417,0.,0.949999928474426),(1.03541016578674,0.,0.),(0.,0.,0.),(0.,1.,0.149999991059303),(1.,1.,0.149999991059303),(1.,1.,0.299999982118607),(1.29999995231628,1.,0.299999982118607),(1.29999995231628,1.,0.449999988079071),(1.59999990463257,1.,0.449999988079071),(1.59999990463257,1.,0.599999964237213),(1.89999985694885,1.,0.599999964237213),(1.89999985694885,1.,0.749999940395355),(2.19999980926514,1.,0.749999940395355),(2.19999980926514,1.,0.899999916553497),(2.49999976158142,1.,0.899999916553497),(2.49999976158142,1.,1.04999995231628),(2.79999971389771,1.,1.04999995231628),(2.79999971389771,1.,0.949999928474426),(2.93541026115417,1.,0.949999928474426),(1.03541016578674,1.,0.),(0.,1.,0.),(0.,1.,0.)),$);
#26776=IFCPOLYGONALFACESET(#26775,.T.,(#26753,#26754,#26755,#26756,#26757,#26758,#26759,#26760,#26761,#26762,#26763,#26764,#26765,#26766,#26767,#26768,#26769,#26770,#26771,#26772,#26773,#26774),$);
#26777=IFCSHAPEREPRESENTATION(#15,'Body','Tessellation',(#26776));
#26779=IFCCARTESIANPOINT((0.,0.,0.));
#26780=IFCBOUNDINGBOX(#26779,2.93541026115417,1.,1.04999995231628);
#26781=IFCSHAPEREPRESENTATION(#17,'Box','BoundingBox',(#26780));
#26782=IFCCARTESIANPOINT((0.,0.,0.));
#26783=IFCDIRECTION((1.,0.,0.));
#26784=IFCDIRECTION((0.,0.,1.));
#26785=IFCAXIS2PLACEMENT3D(#26782,#26784,#26783);
#26786=IFCREPRESENTATIONMAP(#26785,#26781);
#26787=IFCCARTESIANPOINT((0.,0.,0.));
#26788=IFCDIRECTION((1.,0.,0.));
#26789=IFCDIRECTION((0.,1.,0.));
#26790=IFCDIRECTION((0.,0.,1.));
#26791=IFCCARTESIANTRANSFORMATIONOPERATOR3D(#26788,#26789,#26787,1.,#26790);
#26792=IFCMAPPEDITEM(#26786,#26791);
#26793=IFCSHAPEREPRESENTATION(#17,'Box','MappedRepresentation',(#26792));
#26794=IFCRELCONNECTSPATHELEMENTS('2x6YS0KQn5QvUzb5rMXOWf',$,$,$,$,#25544,#9751,(),(),.ATPATH.,.ATSTART.);
#26795=IFCCARTESIANPOINTLIST2D(((0.199999999999955,0.),(0.1999997391385,0.2),(2.69999950796062,0.2),(2.69999966010649,0.)),$);
#26796=IFCINDEXEDPOLYCURVE(#26795,(IFCLINEINDEX((1,2,3,4,1))),$);
#26797=IFCARBITRARYCLOSEDPROFILEDEF(.AREA.,$,#26796);
#26798=IFCCARTESIANPOINT((0.,0.,0.));
#26799=IFCDIRECTION((0.,0.,1.));
#26800=IFCDIRECTION((1.,0.,0.));
#26801=IFCAXIS2PLACEMENT3D(#26798,#26799,#26800);
#26802=IFCDIRECTION((0.,0.,1.));
#26803=IFCEXTRUDEDAREASOLID(#26797,#26801,#26802,3.);
#26804=IFCSHAPEREPRESENTATION(#15,'Body','SweptSolid',(#26803));
#26805=IFCCARTESIANPOINTLIST2D(((0.,0.),(2.69999966010649,9.37114748467138E-07)),$);
#26806=IFCINDEXEDPOLYCURVE(#26805,$,$);
#26807=IFCSHAPEREPRESENTATION(#27,'Axis','Curve2D',(#26806));
#26845=IFCCARTESIANPOINTLIST2D(((0.,0.),(-1.83272649964365E-08,0.2),(3.94825792312622,0.2),(3.94825792312622,0.)),$);
#26846=IFCINDEXEDPOLYCURVE(#26845,(IFCLINEINDEX((1,2,3,4,1))),$);
#26847=IFCARBITRARYCLOSEDPROFILEDEF(.AREA.,$,#26846);
#26848=IFCCARTESIANPOINT((0.,0.,0.));
#26849=IFCDIRECTION((0.,0.,1.));
#26850=IFCDIRECTION((1.,0.,0.));
#26851=IFCAXIS2PLACEMENT3D(#26848,#26849,#26850);
#26852=IFCDIRECTION((0.,0.,1.));
#26853=IFCEXTRUDEDAREASOLID(#26847,#26851,#26852,3.);
#26854=IFCSHAPEREPRESENTATION(#15,'Body','SweptSolid',(#26853));
#26855=IFCCARTESIANPOINTLIST2D(((0.,0.),(3.94825792312622,0.)),$);
#26856=IFCINDEXEDPOLYCURVE(#26855,$,$);
#26857=IFCSHAPEREPRESENTATION(#27,'Axis','Curve2D',(#26856));
#26858=IFCCARTESIANPOINT((33.9905891418457,32.7233009338379,3.65000081062317));
#26859=IFCDIRECTION((0.,0.,1.));
#26860=IFCDIRECTION((3.13916473260163E-07,0.999999999999951,0.));
#26861=IFCAXIS2PLACEMENT3D(#26858,#26859,#26860);
#26862=IFCLOCALPLACEMENT(#9700,#26861);
#26873=IFCCARTESIANPOINT((0.5149116516113,1.61639249540713E-07,0.));
#26874=IFCDIRECTION((0.,0.,1.));
#26875=IFCDIRECTION((1.,0.,0.));
#26876=IFCAXIS2PLACEMENT3D(#26873,#26874,#26875);
#26877=IFCLOCALPLACEMENT(#26862,#26876);
#26878=IFCCARTESIANPOINT((-1.4210854715202E-14,-7.105427357601E-15,0.));
#26879=IFCDIRECTION((0.,0.,1.));
#26880=IFCDIRECTION((1.,0.,0.));
#26881=IFCAXIS2PLACEMENT3D(#26878,#26879,#26880);
#26882=IFCLOCALPLACEMENT(#26877,#26881);
#26888=IFCCARTESIANPOINT((31.8363380432129,30.2899570465088,3.65000081062317));
#26889=IFCDIRECTION((0.,0.,1.));
#26890=IFCDIRECTION((3.13916473260163E-07,0.999999999999951,0.));
#26891=IFCAXIS2PLACEMENT3D(#26888,#26889,#26890);
#26892=IFCLOCALPLACEMENT(#9700,#26891);
#26893=IFCRELCONNECTSPATHELEMENTS('22Y8HZAe51Eez6sr36MHAb',$,$,$,$,#25569,#9726,(),(),.ATPATH.,.ATEND.);
#26894=IFCCARTESIANPOINTLIST2D(((0.,0.),(0.,0.2),(3.94825621766044,0.2),(3.94825630188001,0.)),$);
#26895=IFCINDEXEDPOLYCURVE(#26894,(IFCLINEINDEX((1,2,3,4,1))),$);
#26896=IFCARBITRARYCLOSEDPROFILEDEF(.AREA.,$,#26895);
#26897=IFCCARTESIANPOINT((0.,0.,0.));
#26898=IFCDIRECTION((0.,0.,1.));
#26899=IFCDIRECTION((1.,0.,0.));
#26900=IFCAXIS2PLACEMENT3D(#26897,#26898,#26899);
#26901=IFCDIRECTION((0.,0.,1.));
#26902=IFCEXTRUDEDAREASOLID(#26896,#26900,#26901,3.);
#26903=IFCSHAPEREPRESENTATION(#15,'Body','SweptSolid',(#26902));
#26904=IFCCARTESIANPOINTLIST2D(((0.,0.),(4.14825630188002,-7.54501080127599E-07)),$);
#26905=IFCINDEXEDPOLYCURVE(#26904,$,$);
#26906=IFCSHAPEREPRESENTATION(#27,'Axis','Curve2D',(#26905));
#26907=IFCCARTESIANPOINTLIST2D(((0.200000000000003,0.),(3.25841341464168E-08,0.2),(4.70000079552346,0.2),(4.90000076293933,0.)),$);
#26908=IFCINDEXEDPOLYCURVE(#26907,(IFCLINEINDEX((1,2,3,4,1))),$);
#26909=IFCARBITRARYCLOSEDPROFILEDEF(.AREA.,$,#26908);
#26910=IFCCARTESIANPOINT((0.,0.,0.));
#26911=IFCDIRECTION((0.,0.,1.));
#26912=IFCDIRECTION((1.,0.,0.));
#26913=IFCAXIS2PLACEMENT3D(#26910,#26911,#26912);
#26914=IFCDIRECTION((0.,0.,1.));
#26915=IFCEXTRUDEDAREASOLID(#26909,#26913,#26914,3.);
#26916=IFCSHAPEREPRESENTATION(#15,'Body','SweptSolid',(#26915));
#26917=IFCCARTESIANPOINTLIST2D(((0.,0.),(4.70000076293933,1.21343282444286E-06)),$);
#26918=IFCINDEXEDPOLYCURVE(#26917,$,$);
#26919=IFCSHAPEREPRESENTATION(#27,'Axis','Curve2D',(#26918));
#26920=IFCCARTESIANPOINT((31.8363393454189,34.4382133483888,3.65000081062317));
#26921=IFCDIRECTION((0.,0.,1.));
#26922=IFCDIRECTION((-0.999999999999989,1.50995802528085E-07,0.));
#26923=IFCAXIS2PLACEMENT3D(#26920,#26921,#26922);
#26924=IFCLOCALPLACEMENT(#9700,#26923);
#26925=IFCCARTESIANPOINT((31.8363399505615,34.4382133483887,3.65000081062317));
#26926=IFCDIRECTION((0.,0.,1.));
#26927=IFCDIRECTION((3.13916473260163E-07,0.999999999999951,0.));
#26928=IFCAXIS2PLACEMENT3D(#26925,#26926,#26927);
#26929=IFCLOCALPLACEMENT(#9700,#26928);
#26930=IFCCARTESIANPOINT((36.6905937194824,34.4382133483887,3.65000081062317));
#26931=IFCDIRECTION((0.,0.,1.));
#26932=IFCDIRECTION((-0.999999999999989,1.50995802528085E-07,0.));
#26933=IFCAXIS2PLACEMENT3D(#26930,#26931,#26932);
#26934=IFCLOCALPLACEMENT(#9700,#26933);
#26935=IFCRELCONNECTSPATHELEMENTS('13Ql85ZZL7yxCDgxfpUWD$',$,$,$,$,#9801,#9926,(),(),.ATPATH.,.ATEND.);
#26936=IFCCARTESIANPOINTLIST2D(((0.200000000000018,0.),(1.27735399820478E-07,0.2),(4.85425380150483,0.2),(4.8542537689207,0.)),$);
#26937=IFCINDEXEDPOLYCURVE(#26936,(IFCLINEINDEX((1,2,3,4,1))),$);
#26938=IFCARBITRARYCLOSEDPROFILEDEF(.AREA.,$,#26937);
#26939=IFCCARTESIANPOINT((0.,0.,0.));
#26940=IFCDIRECTION((0.,0.,1.));
#26941=IFCDIRECTION((1.,0.,0.));
#26942=IFCAXIS2PLACEMENT3D(#26939,#26940,#26941);
#26943=IFCDIRECTION((0.,0.,1.));
#26944=IFCEXTRUDEDAREASOLID(#26938,#26942,#26943,3.);
#26945=IFCSHAPEREPRESENTATION(#15,'Body','SweptSolid',(#26944));
#26946=IFCCARTESIANPOINTLIST2D(((0.,0.),(4.8542537689207,1.21343282444286E-06)),$);
#26947=IFCINDEXEDPOLYCURVE(#26946,$,$);
#26948=IFCSHAPEREPRESENTATION(#27,'Axis','Curve2D',(#26947));
#26949=IFCCARTESIANPOINTLIST2D(((-0.200000000000011,0.),(-8.42195651025631E-08,0.2),(3.83431506599207,0.2),(3.6343151732879,0.)),$);
#26950=IFCINDEXEDPOLYCURVE(#26949,(IFCLINEINDEX((1,2,3,4,1))),$);
#26951=IFCARBITRARYCLOSEDPROFILEDEF(.AREA.,$,#26950);
#26952=IFCCARTESIANPOINT((0.,0.,0.));
#26953=IFCDIRECTION((0.,0.,1.));
#26954=IFCDIRECTION((1.,0.,0.));
#26955=IFCAXIS2PLACEMENT3D(#26952,#26953,#26954);
#26956=IFCDIRECTION((0.,0.,1.));
#26957=IFCEXTRUDEDAREASOLID(#26951,#26955,#26956,3.);
#26958=IFCSHAPEREPRESENTATION(#15,'Body','SweptSolid',(#26957));
#26959=IFCCARTESIANPOINTLIST2D(((0.,0.),(3.83431517328792,0.)),$);
#26960=IFCINDEXEDPOLYCURVE(#26959,$,$);
#26961=IFCSHAPEREPRESENTATION(#27,'Axis','Curve2D',(#26960));
#26990=IFCCARTESIANPOINT((36.6905937194824,30.2899570465088,3.65000081062317));
#26991=IFCDIRECTION((0.,0.,1.));
#26992=IFCDIRECTION((3.13916473260163E-07,0.999999999999951,0.));
#26993=IFCAXIS2PLACEMENT3D(#26990,#26991,#26992);
#26994=IFCLOCALPLACEMENT(#9700,#26993);
#27019=IFCCARTESIANPOINTLIST2D(((0.,0.),(0.,0.2),(2.96124792098999,0.2),(2.96124792098999,0.)),$);
#27020=IFCINDEXEDPOLYCURVE(#27019,(IFCLINEINDEX((1,2,3,4,1))),$);
#27021=IFCARBITRARYCLOSEDPROFILEDEF(.AREA.,$,#27020);
#27022=IFCCARTESIANPOINT((0.,0.,0.));
#27023=IFCDIRECTION((0.,0.,1.));
#27024=IFCDIRECTION((1.,0.,0.));
#27025=IFCAXIS2PLACEMENT3D(#27022,#27023,#27024);
#27026=IFCDIRECTION((0.,0.,1.));
#27027=IFCEXTRUDEDAREASOLID(#27021,#27025,#27026,3.);
#27028=IFCSHAPEREPRESENTATION(#15,'Body','SweptSolid',(#27027));
#27029=IFCCARTESIANPOINTLIST2D(((0.,0.),(2.96124792098999,4.34482535638381E-06)),$);
#27030=IFCINDEXEDPOLYCURVE(#27029,$,$);
#27031=IFCSHAPEREPRESENTATION(#27,'Axis','Curve2D',(#27030));
#27032=IFCDOOR('1mJmky3l137wozGjzUgawq',$,'Door',$,$,#27158,#27045,$,$,$,$,$,$);
#27038=IFCCARTESIANPOINT((0.,0.,0.));
#27039=IFCDIRECTION((1.,0.,0.));
#27040=IFCDIRECTION((0.,1.,0.));
#27041=IFCDIRECTION((0.,0.,1.));
#27042=IFCCARTESIANTRANSFORMATIONOPERATOR3D(#27039,#27040,#27038,1.,#27041);
#27043=IFCMAPPEDITEM(#19172,#27042);
#27044=IFCSHAPEREPRESENTATION(#15,'Body','MappedRepresentation',(#27043));
#27045=IFCPRODUCTDEFINITIONSHAPE($,$,(#27044,#27052,#27059));
#27046=IFCCARTESIANPOINT((0.,0.,0.));
#27047=IFCDIRECTION((1.,0.,0.));
#27048=IFCDIRECTION((0.,1.,0.));
#27049=IFCDIRECTION((0.,0.,1.));
#27050=IFCCARTESIANTRANSFORMATIONOPERATOR3D(#27047,#27048,#27046,1.,#27049);
#27051=IFCMAPPEDITEM(#19188,#27050);
#27052=IFCSHAPEREPRESENTATION(#28,'Body','MappedRepresentation',(#27051));
#27053=IFCCARTESIANPOINT((0.,0.,0.));
#27054=IFCDIRECTION((1.,0.,0.));
#27055=IFCDIRECTION((0.,1.,0.));
#27056=IFCDIRECTION((0.,0.,1.));
#27057=IFCCARTESIANTRANSFORMATIONOPERATOR3D(#27054,#27055,#27053,1.,#27056);
#27058=IFCMAPPEDITEM(#19252,#27057);
#27059=IFCSHAPEREPRESENTATION(#19,'Annotation','MappedRepresentation',(#27058));
#27060=IFCCARTESIANPOINT((38.953685760498,30.2899551391602,3.65000081062317));
#27061=IFCDIRECTION((0.,0.,1.));
#27062=IFCDIRECTION((3.13916473260163E-07,0.999999999999951,0.));
#27063=IFCAXIS2PLACEMENT3D(#27060,#27061,#27062);
#27064=IFCLOCALPLACEMENT(#9700,#27063);
#27065=IFCOPENINGELEMENT('0h2nakcej7VvFv_wRnloe8',$,'Opening',$,$,#27084,#27078,$,.OPENING.);
#27071=IFCCARTESIANPOINT((0.,0.,0.));
#27072=IFCDIRECTION((1.,0.,0.));
#27073=IFCDIRECTION((0.,1.,0.));
#27074=IFCDIRECTION((0.,0.,1.));
#27075=IFCCARTESIANTRANSFORMATIONOPERATOR3D(#27072,#27073,#27071,1.,#27074);
#27076=IFCMAPPEDITEM(#19298,#27075);
#27077=IFCSHAPEREPRESENTATION(#15,'Body','MappedRepresentation',(#27076));
#27078=IFCPRODUCTDEFINITIONSHAPE($,$,(#27077));
#27079=IFCRELVOIDSELEMENT('2_hMQeX$n1FPQRUVL9735N',$,$,$,#9951,#27065);
#27080=IFCCARTESIANPOINT((2.94825744628891,9.25506576265889E-07,0.));
#27081=IFCDIRECTION((0.,0.,1.));
#27082=IFCDIRECTION((1.,0.,0.));
#27083=IFCAXIS2PLACEMENT3D(#27080,#27081,#27082);
#27084=IFCLOCALPLACEMENT(#27064,#27083);
#27085=IFCRELFILLSELEMENT('0AQo3ziNT3eBhltE86i72F',$,$,$,#27065,#27032);
#27116=IFCCARTESIANPOINT((42.9787750244141,30.2899532318115,3.65000081062317));
#27117=IFCDIRECTION((0.,0.,1.));
#27118=IFCDIRECTION((3.13916473260163E-07,0.999999999999951,0.));
#27119=IFCAXIS2PLACEMENT3D(#27116,#27117,#27118);
#27120=IFCLOCALPLACEMENT(#9700,#27119);
#27121=IFCWALL('3mSbk54uLF1OrFeDLtb2cF',$,'Wall',$,$,#27122,#27132,$,$);
#27122=IFCLOCALPLACEMENT(#9700,#27123);
#27123=IFCAXIS2PLACEMENT3D(#27124,#27125,#27126);
#27124=IFCCARTESIANPOINT((42.9787750244141,30.2899532318115,3.65000081062317));
#27125=IFCDIRECTION((0.,0.,1.));
#27126=IFCDIRECTION((3.13916473260163E-07,0.999999999999951,0.));
#27127=IFCRELDEFINESBYPROPERTIES('3X9mnX5NfAkPyv2lH9Vzy4',$,$,$,(#27121),#27128);
#27128=IFCPROPERTYSET('1ePP0UwOX6nBaFSW0R95Te',$,'EPset_Parametric',$,(#27129));
#27129=IFCPROPERTYSINGLEVALUE('Engine',$,IFCLABEL('Bonsai.DumbLayer2'),$);
#27130=IFCRELASSOCIATESMATERIAL('3z_Ik5qAj30BANGrWZb3Hd',$,$,$,(#27121),#27131);
#27131=IFCMATERIALLAYERSETUSAGE(#396,.AXIS2.,.POSITIVE.,0.,$);
#27132=IFCPRODUCTDEFINITIONSHAPE($,$,(#27133,#27136));
#27133=IFCSHAPEREPRESENTATION(#27,'Axis','Curve2D',(#27134));
#27134=IFCINDEXEDPOLYCURVE(#27135,$,$);
#27135=IFCCARTESIANPOINTLIST2D(((0.,0.),(4.40448508784049,0.)),$);
#27136=IFCSHAPEREPRESENTATION(#15,'Body','SweptSolid',(#27137));
#27137=IFCEXTRUDEDAREASOLID(#27138,#27141,#27145,3.);
#27138=IFCARBITRARYCLOSEDPROFILEDEF(.AREA.,$,#27139);
#27139=IFCINDEXEDPOLYCURVE(#27140,(IFCLINEINDEX((1,2,3,4,1))),$);
#27140=IFCCARTESIANPOINTLIST2D(((0.,0.),(0.,0.2),(4.404485030253,0.2),(4.20448508784048,0.)),$);
#27141=IFCAXIS2PLACEMENT3D(#27142,#27143,#27144);
#27142=IFCCARTESIANPOINT((0.,0.,0.));
#27143=IFCDIRECTION((0.,0.,1.));
#27144=IFCDIRECTION((1.,0.,0.));
#27145=IFCDIRECTION((0.,0.,1.));
#27146=IFCCARTESIANPOINTLIST2D(((-25.2463626861572,4.34825944900513),(-25.2463626861572,0.),(-19.0463619232178,0.),(-14.1921043395996,0.),(-1.78424453735352,1.33514404296875E-05),(-1.78424453735352,4.60448837280273),(3.18222665786743,4.60448837280273),(3.18222665786743,1.1444091796875E-05),(5.10711002349854,1.1444091796875E-05),(5.10711002349854,4.60448837280273),(5.10710954666138,5.98550605773926),(6.60335540771484,5.98550605773926),(6.60335540771484,11.2692394256592),(-12.0059566497803,11.2692394256592),(-12.0059566497803,10.2646961212158),(-14.1921043395996,10.2646961212158),(-14.1921043395996,8.18257617950439),(-20.5463619232178,8.18257617950439),(-20.5463619232178,4.34825944900513),(-25.2463626861572,4.34825944900513)),$);
#27147=IFCINDEXEDPOLYCURVE(#27146,$,$);
#27148=IFCCARTESIANPOINTLIST2D(((-4.01336145401001,7.26769256591797),(-4.01336288452148,6.26768684387207),(-10.5633583068848,6.26769065856934),(-10.5633583068848,7.26769065856934),(-4.01336145401001,7.26769256591797)),$);
#27149=IFCINDEXEDPOLYCURVE(#27148,$,$);
#27150=IFCARBITRARYPROFILEDEFWITHVOIDS(.AREA.,$,#27147,(#27149));
#27151=IFCCARTESIANPOINTLIST2D(((5.73424243927002,5.98550796508789),(5.73424243927002,1.33514404296875E-05),(-14.1921043395996,0.),(-19.0463619232178,0.),(-23.7463626861572,0.),(-23.7463626861572,4.34825897216797),(-19.0463619232178,4.34825897216797),(-19.0463619232178,8.18257617950439),(-14.1921043395996,8.18257617950439),(-14.1921043395996,10.2646961212158),(-11.929012298584,10.2646961212158),(-11.929012298584,11.2700290679932),(-0.658124446868896,11.2700290679932),(6.70335531234741,11.2700290679932),(6.70335531234741,5.98550796508789),(5.73424243927002,5.98550796508789)),$);
#27152=IFCINDEXEDPOLYCURVE(#27151,$,$);
#27153=IFCARBITRARYCLOSEDPROFILEDEF(.AREA.,$,#27152);
#27154=IFCCARTESIANPOINT((0.,0.,0.));
#27155=IFCDIRECTION((0.,0.,1.));
#27156=IFCDIRECTION((1.,0.,0.));
#27157=IFCAXIS2PLACEMENT3D(#27154,#27155,#27156);
#27158=IFCLOCALPLACEMENT(#27084,#27157);
#27159=IFCCARTESIANPOINT((28.2678108215332,32.138973236084,3.85000061988831));
#27160=IFCDIRECTION((0.,0.,1.));
#27161=IFCDIRECTION((0.999999999999972,2.38418579101556E-07,0.));
#27162=IFCAXIS2PLACEMENT3D(#27159,#27160,#27161);
#27163=IFCLOCALPLACEMENT(#9700,#27162);
#27164=IFCCARTESIANPOINT((33.3169784545898,36.0129852294922,3.85000061988831));
#27165=IFCDIRECTION((0.,0.,1.));
#27166=IFCDIRECTION((0.999999999999972,2.38418579101556E-07,0.));
#27167=IFCAXIS2PLACEMENT3D(#27164,#27165,#27166);
#27168=IFCLOCALPLACEMENT(#9700,#27167);
#27169=IFCCARTESIANPOINT((42.6737289428711,32.5099067687988,4.70000058412552));
#27170=IFCDIRECTION((0.,0.,1.));
#27171=IFCDIRECTION((-5.2054855359522E-07,-0.999999999999865,0.));
#27172=IFCAXIS2PLACEMENT3D(#27169,#27170,#27171);
#27173=IFCLOCALPLACEMENT(#2111,#27172);
#27174=IFCCARTESIANPOINT((41.027717590332,34.598331451416,4.70000058412552));
#27175=IFCDIRECTION((0.,0.,1.));
#27176=IFCDIRECTION((0.999999999999424,-1.07288360595641E-06,0.));
#27177=IFCAXIS2PLACEMENT3D(#27174,#27175,#27176);
#27178=IFCLOCALPLACEMENT(#2111,#27177);
#27179=IFCCARTESIANPOINT((41.027717590332,30.3824691772461,4.70000058412552));
#27180=IFCDIRECTION((0.,0.,1.));
#27181=IFCDIRECTION((-0.999999999999947,3.25841369885876E-07,0.));
#27182=IFCAXIS2PLACEMENT3D(#27179,#27180,#27181);
#27183=IFCLOCALPLACEMENT(#2111,#27182);
#27184=IFCCARTESIANPOINT((39.8937606811523,34.598331451416,4.70000058412552));
#27185=IFCDIRECTION((0.,0.,1.));
#27186=IFCDIRECTION((0.999999999999424,-1.07288360595641E-06,0.));
#27187=IFCAXIS2PLACEMENT3D(#27184,#27185,#27186);
#27188=IFCLOCALPLACEMENT(#2111,#27187);
#27189=IFCCARTESIANPOINT((39.851921081543,30.3824691772461,4.70000058412552));
#27190=IFCDIRECTION((0.,0.,1.));
#27191=IFCDIRECTION((-0.999999999999947,3.25841369885876E-07,0.));
#27192=IFCAXIS2PLACEMENT3D(#27189,#27190,#27191);
#27193=IFCLOCALPLACEMENT(#2111,#27192);
#27194=IFCCARTESIANPOINT((31.8287773132324,30.2899570465088,3.64999985694885));
#27195=IFCDIRECTION((0.999999999999959,2.82129974493716E-07,-4.37113882867362E-08));
#27196=IFCDIRECTION((-2.82129974493716E-07,0.999999999999958,-5.96046518808155E-08));
#27197=IFCAXIS2PLACEMENT3D(#27194,#27195,#27196);
#27198=IFCLOCALPLACEMENT(#9700,#27197);
#27199=IFCCARTESIANPOINT((31.8363380432129,33.1369209289551,3.64999985694885));
#27200=IFCDIRECTION((2.384185648907E-07,-0.999999999999969,7.5497901264041E-08));
#27201=IFCDIRECTION((0.99999999999997,2.38418564890701E-07,-5.96046447753888E-08));
#27202=IFCAXIS2PLACEMENT3D(#27199,#27200,#27201);
#27203=IFCLOCALPLACEMENT(#9700,#27202);
#27204=IFCCARTESIANPOINT((36.0611343383789,30.3269309997559,4.49450016021729));
#27205=IFCDIRECTION((0.,0.,1.));
#27206=IFCDIRECTION((1.,0.,0.));
#27207=IFCAXIS2PLACEMENT3D(#27204,#27205,#27206);
#27208=IFCLOCALPLACEMENT(#9700,#27207);
#27209=IFCCARTESIANPOINT((38.7295036315918,39.5193710327148,4.49450016021729));
#27210=IFCDIRECTION((0.,0.,1.));
#27211=IFCDIRECTION((7.54979012640431E-08,0.999999999999997,0.));
#27212=IFCAXIS2PLACEMENT3D(#27209,#27210,#27211);
#27213=IFCLOCALPLACEMENT(#9700,#27212);
#27214=IFCCARTESIANPOINT((35.294361114502,30.3326892852783,4.49450016021729));
#27215=IFCDIRECTION((0.,0.,1.));
#27216=IFCDIRECTION((-0.999999999999924,3.89414367418765E-07,0.));
#27217=IFCAXIS2PLACEMENT3D(#27214,#27215,#27216);
#27218=IFCLOCALPLACEMENT(#9700,#27217);
#27219=IFCCARTESIANPOINT((38.7237434387207,38.7525978088379,4.49450016021729));
#27220=IFCDIRECTION((0.,0.,1.));
#27221=IFCDIRECTION((7.54979012640431E-08,-0.999999999999997,0.));
#27222=IFCAXIS2PLACEMENT3D(#27219,#27220,#27221);
#27223=IFCLOCALPLACEMENT(#9700,#27222);
#27224=IFCCARTESIANPOINT((34.441047668457,30.334939956665,4.49450016021729));
#27225=IFCDIRECTION((0.,0.,1.));
#27226=IFCDIRECTION((-0.999999999999989,-1.50995802528085E-07,0.));
#27227=IFCAXIS2PLACEMENT3D(#27224,#27225,#27226);
#27228=IFCLOCALPLACEMENT(#9700,#27227);
#27229=IFCCARTESIANPOINT((38.721492767334,37.899284362793,4.49450016021729));
#27230=IFCDIRECTION((0.,0.,1.));
#27231=IFCDIRECTION((3.13916473260163E-07,-0.999999999999951,0.));
#27232=IFCAXIS2PLACEMENT3D(#27229,#27230,#27231);
#27233=IFCLOCALPLACEMENT(#9700,#27232);
#27239=IFCCARTESIANPOINT((43.2104110717773,37.3576431274414,2.10182124376297));
#27240=IFCDIRECTION((0.,0.,1.));
#27241=IFCDIRECTION((-0.999999999999678,-8.02678528088759E-07,0.));
#27242=IFCAXIS2PLACEMENT3D(#27239,#27240,#27241);
#27243=IFCLOCALPLACEMENT(#2111,#27242);
#27244=IFCCARTESIANPOINT((36.6905860900879,38.2725296020508,3.65000081062317));
#27245=IFCDIRECTION((0.,0.,1.));
#27246=IFCDIRECTION((-0.999999999999989,1.50995802528085E-07,0.));
#27247=IFCAXIS2PLACEMENT3D(#27244,#27245,#27246);
#27248=IFCLOCALPLACEMENT(#9700,#27247);
#27249=IFCCARTESIANPOINT((36.6905937194824,34.4382133483887,3.65000081062317));
#27250=IFCDIRECTION((0.,0.,1.));
#27251=IFCDIRECTION((3.13916473260163E-07,0.999999999999951,0.));
#27252=IFCAXIS2PLACEMENT3D(#27249,#27250,#27251);
#27253=IFCLOCALPLACEMENT(#9700,#27252);
#27254=IFCCARTESIANPOINT((38.8767395019531,40.3546524047852,3.65000081062317));
#27255=IFCDIRECTION((0.,0.,1.));
#27256=IFCDIRECTION((-0.999999999999989,1.50995802528085E-07,0.));
#27257=IFCAXIS2PLACEMENT3D(#27254,#27255,#27256);
#27258=IFCLOCALPLACEMENT(#9700,#27257);
#27259=IFCCARTESIANPOINT((48.8984565734863,30.2899532318115,3.65000081062317));
#27260=IFCDIRECTION((0.,0.,1.));
#27261=IFCDIRECTION((3.13916473260163E-07,0.999999999999951,0.));
#27262=IFCAXIS2PLACEMENT3D(#27259,#27260,#27261);
#27263=IFCLOCALPLACEMENT(#9700,#27262);
#27264=IFCCARTESIANPOINT((53.8649291992188,30.2899532318115,3.65000081062317));
#27265=IFCDIRECTION((0.,0.,1.));
#27266=IFCDIRECTION((3.13916473260163E-07,0.999999999999951,0.));
#27267=IFCAXIS2PLACEMENT3D(#27264,#27265,#27266);
#27268=IFCLOCALPLACEMENT(#9700,#27267);
#27269=IFCCARTESIANPOINT((53.8649253845215,34.6944389343262,3.65000081062317));
#27270=IFCDIRECTION((0.,0.,1.));
#27271=IFCDIRECTION((-0.999999999999989,1.50995802528085E-07,0.));
#27272=IFCAXIS2PLACEMENT3D(#27269,#27270,#27271);
#27273=IFCLOCALPLACEMENT(#9700,#27272);
#27274=IFCCARTESIANPOINT((48.8984565734863,34.6944389343262,3.65000081062317));
#27275=IFCDIRECTION((0.,0.,1.));
#27276=IFCDIRECTION((3.13916473260163E-07,0.999999999999951,0.));
#27277=IFCAXIS2PLACEMENT3D(#27274,#27275,#27276);
#27278=IFCLOCALPLACEMENT(#9700,#27277);
#27279=IFCCARTESIANPOINT((50.5984573364258,34.6944389343262,3.65000081062317));
#27280=IFCDIRECTION((0.,0.,1.));
#27281=IFCDIRECTION((3.13916473260163E-07,0.999999999999951,0.));
#27282=IFCAXIS2PLACEMENT3D(#27279,#27280,#27281);
#27283=IFCLOCALPLACEMENT(#9700,#27282);
#27284=IFCCARTESIANPOINT((33.990592956543,30.2899570465088,3.65000081062317));
#27285=IFCDIRECTION((0.,0.,1.));
#27286=IFCDIRECTION((3.13916473260163E-07,0.999999999999951,0.));
#27287=IFCAXIS2PLACEMENT3D(#27284,#27285,#27286);
#27288=IFCLOCALPLACEMENT(#9700,#27287);
#27289=IFCCARTESIANPOINT((27.1363372802734,30.2899570465088,3.65000081062317));
#27290=IFCDIRECTION((0.,0.,1.));
#27291=IFCDIRECTION((3.13916473260163E-07,0.999999999999951,0.));
#27292=IFCAXIS2PLACEMENT3D(#27289,#27290,#27291);
#27293=IFCLOCALPLACEMENT(#9700,#27292);
#27294=IFCCARTESIANPOINT((36.6905937194824,30.2899570465088,3.65000081062317));
#27295=IFCDIRECTION((0.,0.,1.));
#27296=IFCDIRECTION((-0.999999999999989,1.50995802528085E-07,0.));
#27297=IFCAXIS2PLACEMENT3D(#27294,#27295,#27296);
#27298=IFCLOCALPLACEMENT(#9700,#27297);
#27299=IFCCARTESIANPOINT((53.8649291992188,30.2899532318115,3.65000081062317));
#27300=IFCDIRECTION((0.,0.,1.));
#27301=IFCDIRECTION((-0.999999999999989,1.50995802528085E-07,0.));
#27302=IFCAXIS2PLACEMENT3D(#27299,#27300,#27301);
#27303=IFCLOCALPLACEMENT(#9700,#27302);
#27304=IFCCARTESIANPOINT((36.6905899047852,32.3187980651855,3.65000081062317));
#27305=IFCDIRECTION((0.,0.,1.));
#27306=IFCDIRECTION((-0.999999999999989,1.50995802528085E-07,0.));
#27307=IFCAXIS2PLACEMENT3D(#27304,#27305,#27306);
#27308=IFCLOCALPLACEMENT(#9700,#27307);
#27309=IFCCARTESIANPOINT((38.975757598877,34.4382133483887,3.65000081062317));
#27310=IFCDIRECTION((0.,0.,1.));
#27311=IFCDIRECTION((-0.999999999999989,1.50995802528085E-07,0.));
#27312=IFCAXIS2PLACEMENT3D(#27309,#27310,#27311);
#27313=IFCLOCALPLACEMENT(#9700,#27312);
#27314=IFCCARTESIANPOINT((38.8767395019531,37.1725273132324,3.65000081062317));
#27315=IFCDIRECTION((0.,0.,1.));
#27316=IFCDIRECTION((-0.999999999999989,1.50995802528085E-07,0.));
#27317=IFCAXIS2PLACEMENT3D(#27314,#27315,#27316);
#27318=IFCLOCALPLACEMENT(#9700,#27317);
#27319=IFCCARTESIANPOINT((38.975757598877,34.4382133483887,3.65000081062317));
#27320=IFCDIRECTION((0.,0.,1.));
#27321=IFCDIRECTION((3.13916473260163E-07,0.999999999999951,0.));
#27322=IFCAXIS2PLACEMENT3D(#27319,#27320,#27321);
#27323=IFCLOCALPLACEMENT(#9700,#27322);
#27324=IFCCARTESIANPOINT((50.5984573364258,37.578052520752,3.65000081062317));
#27325=IFCDIRECTION((0.,0.,1.));
#27326=IFCDIRECTION((-0.999999999999989,1.50995802528085E-07,0.));
#27327=IFCAXIS2PLACEMENT3D(#27324,#27325,#27326);
#27328=IFCLOCALPLACEMENT(#9700,#27327);
#27333=IFCDOCUMENTINFORMATION('A01','UNTITLED',$,$,$,$,'SHEET',$,$,$,$,$,$,$,$,$,$);
#27334=IFCRELASSOCIATESDOCUMENT('37vs5PU$r88vTCG2rmpuvG',$,$,$,(#1),#27333);
#27335=IFCDOCUMENTREFERENCE('layouts/A01 - UNTITLED.svg','X',$,'LAYOUT',#27333);
#27336=IFCDOCUMENTREFERENCE('layouts/titleblocks/A1.svg','X',$,'TITLEBLOCK',#27333);
#27337=IFCANNOTATION('1oXVTIJqD9RAX5rf89hVXv',$,'GF PLAN Detailed',$,'DRAWING',#28200,#27359,.TEXT.);
#27343=IFCRELDEFINESBYPROPERTIES('1f74h35$5C2O8fygHFN7UY',$,$,$,(#27337),#27344);
#27344=IFCPROPERTYSET('1D1NJpKwD8ZufcvjcKN0pw',$,'EPset_Drawing',$,(#27345,#27346,#27347,#27348,#27349,#27350,#27351,#27352,#27353,#27354,#27355,#27356,#27357,#27358));
#27345=IFCPROPERTYSINGLEVALUE('TargetView',$,IFCLABEL('PLAN_VIEW'),$);
#27346=IFCPROPERTYSINGLEVALUE('Scale',$,IFCLABEL('1/75'),$);
#27347=IFCPROPERTYSINGLEVALUE('HumanScale',$,IFCLABEL('1:75'),$);
#27348=IFCPROPERTYSINGLEVALUE('HasUnderlay',$,IFCBOOLEAN(.F.),$);
#27349=IFCPROPERTYSINGLEVALUE('HasLinework',$,IFCBOOLEAN(.T.),$);
#27350=IFCPROPERTYSINGLEVALUE('HasAnnotation',$,IFCBOOLEAN(.T.),$);
#27351=IFCPROPERTYSINGLEVALUE('GlobalReferencing',$,IFCBOOLEAN(.T.),$);
#27352=IFCPROPERTYSINGLEVALUE('Stylesheet',$,IFCTEXT('drawings/assets/concept.css'),$);
#27353=IFCPROPERTYSINGLEVALUE('Markers',$,IFCTEXT('drawings/assets/markers.svg'),$);
#27354=IFCPROPERTYSINGLEVALUE('Symbols',$,IFCTEXT('drawings/assets/symbols.svg'),$);
#27355=IFCPROPERTYSINGLEVALUE('Patterns',$,IFCTEXT('drawings/assets/patterns.svg'),$);
#27356=IFCPROPERTYSINGLEVALUE('ShadingStyles',$,IFCTEXT('drawings/assets/shading_styles.json'),$);
#27357=IFCPROPERTYSINGLEVALUE('CurrentShadingStyle',$,IFCLABEL('Blender Default'),$);
#27358=IFCPROPERTYSINGLEVALUE('Exclude',$,IFCTEXT('2G7_FUH1TFnfA2p0BceQCt + 2Zil23m4f9XQVsZgbnt9_L + type="WAL100"'),$);
#27359=IFCPRODUCTDEFINITIONSHAPE($,$,(#28251));
#27365=IFCGROUP('3wV8CkAV9CTgpYmDJa$d7f',$,'GF PLAN Detailed',$,'DRAWING');
#27366=IFCRELASSIGNSTOGROUP('0aeTEZ2XXAjOZJZ1izfDMr',$,$,$,(#27740,#27686,#27849,#27795,#27632,#27578,#27713,#27876,#27524,#27470,#27337,#27416,#27767,#27822,#27659,#27605,#27551,#27497,#27443,#28509),$,#27365);
#27367=IFCDOCUMENTINFORMATION('X','GF PLAN Detailed',$,$,$,$,'DRAWING',$,$,$,$,$,$,$,$,$,$);
#27368=IFCRELASSOCIATESDOCUMENT('3lApS6flPE2Boo8nXKmRtT',$,$,$,(#1),#27367);
#27369=IFCDOCUMENTREFERENCE('drawings/GF PLAN Detailed.svg','X',$,$,#27367);
#27370=IFCRELASSOCIATESDOCUMENT('28HNuNY9X5sB3HpLhVVSz$',$,$,$,(#27337),#27369);
#27386=IFCDOCUMENTREFERENCE('drawings/GF PLAN Detailed.svg','1',$,'DRAWING',#27333);
#27387=IFCDOCUMENTREFERENCE('sheets/A01 - UNTITLED.svg','X',$,'SHEET',#27333);
#27408=IFCCARTESIANPOINT((0.,0.,0.));
#27409=IFCDIRECTION((0.,0.,1.));
#27410=IFCDIRECTION((1.,0.,0.));
#27411=IFCAXIS2PLACEMENT3D(#27408,#27409,#27410);
#27412=IFCPLANAREXTENT(1000.,1000.);
#27413=IFCTEXTLITERALWITHEXTENT(' BEDROOM 1',#27411,.RIGHT.,#27412,'bottom-left');
#27414=IFCSHAPEREPRESENTATION(#29,'Annotation','Annotation2D',(#27413));
#27415=IFCPRODUCTDEFINITIONSHAPE($,$,(#27414));
#27416=IFCANNOTATION('2xj8QEyFrEGfHlNc6PKvjf',$,'TEXT',$,$,#27424,#27415,.TEXT.);
#27417=IFCRELDEFINESBYPROPERTIES('115JHwICz8fhYiJMrD_oju',$,$,$,(#27416),#27419);
#27418=IFCPROPERTYSINGLEVALUE('Newline_At',$,IFCINTEGER(0),$);
#27419=IFCPROPERTYSET('1Egu3_uIj1LwyC7HN4P2DD',$,'EPset_Annotation',$,(#27418));
#27420=IFCCARTESIANPOINT((33.4212646484375,35.8481025695801,0.449999988079071));
#27421=IFCDIRECTION((0.,0.,1.));
#27422=IFCDIRECTION((1.,0.,0.));
#27423=IFCAXIS2PLACEMENT3D(#27420,#27421,#27422);
#27424=IFCLOCALPLACEMENT($,#27423);
#27435=IFCCARTESIANPOINT((0.,0.,0.));
#27436=IFCDIRECTION((0.,0.,1.));
#27437=IFCDIRECTION((1.,0.,0.));
#27438=IFCAXIS2PLACEMENT3D(#27435,#27436,#27437);
#27439=IFCPLANAREXTENT(1000.,1000.);
#27440=IFCTEXTLITERALWITHEXTENT('PANTRY AREA',#27438,.RIGHT.,#27439,'bottom-left');
#27441=IFCSHAPEREPRESENTATION(#29,'Annotation','Annotation2D',(#27440));
#27442=IFCPRODUCTDEFINITIONSHAPE($,$,(#27441));
#27443=IFCANNOTATION('0PcJeiZ7rBkQOcfYlUK7Wv',$,'TEXT',$,$,#27451,#27442,.TEXT.);
#27444=IFCRELDEFINESBYPROPERTIES('3gUp6LfR98Gewh77kkZeVP',$,$,$,(#27443),#27446);
#27445=IFCPROPERTYSINGLEVALUE('Newline_At',$,IFCINTEGER(0),$);
#27446=IFCPROPERTYSET('2g1GvkeD14Gey0VXBUleQy',$,'EPset_Annotation',$,(#27445));
#27447=IFCCARTESIANPOINT((45.916919708252,39.7971954345703,0.449999868869781));
#27448=IFCDIRECTION((0.,0.,1.));
#27449=IFCDIRECTION((1.,0.,0.));
#27450=IFCAXIS2PLACEMENT3D(#27447,#27448,#27449);
#27451=IFCLOCALPLACEMENT($,#27450);
#27462=IFCCARTESIANPOINT((0.,0.,0.));
#27463=IFCDIRECTION((0.,0.,1.));
#27464=IFCDIRECTION((1.,0.,0.));
#27465=IFCAXIS2PLACEMENT3D(#27462,#27463,#27464);
#27466=IFCPLANAREXTENT(1000.,1000.);
#27467=IFCTEXTLITERALWITHEXTENT('LAUNDARY AREA',#27465,.RIGHT.,#27466,'bottom-left');
#27468=IFCSHAPEREPRESENTATION(#29,'Annotation','Annotation2D',(#27467));
#27469=IFCPRODUCTDEFINITIONSHAPE($,$,(#27468));
#27470=IFCANNOTATION('2_0o_v9Bf0dena6HdnzRFS',$,'TEXT',$,$,#27478,#27469,.TEXT.);
#27471=IFCRELDEFINESBYPROPERTIES('1_kOFtIGf8ZQNw$PO3SZn5',$,$,$,(#27470),#27473);
#27472=IFCPROPERTYSINGLEVALUE('Newline_At',$,IFCINTEGER(0),$);
#27473=IFCPROPERTYSET('0OnABpqPD1u99D3KFFguqr',$,'EPset_Annotation',$,(#27472));
#27474=IFCCARTESIANPOINT((37.7365112304688,32.6146697998047,0.449999988079071));
#27475=IFCDIRECTION((0.,0.,1.));
#27476=IFCDIRECTION((1.,0.,0.));
#27477=IFCAXIS2PLACEMENT3D(#27474,#27475,#27476);
#27478=IFCLOCALPLACEMENT($,#27477);
#27489=IFCCARTESIANPOINT((0.,0.,0.));
#27490=IFCDIRECTION((0.,0.,1.));
#27491=IFCDIRECTION((1.,0.,0.));
#27492=IFCAXIS2PLACEMENT3D(#27489,#27490,#27491);
#27493=IFCPLANAREXTENT(1000.,1000.);
#27494=IFCTEXTLITERALWITHEXTENT('PRYER ROOM',#27492,.RIGHT.,#27493,'bottom-left');
#27495=IFCSHAPEREPRESENTATION(#29,'Annotation','Annotation2D',(#27494));
#27496=IFCPRODUCTDEFINITIONSHAPE($,$,(#27495));
#27497=IFCANNOTATION('3AfyJefI50cx840xrrz2J6',$,'TEXT',$,$,#27505,#27496,.TEXT.);
#27498=IFCRELDEFINESBYPROPERTIES('3O1fEjyEP30gysNQm$PZf9',$,$,$,(#27497),#27500);
#27499=IFCPROPERTYSINGLEVALUE('Newline_At',$,IFCINTEGER(0),$);
#27500=IFCPROPERTYSET('1u$Ar6c6nDjf0W3qJ3Cfw4',$,'EPset_Annotation',$,(#27499,#28508));
#27501=IFCCARTESIANPOINT((43.1560668945312,32.0292625427246,1.34323513507843));
#27502=IFCDIRECTION((0.,0.,1.));
#27503=IFCDIRECTION((1.,0.,0.));
#27504=IFCAXIS2PLACEMENT3D(#27501,#27502,#27503);
#27505=IFCLOCALPLACEMENT($,#27504);
#27516=IFCCARTESIANPOINT((0.,0.,0.));
#27517=IFCDIRECTION((0.,0.,1.));
#27518=IFCDIRECTION((1.,0.,0.));
#27519=IFCAXIS2PLACEMENT3D(#27516,#27517,#27518);
#27520=IFCPLANAREXTENT(1000.,1000.);
#27521=IFCTEXTLITERALWITHEXTENT('ABLUSION SPACE',#27519,.RIGHT.,#27520,'bottom-left');
#27522=IFCSHAPEREPRESENTATION(#29,'Annotation','Annotation2D',(#27521));
#27523=IFCPRODUCTDEFINITIONSHAPE($,$,(#27522));
#27524=IFCANNOTATION('1bzpQvkX15H9eNSYPSmPwG',$,'TEXT',$,$,#27532,#27523,.TEXT.);
#27525=IFCRELDEFINESBYPROPERTIES('2pnhEsRmX7OA4sfrg5arZj',$,$,$,(#27524),#27527);
#27526=IFCPROPERTYSINGLEVALUE('Newline_At',$,IFCINTEGER(0),$);
#27527=IFCPROPERTYSET('2Uka3r9ZLFZQcMVBE58Ebw',$,'EPset_Annotation',$,(#27526));
#27528=IFCCARTESIANPOINT((45.5684432983398,31.6927471160889,0.449999988079071));
#27529=IFCDIRECTION((0.,0.,1.));
#27530=IFCDIRECTION((1.,0.,0.));
#27531=IFCAXIS2PLACEMENT3D(#27528,#27529,#27530);
#27532=IFCLOCALPLACEMENT($,#27531);
#27543=IFCCARTESIANPOINT((0.,0.,0.));
#27544=IFCDIRECTION((0.,0.,1.));
#27545=IFCDIRECTION((1.,0.,0.));
#27546=IFCAXIS2PLACEMENT3D(#27543,#27544,#27545);
#27547=IFCPLANAREXTENT(1000.,1000.);
#27548=IFCTEXTLITERALWITHEXTENT('BED  1 TOILET',#27546,.RIGHT.,#27547,'bottom-left');
#27549=IFCSHAPEREPRESENTATION(#29,'Annotation','Annotation2D',(#27548));
#27550=IFCPRODUCTDEFINITIONSHAPE($,$,(#27549));
#27551=IFCANNOTATION('1q6VNQTlf9KvY$sRq0_7qV',$,'TEXT',$,$,#27559,#27550,.TEXT.);
#27552=IFCRELDEFINESBYPROPERTIES('1X8$r$NlL4uwJwPNBcQdtM',$,$,$,(#27551),#27554);
#27553=IFCPROPERTYSINGLEVALUE('Newline_At',$,IFCINTEGER(0),$);
#27554=IFCPROPERTYSET('2yIsOIpln24BdA4s1HK6zx',$,'EPset_Annotation',$,(#27553));
#27555=IFCCARTESIANPOINT((37.2197341918945,38.943359375,0.));
#27556=IFCDIRECTION((0.,0.,1.));
#27557=IFCDIRECTION((1.,0.,0.));
#27558=IFCAXIS2PLACEMENT3D(#27555,#27556,#27557);
#27559=IFCLOCALPLACEMENT($,#27558);
#27570=IFCCARTESIANPOINT((0.,0.,0.));
#27571=IFCDIRECTION((0.,0.,1.));
#27572=IFCDIRECTION((1.,0.,0.));
#27573=IFCAXIS2PLACEMENT3D(#27570,#27571,#27572);
#27574=IFCPLANAREXTENT(1000.,1000.);
#27575=IFCTEXTLITERALWITHEXTENT('COMMON TOILET',#27573,.RIGHT.,#27574,'bottom-left');
#27576=IFCSHAPEREPRESENTATION(#29,'Annotation','Annotation2D',(#27575));
#27577=IFCPRODUCTDEFINITIONSHAPE($,$,(#27576));
#27578=IFCANNOTATION('1fmIIxoGX3UulWt80AcvOG',$,'TEXT',$,$,#27586,#27577,.TEXT.);
#27579=IFCRELDEFINESBYPROPERTIES('0xhmIyoCXEquCobhfICPxZ',$,$,$,(#27578),#27581);
#27580=IFCPROPERTYSINGLEVALUE('Newline_At',$,IFCINTEGER(0),$);
#27581=IFCPROPERTYSET('2_VmiJh3LDi9C6jFb8zOTk',$,'EPset_Annotation',$,(#27580,#27886));
#27582=IFCCARTESIANPOINT((47.4742012023926,30.9343338012695,0.449999988079071));
#27583=IFCDIRECTION((0.,0.,1.));
#27584=IFCDIRECTION((1.,0.,0.));
#27585=IFCAXIS2PLACEMENT3D(#27582,#27583,#27584);
#27586=IFCLOCALPLACEMENT($,#27585);
#27597=IFCCARTESIANPOINT((0.,0.,0.));
#27598=IFCDIRECTION((0.,0.,1.));
#27599=IFCDIRECTION((1.,0.,0.));
#27600=IFCAXIS2PLACEMENT3D(#27597,#27598,#27599);
#27601=IFCPLANAREXTENT(1000.,1000.);
#27602=IFCTEXTLITERALWITHEXTENT('WORK AREA',#27600,.RIGHT.,#27601,'bottom-left');
#27603=IFCSHAPEREPRESENTATION(#29,'Annotation','Annotation2D',(#27602));
#27604=IFCPRODUCTDEFINITIONSHAPE($,$,(#27603));
#27605=IFCANNOTATION('21S$xSGmz4PAk13yXuaZ$a',$,'TEXT',$,$,#27613,#27604,.TEXT.);
#27606=IFCRELDEFINESBYPROPERTIES('2yAbO1_oD50R$ve_tsR0Jp',$,$,$,(#27605),#27608);
#27607=IFCPROPERTYSINGLEVALUE('Newline_At',$,IFCINTEGER(0),$);
#27608=IFCPROPERTYSET('2GN3eYhZn6OeTupMZZfwyB',$,'EPset_Annotation',$,(#27607,#28326));
#27609=IFCCARTESIANPOINT((40.2906684875488,32.6043891906738,0.449999988079071));
#27610=IFCDIRECTION((0.,0.,1.));
#27611=IFCDIRECTION((1.,0.,0.));
#27612=IFCAXIS2PLACEMENT3D(#27609,#27610,#27611);
#27613=IFCLOCALPLACEMENT($,#27612);
#27624=IFCCARTESIANPOINT((0.,0.,0.));
#27625=IFCDIRECTION((0.,0.,1.));
#27626=IFCDIRECTION((1.,0.,0.));
#27627=IFCAXIS2PLACEMENT3D(#27624,#27625,#27626);
#27628=IFCPLANAREXTENT(1000.,1000.);
#27629=IFCTEXTLITERALWITHEXTENT('BEDROOM 2 TOILET',#27627,.RIGHT.,#27628,'bottom-left');
#27630=IFCSHAPEREPRESENTATION(#29,'Annotation','Annotation2D',(#27629));
#27631=IFCPRODUCTDEFINITIONSHAPE($,$,(#27630));
#27632=IFCANNOTATION('25SCwRvm1C_ASCywJrr$_p',$,'TEXT',$,$,#27640,#27631,.TEXT.);
#27633=IFCRELDEFINESBYPROPERTIES('2XkXAtH51CIPFGZvERcxzG',$,$,$,(#27632),#27635);
#27634=IFCPROPERTYSINGLEVALUE('Newline_At',$,IFCINTEGER(0),$);
#27635=IFCPROPERTYSET('3QOzL3Z$93wRDA3S5LJTA8',$,'EPset_Annotation',$,(#27634,#28325));
#27636=IFCCARTESIANPOINT((34.9373550415039,31.4812850952148,0.449999988079071));
#27637=IFCDIRECTION((0.,0.,1.));
#27638=IFCDIRECTION((1.,0.,0.));
#27639=IFCAXIS2PLACEMENT3D(#27636,#27637,#27638);
#27640=IFCLOCALPLACEMENT($,#27639);
#27651=IFCCARTESIANPOINT((0.,0.,0.));
#27652=IFCDIRECTION((0.,0.,1.));
#27653=IFCDIRECTION((1.,0.,0.));
#27654=IFCAXIS2PLACEMENT3D(#27651,#27652,#27653);
#27655=IFCPLANAREXTENT(1000.,1000.);
#27656=IFCTEXTLITERALWITHEXTENT('BED  1 DRESS',#27654,.RIGHT.,#27655,'bottom-left');
#27657=IFCSHAPEREPRESENTATION(#29,'Annotation','Annotation2D',(#27656));
#27658=IFCPRODUCTDEFINITIONSHAPE($,$,(#27657));
#27659=IFCANNOTATION('1w0w7NeKfF9RfTMUVCYL6I',$,'TEXT',$,$,#27667,#27658,.TEXT.);
#27660=IFCRELDEFINESBYPROPERTIES('1jLdLvtWr4QxidSMETGT$D',$,$,$,(#27659),#27662);
#27661=IFCPROPERTYSINGLEVALUE('Newline_At',$,IFCINTEGER(0),$);
#27662=IFCPROPERTYSET('3tG$shanvFtgZWuV2$VIP2',$,'EPset_Annotation',$,(#27661));
#27663=IFCCARTESIANPOINT((37.3419342041016,36.2604103088379,0.449999988079071));
#27664=IFCDIRECTION((0.,0.,1.));
#27665=IFCDIRECTION((1.,0.,0.));
#27666=IFCAXIS2PLACEMENT3D(#27663,#27664,#27665);
#27667=IFCLOCALPLACEMENT($,#27666);
#27678=IFCCARTESIANPOINT((0.,0.,0.));
#27679=IFCDIRECTION((0.,0.,1.));
#27680=IFCDIRECTION((1.,0.,0.));
#27681=IFCAXIS2PLACEMENT3D(#27678,#27679,#27680);
#27682=IFCPLANAREXTENT(1000.,1000.);
#27683=IFCTEXTLITERALWITHEXTENT('BEDROOM 2 DRESS',#27681,.RIGHT.,#27682,'bottom-left');
#27684=IFCSHAPEREPRESENTATION(#29,'Annotation','Annotation2D',(#27683));
#27685=IFCPRODUCTDEFINITIONSHAPE($,$,(#27684));
#27686=IFCANNOTATION('3k2UB6GDDAUOeYgAGAqQNQ',$,'TEXT',$,$,#27694,#27685,.TEXT.);
#27687=IFCRELDEFINESBYPROPERTIES('3yJwVhOz98jhisSi$LQ03F',$,$,$,(#27686),#27689);
#27688=IFCPROPERTYSINGLEVALUE('Newline_At',$,IFCINTEGER(0),$);
#27689=IFCPROPERTYSET('0NdXS5xpLE5OTd54slW1I1',$,'EPset_Annotation',$,(#27688,#28324));
#27690=IFCCARTESIANPOINT((32.6269302368164,31.4697875976562,0.449999988079071));
#27691=IFCDIRECTION((0.,0.,1.));
#27692=IFCDIRECTION((1.,0.,0.));
#27693=IFCAXIS2PLACEMENT3D(#27690,#27691,#27692);
#27694=IFCLOCALPLACEMENT($,#27693);
#27705=IFCCARTESIANPOINT((0.,0.,0.));
#27706=IFCDIRECTION((0.,0.,1.));
#27707=IFCDIRECTION((1.,0.,0.));
#27708=IFCAXIS2PLACEMENT3D(#27705,#27706,#27707);
#27709=IFCPLANAREXTENT(1000.,1000.);
#27710=IFCTEXTLITERALWITHEXTENT('KITCHEN',#27708,.RIGHT.,#27709,'bottom-left');
#27711=IFCSHAPEREPRESENTATION(#29,'Annotation','Annotation2D',(#27710));
#27712=IFCPRODUCTDEFINITIONSHAPE($,$,(#27711));
#27713=IFCANNOTATION('09UzMBA2b3hPMiUQsfIU4$',$,'TEXT',$,$,#27721,#27712,.TEXT.);
#27714=IFCRELDEFINESBYPROPERTIES('0$PBJLDJX0mxY$6H$1Y8aa',$,$,$,(#27713),#27716);
#27715=IFCPROPERTYSINGLEVALUE('Newline_At',$,IFCINTEGER(0),$);
#27716=IFCPROPERTYSET('2WEifL7vLCOQ75Q1ArCMkn',$,'EPset_Annotation',$,(#27715));
#27717=IFCCARTESIANPOINT((42.8299560546875,39.2069396972656,0.982703864574432));
#27718=IFCDIRECTION((0.,0.,1.));
#27719=IFCDIRECTION((1.,0.,0.));
#27720=IFCAXIS2PLACEMENT3D(#27717,#27718,#27719);
#27721=IFCLOCALPLACEMENT($,#27720);
#27732=IFCCARTESIANPOINT((0.,0.,0.));
#27733=IFCDIRECTION((0.,0.,1.));
#27734=IFCDIRECTION((1.,0.,0.));
#27735=IFCAXIS2PLACEMENT3D(#27732,#27733,#27734);
#27736=IFCPLANAREXTENT(1000.,1000.);
#27737=IFCTEXTLITERALWITHEXTENT('COMMON WASH  ROOM',#27735,.RIGHT.,#27736,'bottom-left');
#27738=IFCSHAPEREPRESENTATION(#29,'Annotation','Annotation2D',(#27737));
#27739=IFCPRODUCTDEFINITIONSHAPE($,$,(#27738));
#27740=IFCANNOTATION('3Zo$KJXvT4ROH2XYrMX2$t',$,'TEXT',$,$,#27892,#27739,.TEXT.);
#27741=IFCRELDEFINESBYPROPERTIES('11vQ9CYHL7AehbfAL043YR',$,$,$,(#27740),#27743);
#27742=IFCPROPERTYSINGLEVALUE('Newline_At',$,IFCINTEGER(0),$);
#27743=IFCPROPERTYSET('0iqAg$YwLF2fCOaHzbyYiS',$,'EPset_Annotation',$,(#27742,#27887));
#27759=IFCCARTESIANPOINT((0.,0.,0.));
#27760=IFCDIRECTION((0.,0.,1.));
#27761=IFCDIRECTION((1.,0.,0.));
#27762=IFCAXIS2PLACEMENT3D(#27759,#27760,#27761);
#27763=IFCPLANAREXTENT(1000.,1000.);
#27764=IFCTEXTLITERALWITHEXTENT('BED ROOM 2',#27762,.RIGHT.,#27763,'bottom-left');
#27765=IFCSHAPEREPRESENTATION(#29,'Annotation','Annotation2D',(#27764));
#27766=IFCPRODUCTDEFINITIONSHAPE($,$,(#27765));
#27767=IFCANNOTATION('0e8VN$tRX2I8AgKF_wtiEY',$,'TEXT',$,$,#27776,#27766,.TEXT.);
#27768=IFCRELDEFINESBYPROPERTIES('2syZ7G0jjB$QGElZRF1sMb',$,$,$,(#27767),#27771);
#27769=IFCPROPERTYSINGLEVALUE('Newline_At',$,IFCINTEGER(0),$);
#27770=IFCPROPERTYSINGLEVALUE('Classes',$,IFCLABEL('small'),$);
#27771=IFCPROPERTYSET('1lCa6rAi5EvgVK75SWF8b9',$,'EPset_Annotation',$,(#27769,#27770));
#27772=IFCCARTESIANPOINT((28.7375564575195,32.409496307373,0.524450540542603));
#27773=IFCDIRECTION((0.,0.,1.));
#27774=IFCDIRECTION((1.,0.,0.));
#27775=IFCAXIS2PLACEMENT3D(#27772,#27773,#27774);
#27776=IFCLOCALPLACEMENT($,#27775);
#27787=IFCCARTESIANPOINT((0.,0.,0.));
#27788=IFCDIRECTION((0.,0.,1.));
#27789=IFCDIRECTION((1.,0.,0.));
#27790=IFCAXIS2PLACEMENT3D(#27787,#27788,#27789);
#27791=IFCPLANAREXTENT(1000.,1000.);
#27792=IFCTEXTLITERALWITHEXTENT('FAMILY LIVING',#27790,.RIGHT.,#27791,'bottom-left');
#27793=IFCSHAPEREPRESENTATION(#29,'Annotation','Annotation2D',(#27792));
#27794=IFCPRODUCTDEFINITIONSHAPE($,$,(#27793));
#27795=IFCANNOTATION('2D7aH5RTDDuQSkexE8KB72',$,'TEXT',$,$,#27803,#27794,.TEXT.);
#27796=IFCRELDEFINESBYPROPERTIES('1jhs0xJeT8runGQKPIBTs5',$,$,$,(#27795),#27798);
#27797=IFCPROPERTYSINGLEVALUE('Newline_At',$,IFCINTEGER(0),$);
#27798=IFCPROPERTYSET('1ff6UcaJv8K9xw7KkyORTX',$,'EPset_Annotation',$,(#27797));
#27799=IFCCARTESIANPOINT((54.6855430603027,38.8285140991211,0.449999988079071));
#27800=IFCDIRECTION((0.,0.,1.));
#27801=IFCDIRECTION((1.,0.,0.));
#27802=IFCAXIS2PLACEMENT3D(#27799,#27800,#27801);
#27803=IFCLOCALPLACEMENT($,#27802);
#27814=IFCCARTESIANPOINT((0.,0.,0.));
#27815=IFCDIRECTION((0.,0.,1.));
#27816=IFCDIRECTION((1.,0.,0.));
#27817=IFCAXIS2PLACEMENT3D(#27814,#27815,#27816);
#27818=IFCPLANAREXTENT(1000.,1000.);
#27819=IFCTEXTLITERALWITHEXTENT('DINING ROOM',#27817,.RIGHT.,#27818,'bottom-left');
#27820=IFCSHAPEREPRESENTATION(#29,'Annotation','Annotation2D',(#27819));
#27821=IFCPRODUCTDEFINITIONSHAPE($,$,(#27820));
#27822=IFCANNOTATION('1L8zUFo5D7VxKD_rPuQ2DG',$,'TEXT',$,$,#27830,#27821,.TEXT.);
#27823=IFCRELDEFINESBYPROPERTIES('1pR_jIZLDCiRG29UroTa4G',$,$,$,(#27822),#27825);
#27824=IFCPROPERTYSINGLEVALUE('Newline_At',$,IFCINTEGER(0),$);
#27825=IFCPROPERTYSET('0eAAA3$0j3HgNyLPZEe$YG',$,'EPset_Annotation',$,(#27824));
#27826=IFCCARTESIANPOINT((49.6625671386719,39.0937080383301,1.23000001907349));
#27827=IFCDIRECTION((0.,0.,1.));
#27828=IFCDIRECTION((1.,0.,0.));
#27829=IFCAXIS2PLACEMENT3D(#27826,#27827,#27828);
#27830=IFCLOCALPLACEMENT($,#27829);
#27841=IFCCARTESIANPOINT((0.,0.,0.));
#27842=IFCDIRECTION((0.,0.,1.));
#27843=IFCDIRECTION((1.,0.,0.));
#27844=IFCAXIS2PLACEMENT3D(#27841,#27842,#27843);
#27845=IFCPLANAREXTENT(1000.,1000.);
#27846=IFCTEXTLITERALWITHEXTENT('FORMAL  LIVING',#27844,.RIGHT.,#27845,'bottom-left');
#27847=IFCSHAPEREPRESENTATION(#29,'Annotation','Annotation2D',(#27846));
#27848=IFCPRODUCTDEFINITIONSHAPE($,$,(#27847));
#27849=IFCANNOTATION('3fCkQqLODDkgJSZsq1wpMy',$,'TEXT',$,$,#27897,#27848,.TEXT.);
#27850=IFCRELDEFINESBYPROPERTIES('2UnKY_iGDEoQIdPRAGQLNH',$,$,$,(#27849),#27852);
#27851=IFCPROPERTYSINGLEVALUE('Newline_At',$,IFCINTEGER(0),$);
#27852=IFCPROPERTYSET('3uh4bp3OrDcQF$jtQRfuH_',$,'EPset_Annotation',$,(#27851));
#27868=IFCCARTESIANPOINT((0.,0.,0.));
#27869=IFCDIRECTION((0.,0.,1.));
#27870=IFCDIRECTION((1.,0.,0.));
#27871=IFCAXIS2PLACEMENT3D(#27868,#27869,#27870);
#27872=IFCPLANAREXTENT(1000.,1000.);
#27873=IFCTEXTLITERALWITHEXTENT('STORAGE SPACE',#27871,.RIGHT.,#27872,'bottom-left');
#27874=IFCSHAPEREPRESENTATION(#29,'Annotation','Annotation2D',(#27873));
#27875=IFCPRODUCTDEFINITIONSHAPE($,$,(#27874));
#27876=IFCANNOTATION('1hNunAGV10Su7neujhF4kA',$,'TEXT',$,$,#27902,#27875,.TEXT.);
#27877=IFCRELDEFINESBYPROPERTIES('2tGdBE5lbFLvYRox3lfXva',$,$,$,(#27876),#27879);
#27878=IFCPROPERTYSINGLEVALUE('Newline_At',$,IFCINTEGER(0),$);
#27879=IFCPROPERTYSET('0WldpS9lj4YxvxA6DT3Szs',$,'EPset_Annotation',$,(#27878,#27885));
#27885=IFCPROPERTYSINGLEVALUE('Classes',$,IFCLABEL('small'),$);
#27886=IFCPROPERTYSINGLEVALUE('Classes',$,IFCLABEL('small'),$);
#27887=IFCPROPERTYSINGLEVALUE('Classes',$,IFCLABEL('small'),$);
#27888=IFCCARTESIANPOINT((48.3162498474121,32.0037269592285,0.449999988079071));
#27889=IFCDIRECTION((0.,0.,1.));
#27890=IFCDIRECTION((-4.37113882867379E-08,0.999999999999999,0.));
#27891=IFCAXIS2PLACEMENT3D(#27888,#27889,#27890);
#27892=IFCLOCALPLACEMENT($,#27891);
#27893=IFCCARTESIANPOINT((50.4935874938965,32.2762298583984,0.449999988079071));
#27894=IFCDIRECTION((0.,0.,1.));
#27895=IFCDIRECTION((1.,0.,0.));
#27896=IFCAXIS2PLACEMENT3D(#27893,#27894,#27895);
#27897=IFCLOCALPLACEMENT($,#27896);
#27898=IFCCARTESIANPOINT((45.2400093078613,33.6571197509766,1.29999959468842));
#27899=IFCDIRECTION((0.,0.,1.));
#27900=IFCDIRECTION((1.,0.,0.));
#27901=IFCAXIS2PLACEMENT3D(#27898,#27899,#27900);
#27902=IFCLOCALPLACEMENT($,#27901);
#27986=IFCCARTESIANPOINT((0.,0.,0.));
#27987=IFCDIRECTION((0.,0.,1.));
#27988=IFCDIRECTION((1.,0.,0.));
#27989=IFCAXIS2PLACEMENT3D(#27986,#27987,#27988);
#27990=IFCPLANAREXTENT(1000.,1000.);
#27991=IFCTEXTLITERALWITHEXTENT('BESROOM 3 TOILET',#27989,.RIGHT.,#27990,'bottom-left');
#27992=IFCSHAPEREPRESENTATION(#29,'Annotation','Annotation2D',(#27991));
#27993=IFCPRODUCTDEFINITIONSHAPE($,$,(#27992));
#27994=IFCANNOTATION('1USoaXVwzCVOK6GGbzL4vU',$,'TEXT',$,$,#28002,#27993,.TEXT.);
#27995=IFCRELDEFINESBYPROPERTIES('38cx7BYcn3zBRaUq8ouPdF',$,$,$,(#27994),#27997);
#27996=IFCPROPERTYSINGLEVALUE('Newline_At',$,IFCINTEGER(0),$);
#27997=IFCPROPERTYSET('2jfR2bDWP06R7R7d5LYCck',$,'EPset_Annotation',$,(#27996));
#27998=IFCCARTESIANPOINT((37.226448059082,38.9495391845703,0.));
#27999=IFCDIRECTION((0.,0.,1.));
#28000=IFCDIRECTION((1.,0.,0.));
#28001=IFCAXIS2PLACEMENT3D(#27998,#27999,#28000);
#28002=IFCLOCALPLACEMENT($,#28001);
#28013=IFCCARTESIANPOINT((0.,0.,0.));
#28014=IFCDIRECTION((0.,0.,1.));
#28015=IFCDIRECTION((1.,0.,0.));
#28016=IFCAXIS2PLACEMENT3D(#28013,#28014,#28015);
#28017=IFCPLANAREXTENT(1000.,1000.);
#28018=IFCTEXTLITERALWITHEXTENT('BESROOM 3',#28016,.RIGHT.,#28017,'bottom-left');
#28019=IFCSHAPEREPRESENTATION(#29,'Annotation','Annotation2D',(#28018));
#28020=IFCPRODUCTDEFINITIONSHAPE($,$,(#28019));
#28021=IFCANNOTATION('2Vh5u0IgL2n9quBu_qsLC_',$,'TEXT',$,$,#28029,#28020,.TEXT.);
#28022=IFCRELDEFINESBYPROPERTIES('3ef7VlklLF8uOq$fFad4HD',$,$,$,(#28021),#28024);
#28023=IFCPROPERTYSINGLEVALUE('Newline_At',$,IFCINTEGER(0),$);
#28024=IFCPROPERTYSET('1X_9EFo$jEPB1Cyhp_2kvj',$,'EPset_Annotation',$,(#28023));
#28025=IFCCARTESIANPOINT((33.035270690918,36.517276763916,3.97814464569092));
#28026=IFCDIRECTION((0.,0.,1.));
#28027=IFCDIRECTION((1.,0.,0.));
#28028=IFCAXIS2PLACEMENT3D(#28025,#28026,#28027);
#28029=IFCLOCALPLACEMENT($,#28028);
#28040=IFCCARTESIANPOINT((0.,0.,0.));
#28041=IFCDIRECTION((0.,0.,1.));
#28042=IFCDIRECTION((1.,0.,0.));
#28043=IFCAXIS2PLACEMENT3D(#28040,#28041,#28042);
#28044=IFCPLANAREXTENT(1000.,1000.);
#28045=IFCTEXTLITERALWITHEXTENT('BESROOM 3 DRESS',#28043,.RIGHT.,#28044,'bottom-left');
#28046=IFCSHAPEREPRESENTATION(#29,'Annotation','Annotation2D',(#28045));
#28047=IFCPRODUCTDEFINITIONSHAPE($,$,(#28046));
#28048=IFCANNOTATION('3Ipg0b8P51d9SMjaQtCAW7',$,'TEXT',$,$,#28056,#28047,.TEXT.);
#28049=IFCRELDEFINESBYPROPERTIES('3aQ$kqapP4$uoOxNogxNER',$,$,$,(#28048),#28051);
#28050=IFCPROPERTYSINGLEVALUE('Newline_At',$,IFCINTEGER(0),$);
#28051=IFCPROPERTYSET('1k9EDEnZ19NuE12_dQ87vN',$,'EPset_Annotation',$,(#28050));
#28052=IFCCARTESIANPOINT((37.256160736084,36.36083984375,0.449999988079071));
#28053=IFCDIRECTION((0.,0.,1.));
#28054=IFCDIRECTION((1.,0.,0.));
#28055=IFCAXIS2PLACEMENT3D(#28052,#28053,#28054);
#28056=IFCLOCALPLACEMENT($,#28055);
#28067=IFCCARTESIANPOINT((0.,0.,0.));
#28068=IFCDIRECTION((0.,0.,1.));
#28069=IFCDIRECTION((1.,0.,0.));
#28070=IFCAXIS2PLACEMENT3D(#28067,#28068,#28069);
#28071=IFCPLANAREXTENT(1000.,1000.);
#28072=IFCTEXTLITERALWITHEXTENT('BESROOM 4',#28070,.RIGHT.,#28071,'bottom-left');
#28073=IFCSHAPEREPRESENTATION(#29,'Annotation','Annotation2D',(#28072));
#28074=IFCPRODUCTDEFINITIONSHAPE($,$,(#28073));
#28075=IFCANNOTATION('177XOFAeT6CgrtyuqnlfCF',$,'TEXT',$,$,#28083,#28074,.TEXT.);
#28076=IFCRELDEFINESBYPROPERTIES('3XLNBKTrv2JvjER3oBMf_e',$,$,$,(#28075),#28078);
#28077=IFCPROPERTYSINGLEVALUE('Newline_At',$,IFCINTEGER(0),$);
#28078=IFCPROPERTYSET('0R8tM4Z2H6TOMq93_0Ri$U',$,'EPset_Annotation',$,(#28077));
#28079=IFCCARTESIANPOINT((29.2863388061523,32.2640838623047,0.));
#28080=IFCDIRECTION((0.,0.,1.));
#28081=IFCDIRECTION((1.,0.,0.));
#28082=IFCAXIS2PLACEMENT3D(#28079,#28080,#28081);
#28083=IFCLOCALPLACEMENT($,#28082);
#28094=IFCCARTESIANPOINT((0.,0.,0.));
#28095=IFCDIRECTION((0.,0.,1.));
#28096=IFCDIRECTION((1.,0.,0.));
#28097=IFCAXIS2PLACEMENT3D(#28094,#28095,#28096);
#28098=IFCPLANAREXTENT(1000.,1000.);
#28099=IFCTEXTLITERALWITHEXTENT('BESROOM 4 DRESS',#28097,.RIGHT.,#28098,'bottom-left');
#28100=IFCSHAPEREPRESENTATION(#29,'Annotation','Annotation2D',(#28099));
#28101=IFCPRODUCTDEFINITIONSHAPE($,$,(#28100));
#28102=IFCANNOTATION('3Tch5AbfjFSxFeGQZ8K5AC',$,'TEXT',$,$,#28110,#28101,.TEXT.);
#28103=IFCRELDEFINESBYPROPERTIES('2fUfB3j5zDifrQ0QJjg1dQ',$,$,$,(#28102),#28105);
#28104=IFCPROPERTYSINGLEVALUE('Newline_At',$,IFCINTEGER(0),$);
#28105=IFCPROPERTYSET('0krPkU$RzEZfPXuiA5oM4x',$,'EPset_Annotation',$,(#28104));
#28106=IFCCARTESIANPOINT((32.6095314025879,31.4705829620361,3.65000057220459));
#28107=IFCDIRECTION((0.,0.,1.));
#28108=IFCDIRECTION((1.,0.,0.));
#28109=IFCAXIS2PLACEMENT3D(#28106,#28107,#28108);
#28110=IFCLOCALPLACEMENT($,#28109);
#28121=IFCCARTESIANPOINT((0.,0.,0.));
#28122=IFCDIRECTION((0.,0.,1.));
#28123=IFCDIRECTION((1.,0.,0.));
#28124=IFCAXIS2PLACEMENT3D(#28121,#28122,#28123);
#28125=IFCPLANAREXTENT(1000.,1000.);
#28126=IFCTEXTLITERALWITHEXTENT('BESROOM 4  TOILET',#28124,.RIGHT.,#28125,'bottom-left');
#28127=IFCSHAPEREPRESENTATION(#29,'Annotation','Annotation2D',(#28126));
#28128=IFCPRODUCTDEFINITIONSHAPE($,$,(#28127));
#28129=IFCANNOTATION('2vCWmzTDvEjfDCYvD0o_lH',$,'TEXT',$,$,#28137,#28128,.TEXT.);
#28130=IFCRELDEFINESBYPROPERTIES('1BlTyB$SDFhOY9O3jIYHRE',$,$,$,(#28129),#28132);
#28131=IFCPROPERTYSINGLEVALUE('Newline_At',$,IFCINTEGER(0),$);
#28132=IFCPROPERTYSET('2vvhOc4Sr4aOa5ingTEDz3',$,'EPset_Annotation',$,(#28131));
#28133=IFCCARTESIANPOINT((34.9650917053223,31.4564418792725,0.450000047683716));
#28134=IFCDIRECTION((0.,0.,1.));
#28135=IFCDIRECTION((1.,0.,0.));
#28136=IFCAXIS2PLACEMENT3D(#28133,#28134,#28135);
#28137=IFCLOCALPLACEMENT($,#28136);
#28148=IFCCARTESIANPOINTLIST2D(((4.20970821380615,-0.913295328617096),(6.43256855010986,-0.916842997074127),(6.63639163970947,-0.916842997074127),(8.85768222808838,-0.916842997074127),(9.0578088760376,-0.916842997074127),(11.1207704544067,-0.884286463260651),(11.3207712173462,-0.884286463260651)),$);
#28149=IFCINDEXEDPOLYCURVE(#28148,$,$);
#28150=IFCGEOMETRICCURVESET((#28149));
#28151=IFCCARTESIANPOINTLIST2D(((4.20342206954956,-0.913295030593872),(6.43256902694702,-0.913295030593872),(6.6344428062439,-0.913295030593872),(8.85767936706543,-0.91865086555481),(9.05427265167236,-0.91865086555481)),$);
#28152=IFCINDEXEDPOLYCURVE(#28151,$,$);
#28153=IFCCARTESIANPOINTLIST2D(((5.0400505065918,2.59769535064697),(5.0400505065918,2.79769611358643),(5.0400505065918,6.43200969696045),(5.0400505065918,6.6320104598999)),$);
#28154=IFCINDEXEDPOLYCURVE(#28153,$,$);
#28155=IFCCARTESIANPOINTLIST2D(((9.05406475067139,6.81721544265747),(11.1428422927856,6.81721544265747)),$);
#28156=IFCINDEXEDPOLYCURVE(#28155,$,$);
#28157=IFCCARTESIANPOINTLIST2D(((9.03199291229248,4.07181215286255),(11.1207704544067,4.07181215286255)),$);
#28158=IFCINDEXEDPOLYCURVE(#28157,$,$);
#28159=IFCCARTESIANPOINTLIST2D(((4.20342636108398,3.21233463287354),(8.85766983032227,3.21233463287354)),$);
#28160=IFCINDEXEDPOLYCURVE(#28159,$,$);
#28161=IFCCARTESIANPOINTLIST2D(((-0.496576309204102,-0.913295030593872),(4.0034236907959,-0.913295030593872)),$);
#28162=IFCINDEXEDPOLYCURVE(#28161,$,$);
#28163=IFCCARTESIANPOINTLIST2D(((0.115741729736328,-1.35056114196777),(0.115741729736328,2.59769248962402)),$);
#28164=IFCINDEXEDPOLYCURVE(#28163,$,$);
#28165=IFCCARTESIANPOINTLIST2D(((9.67390060424805,3.91412830352783),(9.67390060424805,5.9141263961792),(9.67390060424805,6.11412715911865),(9.67390060424805,8.51412868499756)),$);
#28166=IFCINDEXEDPOLYCURVE(#28165,$,$);
#28167=IFCSHAPEREPRESENTATION(#29,'Annotation','GeometricSet',(#28150,#28152,#28154,#28156,#28158,#28160,#28162,#28164,#28166));
#28168=IFCPRODUCTDEFINITIONSHAPE($,$,(#28167));
#28169=IFCANNOTATION('2J3VX7YfvB1AZ1XBAR0rIp',$,'DIMENSION',$,$,#28174,#28168,.DIMENSION.);
#28170=IFCCARTESIANPOINT((27.6329154968262,31.6405181884766,3.97814464569092));
#28171=IFCDIRECTION((0.,0.,1.));
#28172=IFCDIRECTION((1.,0.,0.));
#28173=IFCAXIS2PLACEMENT3D(#28170,#28171,#28172);
#28174=IFCLOCALPLACEMENT($,#28173);
#28175=IFCDOCUMENTREFERENCE('drawings/FF PLan.svg','2',$,'DRAWING',#27333);
#28186=IFCCARTESIANPOINT((44.,35.,1.5244505405426));
#28187=IFCDIRECTION((0.,0.,1.));
#28188=IFCDIRECTION((1.,0.,0.));
#28189=IFCAXIS2PLACEMENT3D(#28186,#28187,#28188);
#28190=IFCLOCALPLACEMENT($,#28189);
#28191=IFCCARTESIANPOINT((-25.,-12.0003387533875,-10.));
#28192=IFCAXIS2PLACEMENT3D(#28191,$,$);
#28193=IFCBLOCK(#28192,50.,24.0006775067751,10.);
#28194=IFCCSGSOLID(#28193);
#28195=IFCSHAPEREPRESENTATION(#15,'Body','CSG',(#28194));
#28196=IFCCARTESIANPOINT((44.,35.,1.5244505405426));
#28197=IFCDIRECTION((0.,0.,1.));
#28198=IFCDIRECTION((1.,0.,0.));
#28199=IFCAXIS2PLACEMENT3D(#28196,#28197,#28198);
#28200=IFCLOCALPLACEMENT($,#28199);
#28206=IFCCARTESIANPOINT((45.,35.,4.97814464569092));
#28207=IFCDIRECTION((0.,0.,1.));
#28208=IFCDIRECTION((1.,0.,0.));
#28209=IFCAXIS2PLACEMENT3D(#28206,#28207,#28208);
#28210=IFCLOCALPLACEMENT($,#28209);
#28241=IFCPROPERTYSINGLEVALUE('IsNTS',$,IFCBOOLEAN(.F.),$);
#28242=IFCCARTESIANPOINT((-22.5,-8.99491812535291,-10.));
#28243=IFCAXIS2PLACEMENT3D(#28242,$,$);
#28244=IFCBLOCK(#28243,45.,17.9898362507058,10.);
#28245=IFCCSGSOLID(#28244);
#28246=IFCSHAPEREPRESENTATION(#15,'Body','CSG',(#28245));
#28247=IFCCARTESIANPOINT((-22.7450008392334,-8.99634670065768,-10.));
#28248=IFCAXIS2PLACEMENT3D(#28247,$,$);
#28249=IFCBLOCK(#28248,45.4900016784668,17.9926934013154,10.);
#28250=IFCCSGSOLID(#28249);
#28251=IFCSHAPEREPRESENTATION(#15,'Body','CSG',(#28250));
#28252=IFCWALL('0VrQsyt819W990NPIlmXsR',$,'Wall',$,$,#29037,#28263,$,$);
#28258=IFCRELASSOCIATESMATERIAL('1NibKF2j52vOqGGHEKaJf8',$,$,$,(#28252),#28259);
#28259=IFCMATERIALLAYERSETUSAGE(#396,.AXIS2.,.POSITIVE.,0.,$);
#28260=IFCRELDEFINESBYPROPERTIES('0dAEhr2q11OwrbrPVZPBUD',$,$,$,(#28252),#28261);
#28261=IFCPROPERTYSET('3D2rC9lCXAPf3fBqxPnXkg',$,'EPset_Parametric',$,(#28262));
#28262=IFCPROPERTYSINGLEVALUE('Engine',$,IFCLABEL('Bonsai.DumbLayer2'),$);
#28263=IFCPRODUCTDEFINITIONSHAPE($,$,(#28318,#28315));
#28306=IFCCARTESIANPOINTLIST2D(((0.,0.),(0.,0.2),(0.5,0.2),(0.5,0.)),$);
#28307=IFCINDEXEDPOLYCURVE(#28306,(IFCLINEINDEX((1,2,3,4,1))),$);
#28308=IFCARBITRARYCLOSEDPROFILEDEF(.AREA.,$,#28307);
#28309=IFCCARTESIANPOINT((0.,0.,0.));
#28310=IFCDIRECTION((0.,0.,1.));
#28311=IFCDIRECTION((1.,0.,0.));
#28312=IFCAXIS2PLACEMENT3D(#28309,#28310,#28311);
#28313=IFCDIRECTION((0.,0.,1.));
#28314=IFCEXTRUDEDAREASOLID(#28308,#28312,#28313,3.);
#28315=IFCSHAPEREPRESENTATION(#15,'Body','SweptSolid',(#28314));
#28316=IFCCARTESIANPOINTLIST2D(((0.,0.),(0.5,3.15304964715324E-06)),$);
#28317=IFCINDEXEDPOLYCURVE(#28316,$,$);
#28318=IFCSHAPEREPRESENTATION(#27,'Axis','Curve2D',(#28317));
#28324=IFCPROPERTYSINGLEVALUE('Classes',$,IFCLABEL('small'),$);
#28325=IFCPROPERTYSINGLEVALUE('Classes',$,IFCLABEL('small'),$);
#28326=IFCPROPERTYSINGLEVALUE('Classes',$,IFCLABEL('small'),$);
#28508=IFCPROPERTYSINGLEVALUE('Classes',$,IFCLABEL('small'),$);
#28509=IFCANNOTATION('1InxFI9dvFeOcSfsROnRq6',$,'TEXT',$,$,#28531,#28519,.TEXT.);
#28515=IFCRELDEFINESBYPROPERTIES('0hUEUhMoz3NgStJhf3PLFU',$,$,$,(#28509),#28516);
#28516=IFCPROPERTYSET('3uFwTfDuPEiPtyYzuzYYKw',$,'EPset_Annotation',$,(#28517,#28518));
#28517=IFCPROPERTYSINGLEVALUE('Newline_At',$,IFCINTEGER(0),$);
#28518=IFCPROPERTYSINGLEVALUE('Classes',$,IFCLABEL('small'),$);
#28519=IFCPRODUCTDEFINITIONSHAPE($,$,(#28520));
#28520=IFCSHAPEREPRESENTATION(#29,'Annotation','Annotation2D',(#28521));
#28521=IFCTEXTLITERALWITHEXTENT('LIFT',#28522,.RIGHT.,#28526,'bottom-left');
#28522=IFCAXIS2PLACEMENT3D(#28523,#28524,#28525);
#28523=IFCCARTESIANPOINT((0.,0.,0.));
#28524=IFCDIRECTION((0.,0.,1.));
#28525=IFCDIRECTION((1.,0.,0.));
#28526=IFCPLANAREXTENT(1000.,1000.);
#28527=IFCCARTESIANPOINT((49.190601348877,35.3884696960449,0.449999988079071));
#28528=IFCDIRECTION((0.,0.,1.));
#28529=IFCDIRECTION((1.,0.,0.));
#28530=IFCAXIS2PLACEMENT3D(#28527,#28528,#28529);
#28531=IFCLOCALPLACEMENT($,#28530);
#28532=IFCGEOGRAPHICELEMENT('2Kb0g2Ccr6$AiSSiVHIhWA',$,'SITE Plane',$,$,$,#28537,$,.TERRAIN.);
#28533=IFCCARTESIANPOINTLIST3D(((-55.8534545898438,-11.5669183731079,1.19209289550781E-07),(-51.5688133239746,4.58103704452515,1.19209289550781E-07),(-55.414176940918,-11.6194543838501,1.19209289550781E-07),(-57.1039237976074,-17.8508205413818,1.19209289550781E-07),(-54.3494186401367,-19.5060615539551,1.19209289550781E-07),(-57.4964256286621,-19.2982921600342,1.19209289550781E-07),(-39.3587913513184,-2.43072128295898,1.19209289550781E-07),(-44.291618347168,-2.7353630065918,1.19209289550781E-07),(-44.6749305725098,-8.69049072265625,1.19209289550781E-07),(-29.2905941009521,18.3083000183105,1.19209289550781E-07),(-26.7554664611816,18.4282875061035,1.19209289550781E-07),(-29.1673412322998,17.5911064147949,1.19209289550781E-07),(-31.1023292541504,16.4673271179199,1.19209289550781E-07),(-47.9015045166016,6.71089363098145,1.19209289550781E-07),(-45.4090843200684,-20.0963153839111,1.19209289550781E-07),(-37.3992462158203,12.8102741241455,1.19209289550781E-07),(1.75326156616211,18.9719619750977,1.19209289550781E-07),(-29.178882598877,-1.80203056335449,1.19209289550781E-07),(1.47698211669922,20.1189727783203,1.19209289550781E-07),(-18.4407348632812,18.8218154907227,1.19209289550781E-07),(-18.7993316650391,18.8048439025879,1.19209289550781E-07),(-18.9774150848389,-1.17200803756714,1.19209289550781E-07),(-3.814697265625E-06,-1.66893005371094E-06,1.19209289550781E-07),(1.64717864990234,17.8240394592285,1.19209289550781E-07)),$);
#28534=IFCINDEXEDPOLYGONALFACE((4,6,5,15,9,8,7,18,22,23,24,17,19,20,21,11,10,12,13,16,14,2,1,3));
#28535=IFCPOLYGONALFACESET(#28533,$,(#28534),$);
#28536=IFCSHAPEREPRESENTATION(#15,'Body','Tessellation',(#28535));
#28537=IFCPRODUCTDEFINITIONSHAPE($,$,(#28536));
#28538=IFCCARTESIANPOINT((54.9160308837891,26.508243560791,5.96046447809417E-07));
#28539=IFCDIRECTION((0.,0.,1.));
#28540=IFCDIRECTION((1.,0.,0.));
#28541=IFCAXIS2PLACEMENT3D(#28538,#28539,#28540);
#28542=IFCLOCALPLACEMENT(#2111,#28541);
#28543=IFCCARTESIANPOINT((32.6385040283203,28.5992183685303,5.96046447809417E-07));
#28544=IFCDIRECTION((0.,0.,1.));
#28545=IFCDIRECTION((0.999999999999972,2.38418579101556E-07,0.));
#28546=IFCAXIS2PLACEMENT3D(#28543,#28544,#28545);
#28547=IFCLOCALPLACEMENT(#2111,#28546);
#28548=IFCCARTESIANPOINT((39.1603507995605,32.9513244628906,5.66244125421722E-07));
#28549=IFCDIRECTION((0.,0.,1.));
#28550=IFCDIRECTION((-0.999999999999803,-6.27832946520233E-07,0.));
#28551=IFCAXIS2PLACEMENT3D(#28548,#28549,#28550);
#28552=IFCLOCALPLACEMENT(#2111,#28551);
#28553=IFCCARTESIANPOINT((40.2944641113281,26.7452220916748,5.96046447809417E-07));
#28554=IFCDIRECTION((0.,0.,1.));
#28555=IFCDIRECTION((1.,0.,0.));
#28556=IFCAXIS2PLACEMENT3D(#28553,#28554,#28555);
#28557=IFCLOCALPLACEMENT(#2111,#28556);
#28558=IFCCARTESIANPOINT((42.9778213500977,36.1215438842773,5.96046447809417E-07));
#28559=IFCDIRECTION((0.,0.,1.));
#28560=IFCDIRECTION((7.54979012640431E-08,0.999999999999997,0.));
#28561=IFCAXIS2PLACEMENT3D(#28558,#28559,#28560);
#28562=IFCLOCALPLACEMENT(#2111,#28561);
#28563=IFCCARTESIANPOINT((59.0434150695801,37.2533416748047,5.96046447809417E-07));
#28564=IFCDIRECTION((0.,0.,1.));
#28565=IFCDIRECTION((0.999999999999985,-1.74845553146949E-07,0.));
#28566=IFCAXIS2PLACEMENT3D(#28563,#28564,#28565);
#28567=IFCLOCALPLACEMENT(#2111,#28566);
#28568=IFCCARTESIANPOINT((55.6945190429688,26.7084560394287,5.96046447809417E-07));
#28569=IFCDIRECTION((0.,0.,1.));
#28570=IFCDIRECTION((-0.999999999999924,3.89414367418765E-07,0.));
#28571=IFCAXIS2PLACEMENT3D(#28568,#28569,#28570);
#28572=IFCLOCALPLACEMENT(#2111,#28571);
#28573=IFCCARTESIANPOINT((49.2088508605957,37.5210494995117,1.78813934381683E-07));
#28574=IFCDIRECTION((6.51682739771646E-07,-0.999999999999785,7.54979012640271E-08));
#28575=IFCDIRECTION((0.999999999999788,6.51682739771648E-07,2.00971831271994E-14));
#28576=IFCAXIS2PLACEMENT3D(#28573,#28574,#28575);
#28577=IFCLOCALPLACEMENT(#2111,#28576);
#28578=IFCCARTESIANPOINT((49.0088500976562,34.944450378418,1.78813934381683E-07));
#28579=IFCDIRECTION((-3.89414367418764E-07,0.999999999999921,7.54979012640374E-08));
#28580=IFCDIRECTION((-0.999999999999924,-3.89414367418765E-07,1.0048592410634E-14));
#28581=IFCAXIS2PLACEMENT3D(#28578,#28579,#28580);
#28582=IFCLOCALPLACEMENT(#2111,#28581);
#28583=IFCCARTESIANPOINT((51.7110824584961,34.944450378418,1.78813934381683E-07));
#28584=IFCDIRECTION((-3.89414367418764E-07,0.999999999999921,7.54979012640374E-08));
#28585=IFCDIRECTION((-0.999999999999924,-3.89414367418765E-07,1.0048592410634E-14));
#28586=IFCAXIS2PLACEMENT3D(#28583,#28584,#28585);
#28587=IFCLOCALPLACEMENT(#2111,#28586);
#28588=IFCCARTESIANPOINT((49.3799171447754,30.3006229400635,1.78813934381683E-07));
#28589=IFCDIRECTION((0.999999999999959,2.82129974493716E-07,-4.37113882867362E-08));
#28590=IFCDIRECTION((-2.82129974493716E-07,0.999999999999958,-5.96046518808155E-08));
#28591=IFCAXIS2PLACEMENT3D(#28588,#28589,#28590);
#28592=IFCLOCALPLACEMENT(#2111,#28591);
#28593=IFCCARTESIANPOINT((47.0632858276367,33.9963455200195,1.78813934381683E-07));
#28594=IFCDIRECTION((-3.89414367418764E-07,0.999999999999921,7.54979012640374E-08));
#28595=IFCDIRECTION((-0.999999999999924,-3.89414367418765E-07,1.0048592410634E-14));
#28596=IFCAXIS2PLACEMENT3D(#28593,#28594,#28595);
#28597=IFCLOCALPLACEMENT(#2111,#28596);
#28598=IFCCARTESIANPOINT((46.1827774047852,33.9963455200195,1.78813934381683E-07));
#28599=IFCDIRECTION((-3.89414367418764E-07,0.999999999999921,7.54979012640374E-08));
#28600=IFCDIRECTION((-0.999999999999924,-3.89414367418765E-07,1.0048592410634E-14));
#28601=IFCAXIS2PLACEMENT3D(#28598,#28599,#28600);
#28602=IFCLOCALPLACEMENT(#2111,#28601);
#28603=IFCCARTESIANPOINT((36.0696716308594,30.8565044403076,5.96046447809417E-07));
#28604=IFCDIRECTION((0.,0.,1.));
#28605=IFCDIRECTION((3.13916473260163E-07,0.999999999999951,0.));
#28606=IFCAXIS2PLACEMENT3D(#28603,#28604,#28605);
#28607=IFCLOCALPLACEMENT(#2111,#28606);
#28608=IFCCARTESIANPOINT((39.5276908874512,26.7509803771973,5.96046447809417E-07));
#28609=IFCDIRECTION((0.,0.,1.));
#28610=IFCDIRECTION((-0.999999999999924,3.89414367418765E-07,0.));
#28611=IFCAXIS2PLACEMENT3D(#28608,#28609,#28610);
#28612=IFCLOCALPLACEMENT(#2111,#28611);
#28613=IFCCARTESIANPOINT((52.2624282836914,26.7509803771973,5.96046447809417E-07));
#28614=IFCDIRECTION((0.,0.,1.));
#28615=IFCDIRECTION((-0.999999999999924,3.89414367418765E-07,0.));
#28616=IFCAXIS2PLACEMENT3D(#28613,#28614,#28615);
#28617=IFCLOCALPLACEMENT(#2111,#28616);
#28618=IFCCARTESIANPOINT((42.9870185852051,35.4123077392578,5.96046447809417E-07));
#28619=IFCDIRECTION((0.,0.,1.));
#28620=IFCDIRECTION((-5.2054855359522E-07,-0.999999999999865,0.));
#28621=IFCAXIS2PLACEMENT3D(#28618,#28619,#28620);
#28622=IFCLOCALPLACEMENT(#2111,#28621);
#28623=IFCCARTESIANPOINT((40.9239158630371,34.6908187866211,5.96046447809417E-07));
#28624=IFCDIRECTION((0.,0.,1.));
#28625=IFCDIRECTION((-0.999999999999989,1.50995802528085E-07,0.));
#28626=IFCAXIS2PLACEMENT3D(#28623,#28624,#28625);
#28627=IFCLOCALPLACEMENT(#2111,#28626);
#28628=IFCCARTESIANPOINT((52.0794143676758,36.685173034668,1.60932540899106E-06));
#28629=IFCDIRECTION((0.,0.,1.));
#28630=IFCDIRECTION((7.54979012640431E-08,-0.999999999999997,0.));
#28631=IFCAXIS2PLACEMENT3D(#28628,#28629,#28630);
#28632=IFCLOCALPLACEMENT(#2111,#28631);
#28633=IFCCARTESIANPOINT((52.0794143676758,35.7153396606445,1.60932540899106E-06));
#28634=IFCDIRECTION((0.,0.,1.));
#28635=IFCDIRECTION((7.54979012640431E-08,-0.999999999999997,0.));
#28636=IFCAXIS2PLACEMENT3D(#28633,#28634,#28635);
#28637=IFCLOCALPLACEMENT(#2111,#28636);
#28638=IFCCARTESIANPOINT((52.0794143676758,36.1600036621094,1.60932540899106E-06));
#28639=IFCDIRECTION((0.,0.,1.));
#28640=IFCDIRECTION((7.54979012640431E-08,-0.999999999999997,0.));
#28641=IFCAXIS2PLACEMENT3D(#28638,#28639,#28640);
#28642=IFCLOCALPLACEMENT(#2111,#28641);
#28643=IFCCARTESIANPOINT((50.6723518371582,27.7402229309082,1.60932540899106E-06));
#28644=IFCDIRECTION((0.,0.,1.));
#28645=IFCDIRECTION((1.,0.,0.));
#28646=IFCAXIS2PLACEMENT3D(#28643,#28644,#28645);
#28647=IFCLOCALPLACEMENT(#2111,#28646);
#28648=IFCCARTESIANPOINT((49.89697265625,27.7145805358887,1.60932540899106E-06));
#28649=IFCDIRECTION((0.,0.,1.));
#28650=IFCDIRECTION((1.,0.,0.));
#28651=IFCAXIS2PLACEMENT3D(#28648,#28649,#28650);
#28652=IFCLOCALPLACEMENT(#2111,#28651);
#28653=IFCCARTESIANPOINT((43.1870193481445,36.7729415893555,5.96046447809417E-07));
#28654=IFCDIRECTION((0.,0.,1.));
#28655=IFCDIRECTION((-0.999999999999989,1.50995802528085E-07,0.));
#28656=IFCAXIS2PLACEMENT3D(#28653,#28654,#28655);
#28657=IFCLOCALPLACEMENT(#2111,#28656);
#28658=IFCCARTESIANPOINT((52.9317855834961,28.1969318389893,5.96046447809417E-07));
#28659=IFCDIRECTION((0.,0.,1.));
#28660=IFCDIRECTION((-0.999999999999989,1.50995802528085E-07,0.));
#28661=IFCAXIS2PLACEMENT3D(#28658,#28659,#28660);
#28662=IFCLOCALPLACEMENT(#2111,#28661);
#28663=IFCCARTESIANPOINT((51.1317901611328,28.8132877349854,5.96046447809417E-07));
#28664=IFCDIRECTION((0.,0.,1.));
#28665=IFCDIRECTION((-0.999999999999989,1.50995802528085E-07,0.));
#28666=IFCAXIS2PLACEMENT3D(#28663,#28664,#28665);
#28667=IFCLOCALPLACEMENT(#2111,#28666);
#28668=IFCCARTESIANPOINT((61.619384765625,32.6937484741211,5.96046447809417E-07));
#28669=IFCDIRECTION((0.,0.,1.));
#28670=IFCDIRECTION((3.13916473260163E-07,0.999999999999951,0.));
#28671=IFCAXIS2PLACEMENT3D(#28668,#28669,#28670);
#28672=IFCLOCALPLACEMENT(#2111,#28671);
#28673=IFCCARTESIANPOINT((49.3930244445801,29.8618412017822,5.96046447809417E-07));
#28674=IFCDIRECTION((0.,0.,1.));
#28675=IFCDIRECTION((3.13916473260163E-07,0.999999999999951,0.));
#28676=IFCAXIS2PLACEMENT3D(#28673,#28674,#28675);
#28677=IFCLOCALPLACEMENT(#2111,#28676);
#28678=IFCCARTESIANPOINT((46.3827781677246,33.9963455200195,5.96046447809417E-07));
#28679=IFCDIRECTION((0.,0.,1.));
#28680=IFCDIRECTION((3.13916473260163E-07,0.999999999999951,0.));
#28681=IFCAXIS2PLACEMENT3D(#28678,#28679,#28680);
#28682=IFCLOCALPLACEMENT(#2111,#28681);
#28683=IFCCARTESIANPOINT((49.3930244445801,26.7082443237305,5.96046447809417E-07));
#28684=IFCDIRECTION((0.,0.,1.));
#28685=IFCDIRECTION((3.13916473260163E-07,0.999999999999951,0.));
#28686=IFCAXIS2PLACEMENT3D(#28683,#28684,#28685);
#28687=IFCLOCALPLACEMENT(#2111,#28686);
#28688=IFCCARTESIANPOINT((49.2088508605957,34.9219436645508,5.96046447809417E-07));
#28689=IFCDIRECTION((0.,0.,1.));
#28690=IFCDIRECTION((3.13916473260163E-07,0.999999999999951,0.));
#28691=IFCAXIS2PLACEMENT3D(#28688,#28689,#28690);
#28692=IFCLOCALPLACEMENT(#2111,#28691);
#28693=IFCCARTESIANPOINT((51.1317863464355,31.1127300262451,5.96046447809417E-07));
#28694=IFCDIRECTION((0.,0.,1.));
#28695=IFCDIRECTION((-0.999999999999989,1.50995802528085E-07,0.));
#28696=IFCAXIS2PLACEMENT3D(#28693,#28694,#28695);
#28697=IFCLOCALPLACEMENT(#2111,#28696);
#28698=IFCCARTESIANPOINT((40.9239234924316,26.7082481384277,5.96046447809417E-07));
#28699=IFCDIRECTION((0.,0.,1.));
#28700=IFCDIRECTION((-0.999999999999989,1.50995802528085E-07,0.));
#28701=IFCAXIS2PLACEMENT3D(#28698,#28699,#28700);
#28702=IFCLOCALPLACEMENT(#2111,#28701);
#28703=IFCCARTESIANPOINT((58.098258972168,26.7082443237305,5.96046447809417E-07));
#28704=IFCDIRECTION((0.,0.,1.));
#28705=IFCDIRECTION((-0.999999999999989,1.50995802528085E-07,0.));
#28706=IFCAXIS2PLACEMENT3D(#28703,#28704,#28705);
#28707=IFCLOCALPLACEMENT(#2111,#28706);
#28708=IFCCARTESIANPOINT((45.9840126037598,26.7082481384277,5.96046447809417E-07));
#28709=IFCDIRECTION((0.,0.,1.));
#28710=IFCDIRECTION((3.13916473260163E-07,0.999999999999951,0.));
#28711=IFCAXIS2PLACEMENT3D(#28708,#28709,#28710);
#28712=IFCLOCALPLACEMENT(#2111,#28711);
#28738=IFCCARTESIANPOINT((43.4756202697754,27.5163440704346,5.96046447809417E-07));
#28739=IFCDIRECTION((0.,0.,1.));
#28740=IFCDIRECTION((3.13916473260163E-07,0.999999999999951,0.));
#28741=IFCAXIS2PLACEMENT3D(#28738,#28739,#28740);
#28742=IFCLOCALPLACEMENT(#2111,#28741);
#28743=IFCCARTESIANPOINT((45.8096008300781,27.5163440704346,5.96046447809417E-07));
#28744=IFCDIRECTION((0.,0.,1.));
#28745=IFCDIRECTION((-0.999999999999989,1.50995802528085E-07,0.));
#28746=IFCAXIS2PLACEMENT3D(#28743,#28744,#28745);
#28747=IFCLOCALPLACEMENT(#2111,#28746);
#28748=IFCCARTESIANPOINT((43.2756195068359,27.5163440704346,1.49011611993988E-07));
#28749=IFCDIRECTION((-3.89414367418764E-07,0.999999999999921,7.54979012640374E-08));
#28750=IFCDIRECTION((-0.999999999999924,-3.89414367418765E-07,1.0048592410634E-14));
#28751=IFCAXIS2PLACEMENT3D(#28748,#28749,#28750);
#28752=IFCLOCALPLACEMENT(#2111,#28751);
#28753=IFCCARTESIANPOINT((45.7840118408203,27.5163440704346,1.49011611993988E-07));
#28754=IFCDIRECTION((-3.89414367418764E-07,0.999999999999921,7.54979012640374E-08));
#28755=IFCDIRECTION((-0.999999999999924,-3.89414367418765E-07,1.0048592410634E-14));
#28756=IFCAXIS2PLACEMENT3D(#28753,#28754,#28755);
#28757=IFCLOCALPLACEMENT(#2111,#28756);
#28758=IFCCARTESIANPOINT((43.5988540649414,27.5163440704346,1.49011611993988E-07));
#28759=IFCDIRECTION((0.999999999999959,2.82129974493716E-07,-4.37113882867362E-08));
#28760=IFCDIRECTION((-2.82129974493716E-07,0.999999999999958,-5.96046518808155E-08));
#28761=IFCAXIS2PLACEMENT3D(#28758,#28759,#28760);
#28762=IFCLOCALPLACEMENT(#2111,#28761);
#28768=IFCCARTESIANPOINT((52.331787109375,31.1127300262451,5.96046447809417E-07));
#28769=IFCDIRECTION((0.,0.,1.));
#28770=IFCDIRECTION((-0.999999999999989,1.50995802528085E-07,0.));
#28771=IFCAXIS2PLACEMENT3D(#28768,#28769,#28770);
#28772=IFCLOCALPLACEMENT(#2111,#28771);
#28793=IFCCARTESIANPOINT((43.1870155334473,31.972936630249,5.96046447809417E-07));
#28794=IFCDIRECTION((0.,0.,1.));
#28795=IFCDIRECTION((3.13916473260163E-07,0.999999999999951,0.));
#28796=IFCAXIS2PLACEMENT3D(#28793,#28794,#28795);
#28797=IFCLOCALPLACEMENT(#2111,#28796);
#28798=IFCCARTESIANPOINT((43.1870155334473,31.972936630249,5.96046447809417E-07));
#28799=IFCDIRECTION((0.,0.,1.));
#28800=IFCDIRECTION((-0.999999999999989,1.50995802528085E-07,0.));
#28801=IFCAXIS2PLACEMENT3D(#28798,#28799,#28800);
#28802=IFCLOCALPLACEMENT(#2111,#28801);
#28803=IFCCARTESIANPOINT((31.3696670532227,26.7082481384277,5.96046447809417E-07));
#28804=IFCDIRECTION((0.,0.,1.));
#28805=IFCDIRECTION((3.13916473260163E-07,0.999999999999951,0.));
#28806=IFCAXIS2PLACEMENT3D(#28803,#28804,#28805);
#28807=IFCLOCALPLACEMENT(#2111,#28806);
#28808=IFCCARTESIANPOINT((36.0696716308594,30.8565044403076,5.96046447809417E-07));
#28809=IFCDIRECTION((0.,0.,1.));
#28810=IFCDIRECTION((-0.999999999999989,1.50995802528085E-07,0.));
#28811=IFCAXIS2PLACEMENT3D(#28808,#28809,#28810);
#28812=IFCLOCALPLACEMENT(#2111,#28811);
#28813=IFCCARTESIANPOINT((51.7110786437988,33.9963455200195,5.96046447809417E-07));
#28814=IFCDIRECTION((0.,0.,1.));
#28815=IFCDIRECTION((-0.999999999999989,1.50995802528085E-07,0.));
#28816=IFCAXIS2PLACEMENT3D(#28813,#28814,#28815);
#28817=IFCLOCALPLACEMENT(#2111,#28816);
#28818=IFCCARTESIANPOINT((54.2653541564941,35.5288009643555,6.85453414972503E-07));
#28819=IFCDIRECTION((0.,0.,1.));
#28820=IFCDIRECTION((1.94707183709394E-07,-0.999999999999981,0.));
#28821=IFCAXIS2PLACEMENT3D(#28818,#28819,#28820);
#28822=IFCLOCALPLACEMENT(#2111,#28821);
#28823=IFCCARTESIANPOINT((40.9239196777344,34.1729354858398,5.96046447809417E-07));
#28824=IFCDIRECTION((0.,0.,1.));
#28825=IFCDIRECTION((3.13916473260163E-07,0.999999999999951,0.));
#28826=IFCAXIS2PLACEMENT3D(#28823,#28824,#28825);
#28827=IFCLOCALPLACEMENT(#2111,#28826);
#28828=IFCCARTESIANPOINT((53.1317863464355,31.1127300262451,5.96046447809417E-07));
#28829=IFCDIRECTION((0.,0.,1.));
#28830=IFCDIRECTION((1.,0.,0.));
#28831=IFCAXIS2PLACEMENT3D(#28828,#28829,#28830);
#28832=IFCLOCALPLACEMENT(#2111,#28831);
#28833=IFCCARTESIANPOINT((43.7870178222656,31.7729358673096,-8.94069671075748E-08));
#28834=IFCDIRECTION((-3.89414367418764E-07,0.999999999999921,7.54979012640374E-08));
#28835=IFCDIRECTION((-0.999999999999924,-3.89414367418765E-07,1.0048592410634E-14));
#28836=IFCAXIS2PLACEMENT3D(#28833,#28834,#28835);
#28837=IFCLOCALPLACEMENT(#2111,#28836);
#28838=IFCCARTESIANPOINT((36.0696678161621,26.7082481384277,5.96046447809417E-07));
#28839=IFCDIRECTION((0.,0.,1.));
#28840=IFCDIRECTION((-0.999999999999989,1.50995802528085E-07,0.));
#28841=IFCAXIS2PLACEMENT3D(#28838,#28839,#28840);
#28842=IFCLOCALPLACEMENT(#2111,#28841);
#28843=IFCCARTESIANPOINT((36.0696678161621,26.7082481384277,5.96046447809417E-07));
#28844=IFCDIRECTION((0.,0.,1.));
#28845=IFCDIRECTION((3.13916473260163E-07,0.999999999999951,0.));
#28846=IFCAXIS2PLACEMENT3D(#28843,#28844,#28845);
#28847=IFCLOCALPLACEMENT(#2111,#28846);
#28848=IFCCARTESIANPOINT((53.3451843261719,28.3544673919678,5.96046447809417E-07));
#28849=IFCDIRECTION((0.,0.,1.));
#28850=IFCDIRECTION((-6.39757843145941E-07,-0.999999999999795,0.));
#28851=IFCAXIS2PLACEMENT3D(#28848,#28849,#28850);
#28852=IFCLOCALPLACEMENT(#2111,#28851);
#28853=IFCCARTESIANPOINT((56.5960502624512,34.4315338134766,5.96046447809417E-07));
#28854=IFCDIRECTION((0.,0.,1.));
#28855=IFCDIRECTION((-2.82129974493717E-07,-0.99999999999996,0.));
#28856=IFCAXIS2PLACEMENT3D(#28853,#28854,#28855);
#28857=IFCLOCALPLACEMENT(#2111,#28856);
#28858=IFCCARTESIANPOINT((61.2196426391602,35.6073303222656,5.96046447809417E-07));
#28859=IFCDIRECTION((0.,0.,1.));
#28860=IFCDIRECTION((1.26759084650883E-06,0.999999999999197,0.));
#28861=IFCAXIS2PLACEMENT3D(#28858,#28859,#28860);
#28862=IFCLOCALPLACEMENT(#2111,#28861);
#28863=IFCCARTESIANPOINT((57.6167602539062,28.3544673919678,5.96046447809417E-07));
#28864=IFCDIRECTION((0.,0.,1.));
#28865=IFCDIRECTION((3.13916473260163E-07,0.999999999999951,0.));
#28866=IFCAXIS2PLACEMENT3D(#28863,#28864,#28865);
#28867=IFCLOCALPLACEMENT(#2111,#28866);
#28868=IFCCARTESIANPOINT((32.6766014099121,26.7561130523682,5.96046447809417E-07));
#28869=IFCDIRECTION((0.,0.,1.));
#28870=IFCDIRECTION((0.999999999999788,-6.51682739771648E-07,0.));
#28871=IFCAXIS2PLACEMENT3D(#28868,#28869,#28870);
#28872=IFCLOCALPLACEMENT(#2111,#28871);
#28873=IFCCARTESIANPOINT((36.1317291259766,33.1802062988281,5.96046447809417E-07));
#28874=IFCDIRECTION((0.,0.,1.));
#28875=IFCDIRECTION((-0.005978711467327,-0.999982127344879,0.));
#28876=IFCAXIS2PLACEMENT3D(#28873,#28874,#28875);
#28877=IFCLOCALPLACEMENT(#2111,#28876);
#28878=IFCCARTESIANPOINT((37.5903968811035,34.4277038574219,5.96046447809417E-07));
#28879=IFCDIRECTION((0.,0.,1.));
#28880=IFCDIRECTION((-0.999982125989043,0.00597893823626929,0.));
#28881=IFCAXIS2PLACEMENT3D(#28878,#28879,#28880);
#28882=IFCLOCALPLACEMENT(#2111,#28881);
#28883=IFCCARTESIANPOINT((56.5960502624512,35.6073303222656,5.96046447809417E-07));
#28884=IFCDIRECTION((0.,0.,1.));
#28885=IFCDIRECTION((-2.82129974493717E-07,-0.99999999999996,0.));
#28886=IFCAXIS2PLACEMENT3D(#28883,#28884,#28885);
#28887=IFCLOCALPLACEMENT(#2111,#28886);
#28888=IFCCARTESIANPOINT((61.2196426391602,34.4733734130859,5.96046447809417E-07));
#28889=IFCDIRECTION((0.,0.,1.));
#28890=IFCDIRECTION((1.26759084650883E-06,0.999999999999197,0.));
#28891=IFCAXIS2PLACEMENT3D(#28888,#28889,#28890);
#28892=IFCLOCALPLACEMENT(#2111,#28891);
#28893=IFCCARTESIANPOINT((53.3451843261719,29.4884281158447,5.96046447809417E-07));
#28894=IFCDIRECTION((0.,0.,1.));
#28895=IFCDIRECTION((-6.39757843145941E-07,-0.999999999999795,0.));
#28896=IFCAXIS2PLACEMENT3D(#28893,#28894,#28895);
#28897=IFCLOCALPLACEMENT(#2111,#28896);
#28898=IFCCARTESIANPOINT((57.6167602539062,29.5302639007568,5.96046447809417E-07));
#28899=IFCDIRECTION((0.,0.,1.));
#28900=IFCDIRECTION((3.13916473260163E-07,0.999999999999951,0.));
#28901=IFCAXIS2PLACEMENT3D(#28898,#28899,#28900);
#28902=IFCLOCALPLACEMENT(#2111,#28901);
#28903=IFCCARTESIANPOINT((31.4157810211182,28.1204643249512,5.96046447809417E-07));
#28904=IFCDIRECTION((0.,0.,1.));
#28905=IFCDIRECTION((-5.2054855359522E-07,-0.999999999999865,0.));
#28906=IFCAXIS2PLACEMENT3D(#28903,#28904,#28905);
#28907=IFCLOCALPLACEMENT(#2111,#28906);
#28908=IFCCARTESIANPOINT((36.0621070861816,26.7082481384277,1.49011611993988E-07));
#28909=IFCDIRECTION((0.999999999999959,2.82129974493716E-07,-4.37113882867362E-08));
#28910=IFCDIRECTION((-2.82129974493716E-07,0.999999999999958,-5.96046518808155E-08));
#28911=IFCAXIS2PLACEMENT3D(#28908,#28909,#28910);
#28912=IFCLOCALPLACEMENT(#2111,#28911);
#28913=IFCCARTESIANPOINT((40.9239234924316,26.7082481384277,5.96046447809417E-07));
#28914=IFCDIRECTION((0.,0.,1.));
#28915=IFCDIRECTION((3.13916473260163E-07,0.999999999999951,0.));
#28916=IFCAXIS2PLACEMENT3D(#28913,#28914,#28915);
#28917=IFCLOCALPLACEMENT(#2111,#28916);
#28918=IFCCARTESIANPOINT((40.9239234924316,28.7370891571045,5.96046447809417E-07));
#28919=IFCDIRECTION((0.,0.,1.));
#28920=IFCDIRECTION((-0.999999999999989,1.50995802528085E-07,0.));
#28921=IFCAXIS2PLACEMENT3D(#28918,#28919,#28920);
#28922=IFCLOCALPLACEMENT(#2111,#28921);
#28923=IFCCARTESIANPOINT((42.3870162963867,33.9729385375977,1.49011611993988E-07));
#28924=IFCDIRECTION((2.384185648907E-07,-0.999999999999969,7.5497901264041E-08));
#28925=IFCDIRECTION((0.99999999999997,2.38418564890701E-07,-5.96046447753888E-08));
#28926=IFCAXIS2PLACEMENT3D(#28923,#28924,#28925);
#28927=IFCLOCALPLACEMENT(#2111,#28926);
#28928=IFCCARTESIANPOINT((38.6743774414062,26.753231048584,5.96046447809417E-07));
#28929=IFCDIRECTION((0.,0.,1.));
#28930=IFCDIRECTION((-0.999999999999989,-1.50995802528085E-07,0.));
#28931=IFCAXIS2PLACEMENT3D(#28928,#28929,#28930);
#28932=IFCLOCALPLACEMENT(#2111,#28931);
#28933=IFCCARTESIANPOINT((42.9870185852051,34.5457534790039,0.750000655651093));
#28934=IFCDIRECTION((0.,0.,1.));
#28935=IFCDIRECTION((1.94707183709394E-07,-0.999999999999981,0.));
#28936=IFCAXIS2PLACEMENT3D(#28933,#28934,#28935);
#28937=IFCLOCALPLACEMENT(#2111,#28936);
#28938=IFCCARTESIANPOINT((52.857349395752,29.6174373626709,0.750000655651093));
#28939=IFCDIRECTION((0.,0.,1.));
#28940=IFCDIRECTION((1.94707183709394E-07,-0.999999999999981,0.));
#28941=IFCAXIS2PLACEMENT3D(#28938,#28939,#28940);
#28942=IFCLOCALPLACEMENT(#2111,#28941);
#28943=IFCCARTESIANPOINT((52.857349395752,28.7969760894775,0.750000655651093));
#28944=IFCDIRECTION((0.,0.,1.));
#28945=IFCDIRECTION((1.94707183709394E-07,-0.999999999999981,0.));
#28946=IFCAXIS2PLACEMENT3D(#28943,#28944,#28945);
#28947=IFCLOCALPLACEMENT(#2111,#28946);
#28948=IFCCARTESIANPOINT((53.1317863464355,26.7082443237305,5.96046447809417E-07));
#28949=IFCDIRECTION((0.,0.,1.));
#28950=IFCDIRECTION((3.13916473260163E-07,0.999999999999951,0.));
#28951=IFCAXIS2PLACEMENT3D(#28948,#28949,#28950);
#28952=IFCLOCALPLACEMENT(#2111,#28951);
#28953=IFCCARTESIANPOINT((54.831787109375,31.1127300262451,5.96046447809417E-07));
#28954=IFCDIRECTION((0.,0.,1.));
#28955=IFCDIRECTION((3.13916473260163E-07,0.999999999999951,0.));
#28956=IFCAXIS2PLACEMENT3D(#28953,#28954,#28955);
#28957=IFCLOCALPLACEMENT(#2111,#28956);
#28958=IFCCARTESIANPOINT((38.2239227294922,26.7082481384277,5.96046447809417E-07));
#28959=IFCDIRECTION((0.,0.,1.));
#28960=IFCDIRECTION((3.13916473260163E-07,0.999999999999951,0.));
#28961=IFCAXIS2PLACEMENT3D(#28958,#28959,#28960);
#28962=IFCLOCALPLACEMENT(#2111,#28961);
#28963=IFCCARTESIANPOINT((0.999998036524662,0.178795174755713,0.));
#28964=IFCDIRECTION((0.,0.,1.));
#28965=IFCDIRECTION((-1.,-3.1786498766448E-08,0.));
#28966=IFCAXIS2PLACEMENT3D(#28963,#28964,#28965);
#28967=IFCLOCALPLACEMENT(#24781,#28966);
#28968=IFCCARTESIANPOINT((40.9239234924316,29.1535511016846,5.96046447809417E-07));
#28969=IFCDIRECTION((0.,0.,1.));
#28970=IFCDIRECTION((3.13916473260163E-07,0.999999999999951,0.));
#28971=IFCAXIS2PLACEMENT3D(#28968,#28969,#28970);
#28972=IFCLOCALPLACEMENT(#2111,#28971);
#28973=IFCCARTESIANPOINT((1.79057901306123E-06,-1.63778426554018E-06,0.));
#28974=IFCDIRECTION((0.,0.,1.));
#28975=IFCDIRECTION((1.,1.05879118406788E-22,0.));
#28976=IFCAXIS2PLACEMENT3D(#28973,#28974,#28975);
#28977=IFCLOCALPLACEMENT(#23341,#28976);
#28978=IFCCARTESIANPOINT((1.16769573565989E-07,1.6377847913418E-06,0.));
#28979=IFCDIRECTION((0.,0.,1.));
#28980=IFCDIRECTION((1.,5.29395592033938E-23,0.));
#28981=IFCAXIS2PLACEMENT3D(#28978,#28979,#28980);
#28982=IFCLOCALPLACEMENT(#23356,#28981);
#28983=IFCCARTESIANPOINT((61.619384765625,32.8127288818359,5.96046447809417E-07));
#28984=IFCDIRECTION((0.,0.,1.));
#28985=IFCDIRECTION((-0.999999999999989,1.50995802528085E-07,0.));
#28986=IFCAXIS2PLACEMENT3D(#28983,#28984,#28985);
#28987=IFCLOCALPLACEMENT(#2111,#28986);
#28988=IFCCARTESIANPOINT((36.0696678161621,29.555212020874,1.49011611993988E-07));
#28989=IFCDIRECTION((2.384185648907E-07,-0.999999999999969,7.5497901264041E-08));
#28990=IFCDIRECTION((0.99999999999997,2.38418564890701E-07,-5.96046447753888E-08));
#28991=IFCAXIS2PLACEMENT3D(#28988,#28989,#28990);
#28992=IFCLOCALPLACEMENT(#2111,#28991);
#28993=IFCCARTESIANPOINT((61.6193885803223,37.7782745361328,5.96046447809417E-07));
#28994=IFCDIRECTION((0.,0.,1.));
#28995=IFCDIRECTION((-0.999999999999989,1.50995802528085E-07,0.));
#28996=IFCAXIS2PLACEMENT3D(#28993,#28994,#28995);
#28997=IFCLOCALPLACEMENT(#2111,#28996);
#28998=IFCCARTESIANPOINT((-9.21388597419082E-07,4.11668885647032E-06,0.));
#28999=IFCDIRECTION((0.,0.,1.));
#29000=IFCDIRECTION((1.,0.,0.));
#29001=IFCAXIS2PLACEMENT3D(#28998,#28999,#29000);
#29002=IFCLOCALPLACEMENT(#21450,#29001);
#29003=IFCCARTESIANPOINT((51.3641471862793,33.7963409423828,6.55651092584808E-07));
#29004=IFCDIRECTION((0.,0.,1.));
#29005=IFCDIRECTION((-0.999999999999924,-3.89414367418765E-07,0.));
#29006=IFCAXIS2PLACEMENT3D(#29003,#29004,#29005);
#29007=IFCLOCALPLACEMENT(#2111,#29006);
#29008=IFCCARTESIANPOINT((51.1317863464355,31.1127300262451,5.96046447809417E-07));
#29009=IFCDIRECTION((0.,0.,1.));
#29010=IFCDIRECTION((-2.82129974493717E-07,-0.99999999999996,0.));
#29011=IFCAXIS2PLACEMENT3D(#29008,#29009,#29010);
#29012=IFCLOCALPLACEMENT(#2111,#29011);
#29013=IFCCARTESIANPOINT((1.62420658256224E-07,-5.38402204597332E-07,0.));
#29014=IFCDIRECTION((0.,0.,1.));
#29015=IFCDIRECTION((1.,1.05879118406788E-22,0.));
#29016=IFCAXIS2PLACEMENT3D(#29013,#29014,#29015);
#29017=IFCLOCALPLACEMENT(#20098,#29016);
#29018=IFCCARTESIANPOINT((53.1317825317383,31.1127300262451,5.96046447809417E-07));
#29019=IFCDIRECTION((0.,0.,1.));
#29020=IFCDIRECTION((-0.999999999999989,1.50995802528085E-07,0.));
#29021=IFCAXIS2PLACEMENT3D(#29018,#29019,#29020);
#29022=IFCLOCALPLACEMENT(#2111,#29021);
#29023=IFCCARTESIANPOINT((58.098258972168,26.7082443237305,5.96046447809417E-07));
#29024=IFCDIRECTION((0.,0.,1.));
#29025=IFCDIRECTION((3.13916473260163E-07,0.999999999999951,0.));
#29026=IFCAXIS2PLACEMENT3D(#29023,#29024,#29025);
#29027=IFCLOCALPLACEMENT(#2111,#29026);
#29028=IFCCARTESIANPOINT((-1.78511509574264E-07,-7.105427357601E-15,0.));
#29029=IFCDIRECTION((0.,0.,1.));
#29030=IFCDIRECTION((1.,0.,0.));
#29031=IFCAXIS2PLACEMENT3D(#29028,#29029,#29030);
#29032=IFCLOCALPLACEMENT(#19312,#29031);
#29033=IFCCARTESIANPOINT((55.331787109375,32.7963409423828,5.96046447809417E-07));
#29034=IFCDIRECTION((0.,0.,1.));
#29035=IFCDIRECTION((-0.999999999999989,1.50995802528085E-07,0.));
#29036=IFCAXIS2PLACEMENT3D(#29033,#29034,#29035);
#29037=IFCLOCALPLACEMENT(#2111,#29036);
#29038=IFCCARTESIANPOINT((58.098258972168,31.1127300262451,5.96046447809417E-07));
#29039=IFCDIRECTION((0.,0.,1.));
#29040=IFCDIRECTION((-0.999999999999989,1.50995802528085E-07,0.));
#29041=IFCAXIS2PLACEMENT3D(#29038,#29039,#29040);
#29042=IFCLOCALPLACEMENT(#2111,#29041);
#29043=IFCCARTESIANPOINT((1.10099626482452E-06,3.57513695092848E-07,0.));
#29044=IFCDIRECTION((0.,0.,1.));
#29045=IFCDIRECTION((1.,-2.64697796016969E-23,0.));
#29046=IFCAXIS2PLACEMENT3D(#29043,#29044,#29045);
#29047=IFCLOCALPLACEMENT(#19589,#29046);
#29048=IFCCARTESIANPOINT((32.324333190918,27.9458827972412,0.00427401065826422));
#29049=IFCDIRECTION((0.,0.,1.));
#29050=IFCDIRECTION((5.52335052361657E-07,0.999999999999847,0.));
#29051=IFCAXIS2PLACEMENT3D(#29048,#29049,#29050);
#29052=IFCLOCALPLACEMENT(#2111,#29051);
#29053=IFCCARTESIANPOINT((38.2239189147949,29.1415920257568,5.96046447809417E-07));
#29054=IFCDIRECTION((0.,0.,1.));
#29055=IFCDIRECTION((3.13916473260163E-07,0.999999999999951,0.));
#29056=IFCAXIS2PLACEMENT3D(#29053,#29054,#29055);
#29057=IFCLOCALPLACEMENT(#2111,#29056);
#29058=IFCCARTESIANPOINT((5.66245454081127E-07,-9.39921243059416E-07,0.));
#29059=IFCDIRECTION((0.,0.,1.));
#29060=IFCDIRECTION((1.,5.29395592033938E-23,0.));
#29061=IFCAXIS2PLACEMENT3D(#29058,#29059,#29060);
#29062=IFCLOCALPLACEMENT(#24405,#29061);
#29063=IFCCARTESIANPOINT((48.4198570251465,27.6799507141113,-0.445725965313613));
#29064=IFCDIRECTION((0.,0.,1.));
#29065=IFCDIRECTION((7.54979012640431E-08,0.999999999999997,0.));
#29066=IFCAXIS2PLACEMENT3D(#29063,#29064,#29065);
#29067=IFCLOCALPLACEMENT(#2111,#29066);
#29068=IFCCARTESIANPOINT((48.4198570251465,28.9600505828857,-0.445725965313613));
#29069=IFCDIRECTION((0.,0.,1.));
#29070=IFCDIRECTION((7.54979012640431E-08,0.999999999999997,0.));
#29071=IFCAXIS2PLACEMENT3D(#29068,#29069,#29070);
#29072=IFCLOCALPLACEMENT(#2111,#29071);
#29073=IFCCARTESIANPOINT((48.4198570251465,30.2442302703857,-0.445725965313613));
#29074=IFCDIRECTION((0.,0.,1.));
#29075=IFCDIRECTION((7.54979012640431E-08,0.999999999999997,0.));
#29076=IFCAXIS2PLACEMENT3D(#29073,#29074,#29075);
#29077=IFCLOCALPLACEMENT(#2111,#29076);
#29078=IFCCARTESIANPOINT((47.4567184448242,28.3686504364014,-0.445725965313613));
#29079=IFCDIRECTION((0.,0.,1.));
#29080=IFCDIRECTION((7.54979012640431E-08,0.999999999999997,0.));
#29081=IFCAXIS2PLACEMENT3D(#29078,#29079,#29080);
#29082=IFCLOCALPLACEMENT(#2111,#29081);
#29083=IFCCARTESIANPOINT((47.4567184448242,29.6528301239014,-0.445725965313613));
#29084=IFCDIRECTION((0.,0.,1.));
#29085=IFCDIRECTION((7.54979012640431E-08,0.999999999999997,0.));
#29086=IFCAXIS2PLACEMENT3D(#29083,#29084,#29085);
#29087=IFCLOCALPLACEMENT(#2111,#29086);
#29088=IFCCARTESIANPOINT((55.3004379272461,31.8627033233643,0.00427424907684332));
#29089=IFCDIRECTION((0.,0.,1.));
#29090=IFCDIRECTION((0.0828410752835841,0.996562770850818,0.));
#29091=IFCAXIS2PLACEMENT3D(#29088,#29089,#29090);
#29092=IFCLOCALPLACEMENT(#2111,#29091);
#29093=IFCCARTESIANPOINT((42.9870109558105,34.1729354858398,5.96046447809417E-07));
#29094=IFCDIRECTION((0.,0.,1.));
#29095=IFCDIRECTION((-0.999999999999989,1.50995802528085E-07,0.));
#29096=IFCAXIS2PLACEMENT3D(#29093,#29094,#29095);
#29097=IFCLOCALPLACEMENT(#2111,#29096);
#29098=IFCCARTESIANPOINT((1.80303958785544E-06,3.88581062793492E-06,0.));
#29099=IFCDIRECTION((0.,0.,1.));
#29100=IFCDIRECTION((1.,5.29395592033938E-23,0.));
#29101=IFCAXIS2PLACEMENT3D(#29098,#29099,#29100);
#29102=IFCLOCALPLACEMENT(#23420,#29101);
#29103=IFCCARTESIANPOINT((40.9239234924316,30.8565044403076,5.96046447809417E-07));
#29104=IFCDIRECTION((0.,0.,1.));
#29105=IFCDIRECTION((-0.999999999999989,1.50995802528085E-07,0.));
#29106=IFCAXIS2PLACEMENT3D(#29103,#29104,#29105);
#29107=IFCLOCALPLACEMENT(#2111,#29106);
#29108=IFCCARTESIANPOINT((-1.51257516733949E-06,-3.76483317410248E-07,0.));
#29109=IFCDIRECTION((0.,0.,1.));
#29110=IFCDIRECTION((1.,-5.29395592033938E-23,0.));
#29111=IFCAXIS2PLACEMENT3D(#29108,#29109,#29110);
#29112=IFCLOCALPLACEMENT(#20855,#29111);
ENDSEC;
END-ISO-10303-21;
